cell_id,latitude,longitude,geology_class,lithology,host_rock,metallogenesis,morphogenesis,fault_distance_km,lineament_distance_km,contact_distance_km,elevation_m,slope_deg,aspect_deg,ndvi,bsi,swir1,swir2,mn_occurrence,synthetic_demo
GRID_0001,21.418359,79.566388,Gneiss,Gneiss,Gneiss,Other,Mixed Terrain,1.414,1.812,0.259,480.29,11.05,331.45,0.4533,0.3004,0.0799,0.1478,0,1
GRID_0002,21.908107,79.54577,Other Metasedimentary,Quartzite,Quartzite,Stratiform/Stratabound,Metamorphic Terrain,2.599,0.784,2.844,404.62,3.99,276.26,0.6775,0.1355,0.1637,0.2198,1,1
GRID_0003,21.722195,80.468756,Alluvium,Alluvium,Alluvium,Other,Mixed Terrain,4.544,3.266,5.139,359.13,11.34,50.45,0.539,0.1334,0.2358,0.1569,0,1
GRID_0004,21.60886,79.549365,Sausar Group,Quartzite,Quartzite,Stratiform/Stratabound,Metamorphic Terrain,7.1,1.223,0.539,321.77,5.77,78.76,0.3432,0.2247,0.2343,0.3083,0,1
GRID_0005,21.232616,79.58073,Sausar Group,Marble,Marble,Stratiform/Stratabound,Metamorphic Terrain,2.799,0.386,1.427,531.7,11.17,231.84,0.546,0.2917,0.1458,0.2432,1,1
GRID_0006,21.232595,80.263158,Sausar Group,Quartzite,Quartzite,Stratiform/Stratabound,Metamorphic Terrain,0.299,0.893,0.156,326.3,6.97,331.76,0.492,0.1799,0.2386,0.1465,1,1
GRID_0007,21.149371,79.829636,Granite,Granite,Granite,Other,Mixed Terrain,1.731,1.242,0.236,493.69,11.8,160.5,0.1842,0.4014,0.2775,0.1699,1,1
GRID_0008,21.83625,80.287395,Granite,Granite,Granite,Other,Mixed Terrain,2.017,1.918,0.719,356.76,4.83,174.83,0.1998,0.133,0.3303,0.1716,0,1
GRID_0009,21.610948,79.291513,Gneiss,Gneiss,Gneiss,Other,Mixed Terrain,5.541,6.318,0.867,545.38,5.06,85.61,0.4839,0.3526,0.2546,0.135,0,1
GRID_0010,21.701862,79.8826,Sausar Group,Quartzite,Quartzite,Stratiform/Stratabound,Metamorphic Terrain,1.907,2.651,0.637,394.32,6.18,137.88,0.1466,0.2542,0.1764,0.2333,1,1
GRID_0011,21.117497,79.247059,Sausar Group,Marble,Marble,Stratiform/Stratabound,Metamorphic Terrain,9.144,0.297,1.028,458.53,11.34,102.97,0.5909,0.2741,0.28,0.1276,1,1
GRID_0012,21.924423,79.287714,Granite,Granite,Granite,Other,Mixed Terrain,1.069,3.636,1.9,381.87,3.67,126.21,0.2091,0.0175,0.2882,0.1744,0,1
GRID_0013,21.807576,80.469012,Gneiss,Gneiss,Gneiss,Other,Mixed Terrain,0.859,2.027,1.179,250.0,5.69,7.42,0.5773,0.3503,0.2286,0.1338,0,1
GRID_0014,21.280488,79.394944,Sausar Group,Mica Schist,Mica Schist,Stratiform/Stratabound,Metamorphic Terrain,3.874,1.76,1.682,288.26,7.0,14.78,0.6578,0.1968,0.2137,0.1472,1,1
GRID_0015,21.254551,79.945389,Gneiss,Gneiss,Gneiss,Other,Mixed Terrain,2.324,2.445,0.337,268.66,9.6,245.05,0.5083,0.5037,0.2079,0.2261,0,1
GRID_0016,21.255894,79.775534,Sausar Group,Mica Schist,Mica Schist,Stratiform/Stratabound,Metamorphic Terrain,1.062,1.948,1.032,451.58,6.42,245.45,0.02,0.216,0.2839,0.2207,1,1
GRID_0017,21.358606,79.686281,Other Metasedimentary,Quartzite,Quartzite,Stratiform/Stratabound,Metamorphic Terrain,0.646,0.229,3.82,427.56,10.31,118.88,0.6093,0.1772,0.2301,0.159,1,1
GRID_0018,21.546043,80.459767,Other Metasedimentary,Quartzite,Quartzite,Stratiform/Stratabound,Metamorphic Terrain,1.819,3.686,0.57,480.55,5.01,318.77,0.3602,0.108,0.2634,0.2482,1,1
GRID_0019,21.467153,79.230553,Sausar Group,Marble,Marble,Stratiform/Stratabound,Metamorphic Terrain,7.671,0.205,1.379,372.27,11.96,95.8,0.4208,0.1807,0.1878,0.2144,1,1
GRID_0020,21.347545,80.129306,Sausar Group,Marble,Marble,Stratiform/Stratabound,Metamorphic Terrain,0.493,2.766,1.444,250.0,11.03,142.48,0.3111,0.3776,0.2451,0.187,1,1
GRID_0021,21.620075,80.548752,Granite,Granite,Granite,Other,Mixed Terrain,2.565,1.067,0.486,540.66,5.71,263.3,0.6991,0.2896,0.1629,0.2345,0,1
GRID_0022,21.21857,79.984235,Sausar Group,Mica Schist,Mica Schist,Stratiform/Stratabound,Metamorphic Terrain,1.934,0.703,0.306,514.15,10.88,267.68,0.4584,0.2213,0.1991,0.2651,1,1
GRID_0023,21.348323,80.511551,Gneiss,Gneiss,Gneiss,Other,Mixed Terrain,1.621,5.17,1.091,461.78,3.63,310.02,0.365,0.2998,0.2433,0.2064,1,1
GRID_0024,21.411408,79.273161,Other Metasedimentary,Schist,Schist,Stratiform/Stratabound,Metamorphic Terrain,5.307,2.137,1.084,524.42,8.65,10.46,0.6443,0.1181,0.188,0.1964,0,1
GRID_0025,21.487659,79.786311,Gneiss,Gneiss,Gneiss,Other,Mixed Terrain,5.547,2.739,0.842,421.36,4.84,66.15,0.5707,0.1073,0.2122,0.0648,1,1
GRID_0026,21.7674,79.564221,Other Metasedimentary,Quartzite,Quartzite,Stratiform/Stratabound,Metamorphic Terrain,1.587,1.34,5.812,452.54,9.25,230.61,0.2488,0.0922,0.2932,0.1957,1,1
GRID_0027,21.269723,80.223149,Granite,Granite,Granite,Other,Mixed Terrain,2.843,3.213,0.438,370.19,7.32,121.75,0.4834,0.3183,0.2192,0.2079,0,1
GRID_0028,21.537099,80.573816,Sausar Group,Schist,Schist,Stratiform/Stratabound,Metamorphic Terrain,5.313,0.946,0.994,338.99,4.96,15.68,0.4652,0.3323,0.2145,0.1989,0,1
GRID_0029,21.603552,79.559142,Alluvium,Alluvium,Alluvium,Other,Mixed Terrain,3.533,2.924,3.12,295.98,1.71,211.13,0.1945,0.0682,0.1778,0.1259,1,1
GRID_0030,21.139483,80.115844,Granite,Granite,Granite,Other,Mixed Terrain,1.733,2.331,0.255,366.02,7.14,141.51,0.5623,0.0855,0.2035,0.1388,0,1
GRID_0031,21.616413,79.477337,Gneiss,Gneiss,Gneiss,Other,Mixed Terrain,10.0,2.042,1.328,656.27,12.77,131.07,0.4254,0.161,0.2396,0.2233,0,1
GRID_0032,21.244946,79.991462,Sausar Group,Schist,Schist,Stratiform/Stratabound,Metamorphic Terrain,6.707,1.157,0.723,300.78,9.14,95.17,0.7742,0.0368,0.2843,0.1567,1,1
GRID_0033,21.155294,79.849505,Sausar Group,Marble,Marble,Stratiform/Stratabound,Metamorphic Terrain,0.915,2.208,1.126,350.3,1.74,2.16,0.6556,0.213,0.1325,0.1907,1,1
GRID_0034,21.906553,80.560807,Other Metasedimentary,Quartzite,Quartzite,Stratiform/Stratabound,Metamorphic Terrain,3.706,1.605,1.838,439.61,7.07,65.65,0.4655,0.381,0.2963,0.0538,0,1
GRID_0035,21.920787,80.051938,Sausar Group,Quartzite,Quartzite,Stratiform/Stratabound,Metamorphic Terrain,0.453,1.274,0.161,633.78,12.75,170.72,0.416,0.2315,0.2133,0.1791,1,1
GRID_0036,21.787138,79.689309,Other Metasedimentary,Phyllite,Phyllite,Stratiform/Stratabound,Metamorphic Terrain,1.36,2.892,2.23,340.78,6.76,99.27,0.1028,0.3238,0.2334,0.2284,0,1
GRID_0037,21.358922,79.359734,Other Metasedimentary,Schist,Schist,Stratiform/Stratabound,Metamorphic Terrain,1.086,0.925,1.438,376.57,4.11,314.78,0.5648,-0.0049,0.2893,0.1981,1,1
GRID_0038,21.183021,79.411746,Alluvium,Alluvium,Alluvium,Other,Mixed Terrain,5.744,0.333,0.531,487.08,14.99,51.48,0.4191,0.1095,0.3957,0.1716,0,1
GRID_0039,21.681598,79.515444,Gneiss,Gneiss,Gneiss,Other,Mixed Terrain,4.913,0.513,0.631,482.27,3.68,315.12,0.3552,-0.0855,0.2781,0.117,1,1
GRID_0040,21.47413,79.551353,Gneiss,Gneiss,Gneiss,Other,Mixed Terrain,1.846,3.417,0.192,370.97,7.09,145.74,0.4334,0.1713,0.2056,0.0724,0,1
GRID_0041,21.203732,80.390862,Other Metasedimentary,Phyllite,Phyllite,Stratiform/Stratabound,Metamorphic Terrain,1.18,1.81,1.143,359.11,5.54,99.3,0.6785,0.4855,0.253,0.1331,0,1
GRID_0042,21.5209,79.985712,Sausar Group,Mica Schist,Mica Schist,Stratiform/Stratabound,Metamorphic Terrain,1.238,2.303,1.11,468.07,10.61,109.55,0.6483,0.4279,0.2695,0.2424,1,1
GRID_0043,21.12923,79.932747,Granite,Granite,Granite,Other,Mixed Terrain,0.571,1.428,0.827,404.18,9.93,118.83,0.6479,0.2341,0.1418,0.1767,0,1
GRID_0044,21.872922,79.360676,Gneiss,Gneiss,Gneiss,Other,Mixed Terrain,1.808,1.639,0.683,454.44,4.42,182.36,0.2639,0.1913,0.1641,0.2214,0,1
GRID_0045,21.319963,80.404196,Granite,Granite,Granite,Other,Mixed Terrain,3.303,3.372,3.816,415.61,5.2,127.4,0.6827,0.2473,0.2682,0.2661,0,1
GRID_0046,21.663144,80.21194,Granite,Granite,Granite,Other,Mixed Terrain,1.164,4.187,1.811,459.86,8.56,232.99,0.3516,0.015,0.277,0.1875,0,1
GRID_0047,21.364954,79.294736,Sausar Group,Quartzite,Quartzite,Stratiform/Stratabound,Metamorphic Terrain,4.457,2.654,0.578,468.66,8.87,153.06,0.5494,0.2142,0.2665,0.2307,1,1
GRID_0048,21.542058,80.190969,Gneiss,Gneiss,Gneiss,Other,Mixed Terrain,2.754,2.434,0.889,264.44,7.08,241.79,0.5304,-0.1202,0.2856,0.2481,0,1
GRID_0049,21.564704,79.960954,Other Metasedimentary,Phyllite,Phyllite,Stratiform/Stratabound,Metamorphic Terrain,2.477,0.755,0.805,390.64,6.77,217.59,0.4074,-0.1779,0.2141,0.096,1,1
GRID_0050,21.257126,79.314415,Sausar Group,Quartzite,Quartzite,Stratiform/Stratabound,Metamorphic Terrain,1.564,2.432,0.614,458.36,3.09,88.0,0.4643,0.1315,0.3156,0.1343,0,1
GRID_0051,21.924147,79.841621,Other Metasedimentary,Schist,Schist,Stratiform/Stratabound,Metamorphic Terrain,5.028,1.164,1.404,498.9,15.4,292.6,0.1671,0.5123,0.3675,0.079,0,1
GRID_0052,21.758863,79.878575,Gneiss,Gneiss,Gneiss,Other,Mixed Terrain,2.629,3.11,1.645,401.78,10.55,287.63,0.4394,0.4133,0.1949,0.0708,0,1
GRID_0053,21.898574,79.432084,Other Metasedimentary,Quartzite,Quartzite,Stratiform/Stratabound,Metamorphic Terrain,2.28,1.889,0.905,273.21,8.02,356.03,0.3923,0.3403,0.1519,0.1501,1,1
GRID_0054,21.860603,80.523977,Gneiss,Gneiss,Gneiss,Other,Mixed Terrain,2.03,0.166,0.247,536.17,11.9,63.02,0.7814,0.1824,0.2349,0.1647,0,1
GRID_0055,21.608215,80.389966,Alluvium,Alluvium,Alluvium,Other,Mixed Terrain,1.096,4.948,2.22,502.73,7.18,305.22,0.4346,0.3983,0.3015,0.0677,0,1
GRID_0056,21.883593,80.136631,Sausar Group,Mica Schist,Mica Schist,Stratiform/Stratabound,Metamorphic Terrain,3.497,2.758,0.197,438.96,4.74,313.91,0.3157,0.1083,0.2863,0.2073,1,1
GRID_0057,21.175219,79.847214,Other Metasedimentary,Schist,Schist,Stratiform/Stratabound,Metamorphic Terrain,3.153,5.804,0.826,390.52,9.38,231.18,0.4484,0.0143,0.25,0.1508,1,1
GRID_0058,21.266585,79.776472,Sausar Group,Mica Schist,Mica Schist,Stratiform/Stratabound,Metamorphic Terrain,1.47,1.954,1.082,481.03,8.56,182.3,0.3225,0.1001,0.0782,0.2661,1,1
GRID_0059,21.138443,80.111363,Other Metasedimentary,Schist,Schist,Stratiform/Stratabound,Metamorphic Terrain,3.238,1.616,0.44,391.33,14.73,344.61,0.203,-0.0449,0.1915,0.191,0,1
GRID_0060,21.376531,79.963605,Other Metasedimentary,Quartzite,Quartzite,Stratiform/Stratabound,Metamorphic Terrain,3.755,0.759,0.359,504.46,5.05,350.17,0.4959,0.4973,0.3173,0.1906,1,1
GRID_0061,21.430376,79.287182,Sausar Group,Quartzite,Quartzite,Stratiform/Stratabound,Metamorphic Terrain,1.433,0.893,0.82,582.72,4.15,231.01,0.4312,0.256,0.1178,0.1677,1,1
GRID_0062,21.330647,79.917504,Sausar Group,Schist,Schist,Stratiform/Stratabound,Metamorphic Terrain,3.0,2.804,2.387,388.55,16.4,129.44,0.5889,0.0581,0.2414,0.1728,0,1
GRID_0063,21.804427,80.328965,Alluvium,Alluvium,Alluvium,Other,Mixed Terrain,1.653,2.316,1.647,496.34,12.74,294.18,0.663,0.1689,0.1999,0.2022,0,1
GRID_0064,21.40324,79.842936,Sausar Group,Marble,Marble,Stratiform/Stratabound,Metamorphic Terrain,1.649,1.306,3.48,374.31,10.55,32.13,0.7323,0.1646,0.2858,0.2343,1,1
GRID_0065,21.338794,79.272739,Other Metasedimentary,Quartzite,Quartzite,Stratiform/Stratabound,Metamorphic Terrain,2.607,1.687,1.36,517.33,5.27,104.61,0.4668,0.3809,0.1233,0.1,1,1
GRID_0066,21.561292,80.300789,Sausar Group,Schist,Schist,Stratiform/Stratabound,Metamorphic Terrain,1.347,1.376,3.965,409.05,9.67,354.8,0.5406,0.4934,0.2189,0.1298,1,1
GRID_0067,21.219786,79.481909,Sausar Group,Mica Schist,Mica Schist,Stratiform/Stratabound,Metamorphic Terrain,2.411,2.007,2.975,553.07,2.84,293.16,0.475,0.3319,0.251,0.1976,1,1
GRID_0068,21.781867,79.562069,Other Metasedimentary,Schist,Schist,Stratiform/Stratabound,Metamorphic Terrain,3.256,0.875,1.222,406.4,5.95,338.25,0.0589,0.2839,0.2154,0.1777,1,1
GRID_0069,21.163368,79.430589,Gneiss,Gneiss,Gneiss,Other,Mixed Terrain,0.563,2.448,2.465,353.69,3.35,214.13,0.6278,0.2247,0.2822,0.2275,0,1
GRID_0070,21.938854,79.662301,Other Metasedimentary,Phyllite,Phyllite,Stratiform/Stratabound,Metamorphic Terrain,3.808,0.468,4.275,401.58,4.99,146.76,0.5173,0.1962,0.1321,0.1397,0,1
GRID_0071,21.756408,80.259452,Sausar Group,Mica Schist,Mica Schist,Stratiform/Stratabound,Metamorphic Terrain,5.399,1.309,2.05,411.04,3.23,352.69,0.5195,0.1929,0.1615,0.2558,1,1
GRID_0072,21.268908,79.92714,Gneiss,Gneiss,Gneiss,Other,Mixed Terrain,3.18,1.047,0.497,450.09,10.78,111.39,0.348,0.1959,0.2171,0.149,1,1
GRID_0073,21.104694,79.486834,Gneiss,Gneiss,Gneiss,Other,Mixed Terrain,4.098,3.041,0.666,402.05,15.15,272.67,0.3271,0.1523,0.2636,0.161,0,1
GRID_0074,21.793142,80.428962,Gneiss,Gneiss,Gneiss,Other,Mixed Terrain,0.412,2.465,2.517,450.87,11.91,200.95,0.4191,0.1172,0.2759,0.2457,1,1
GRID_0075,21.700829,80.431415,Gneiss,Gneiss,Gneiss,Other,Mixed Terrain,8.833,1.598,0.352,452.37,11.0,82.26,0.5193,0.0316,0.2521,0.2143,0,1
GRID_0076,21.719656,80.41881,Gneiss,Gneiss,Gneiss,Other,Mixed Terrain,5.074,1.773,2.436,393.67,6.66,6.29,0.1176,0.1471,0.1756,0.2989,0,1
GRID_0077,21.75558,79.534315,Granite,Granite,Granite,Other,Mixed Terrain,2.702,3.356,1.899,457.91,8.77,138.16,0.4624,-0.0036,0.1982,0.2369,0,1
GRID_0078,21.162938,79.831735,Sausar Group,Quartzite,Quartzite,Stratiform/Stratabound,Metamorphic Terrain,4.917,4.228,0.751,380.17,3.71,197.17,0.7002,0.1011,0.3174,0.2574,0,1
GRID_0079,21.404696,80.578986,Alluvium,Alluvium,Alluvium,Other,Mixed Terrain,0.851,6.59,3.161,599.98,2.8,65.95,0.409,0.1646,0.3815,0.1622,0,1
GRID_0080,21.198489,80.280817,Sausar Group,Mica Schist,Mica Schist,Stratiform/Stratabound,Metamorphic Terrain,1.727,0.878,0.123,455.43,2.19,149.24,0.1133,0.2164,0.2826,0.2582,0,1
GRID_0081,21.833638,79.238034,Gneiss,Gneiss,Gneiss,Other,Mixed Terrain,1.789,1.349,2.847,482.05,3.12,221.47,0.3998,0.214,0.2641,0.1841,0,1
GRID_0082,21.629803,79.291286,Sausar Group,Schist,Schist,Stratiform/Stratabound,Metamorphic Terrain,0.576,4.112,2.951,413.4,10.75,257.37,0.4772,0.2492,0.1592,0.0468,1,1
GRID_0083,21.381263,79.849504,Gneiss,Gneiss,Gneiss,Other,Mixed Terrain,5.788,1.476,1.063,368.75,11.19,18.99,0.4902,0.2373,0.2538,0.2085,0,1
GRID_0084,21.154025,80.472908,Alluvium,Alluvium,Alluvium,Other,Mixed Terrain,2.819,1.562,0.607,501.06,4.39,239.11,0.4548,0.4311,0.122,0.2136,1,1
GRID_0085,21.364335,79.954183,Sausar Group,Marble,Marble,Stratiform/Stratabound,Metamorphic Terrain,5.435,7.468,0.22,458.04,9.17,20.4,0.7398,0.4121,0.332,0.1145,0,1
GRID_0086,21.376406,79.896938,Sausar Group,Mica Schist,Mica Schist,Stratiform/Stratabound,Metamorphic Terrain,2.628,3.561,0.488,250.0,12.57,10.15,0.4525,0.1262,0.2792,0.2016,0,1
GRID_0087,21.720165,79.347663,Sausar Group,Schist,Schist,Stratiform/Stratabound,Metamorphic Terrain,1.655,1.039,0.359,593.68,7.39,54.87,0.4607,0.3087,0.236,0.1869,1,1
GRID_0088,21.641924,80.119492,Gneiss,Gneiss,Gneiss,Other,Mixed Terrain,2.431,1.096,1.394,492.72,5.03,235.31,0.3389,0.1554,0.1589,0.2528,1,1
GRID_0089,21.854131,80.350944,Other Metasedimentary,Quartzite,Quartzite,Stratiform/Stratabound,Metamorphic Terrain,1.321,2.228,2.238,397.61,6.33,19.02,0.5811,-0.054,0.2527,0.2063,1,1
GRID_0090,21.501383,79.732588,Sausar Group,Mica Schist,Mica Schist,Stratiform/Stratabound,Metamorphic Terrain,3.443,0.367,0.41,481.48,13.72,7.52,0.7015,0.2731,0.1348,0.18,1,1
GRID_0091,21.201655,80.285857,Alluvium,Alluvium,Alluvium,Other,Mixed Terrain,3.482,3.072,2.016,465.84,7.72,42.47,0.3295,0.1061,0.218,0.1001,0,1
GRID_0092,21.706258,80.550267,Granite,Granite,Granite,Other,Mixed Terrain,1.135,1.368,0.919,472.1,16.54,341.9,0.4126,0.0849,0.2691,0.062,0,1
GRID_0093,21.746667,79.485273,Granite,Granite,Granite,Other,Mixed Terrain,4.02,0.356,0.795,356.0,5.33,326.62,0.058,0.0983,0.1901,0.2559,0,1
GRID_0094,21.577086,79.932661,Other Metasedimentary,Phyllite,Phyllite,Stratiform/Stratabound,Metamorphic Terrain,4.0,5.157,2.665,436.05,5.98,31.13,0.2961,0.0744,0.2372,0.2036,0,1
GRID_0095,21.755322,79.601993,Sausar Group,Mica Schist,Mica Schist,Stratiform/Stratabound,Metamorphic Terrain,1.606,5.422,3.897,455.68,2.38,109.44,0.7451,0.4365,0.4031,0.1656,1,1
GRID_0096,21.519726,80.309996,Granite,Granite,Granite,Other,Mixed Terrain,2.02,0.225,1.933,534.71,12.29,341.03,0.3824,0.0113,0.1148,0.2133,0,1
GRID_0097,21.544323,80.008631,Sausar Group,Schist,Schist,Stratiform/Stratabound,Metamorphic Terrain,3.542,1.122,0.259,438.72,8.38,35.17,0.4663,0.1585,0.1859,0.1658,0,1
GRID_0098,21.46341,80.088415,Sausar Group,Marble,Marble,Stratiform/Stratabound,Metamorphic Terrain,0.753,1.989,1.392,466.65,4.4,34.05,0.3134,-0.0564,0.2219,0.0599,1,1
GRID_0099,21.121606,80.31708,Sausar Group,Mica Schist,Mica Schist,Stratiform/Stratabound,Metamorphic Terrain,4.596,2.403,0.597,352.63,6.57,30.96,0.5017,0.0776,0.2029,0.2408,1,1
GRID_0100,21.191708,79.754359,Sausar Group,Quartzite,Quartzite,Stratiform/Stratabound,Metamorphic Terrain,4.548,3.002,4.488,435.72,9.94,351.53,0.4021,-0.0039,0.2717,0.2484,0,1
GRID_0101,21.126715,80.481126,Gneiss,Gneiss,Gneiss,Other,Mixed Terrain,4.265,1.452,2.073,503.7,4.69,267.52,0.4957,0.2523,0.2778,0.1603,0,1
GRID_0102,21.640949,79.94624,Granite,Granite,Granite,Other,Mixed Terrain,1.547,3.309,0.505,371.84,9.37,77.21,0.4467,-0.0333,0.2432,0.1775,1,1
GRID_0103,21.367203,79.421137,Gneiss,Gneiss,Gneiss,Other,Mixed Terrain,4.314,6.619,0.885,397.01,11.6,16.54,0.6609,0.3803,0.2495,0.1432,0,1
GRID_0104,21.532285,80.174259,Sausar Group,Marble,Marble,Stratiform/Stratabound,Metamorphic Terrain,1.967,1.123,1.118,348.07,6.27,347.49,0.457,-0.004,0.1142,0.2907,1,1
GRID_0105,21.871432,80.310566,Sausar Group,Quartzite,Quartzite,Stratiform/Stratabound,Metamorphic Terrain,4.995,4.654,0.37,314.79,0.55,153.18,0.2965,0.0345,0.2731,0.2522,0,1
GRID_0106,21.311898,79.643466,Gneiss,Gneiss,Gneiss,Other,Mixed Terrain,1.073,2.1,1.296,356.84,6.92,215.42,0.3282,0.2744,0.2535,0.1313,0,1
GRID_0107,21.448825,80.400051,Other Metasedimentary,Schist,Schist,Stratiform/Stratabound,Metamorphic Terrain,2.775,0.287,2.568,477.8,5.98,100.51,0.131,0.443,0.1915,0.2163,1,1
GRID_0108,21.742218,80.468601,Sausar Group,Mica Schist,Mica Schist,Stratiform/Stratabound,Metamorphic Terrain,0.701,0.557,0.167,409.08,3.02,273.01,0.4501,0.1189,0.3533,0.1274,1,1
GRID_0109,21.294478,79.587666,Other Metasedimentary,Quartzite,Quartzite,Stratiform/Stratabound,Metamorphic Terrain,1.401,1.067,0.753,357.12,10.35,70.85,0.4198,0.2632,0.2348,0.1312,1,1
GRID_0110,21.165433,80.57693,Gneiss,Gneiss,Gneiss,Other,Mixed Terrain,1.278,2.098,3.161,615.22,10.5,283.29,0.6721,0.0338,0.2558,0.1534,1,1
GRID_0111,21.346289,79.396996,Gneiss,Gneiss,Gneiss,Other,Mixed Terrain,1.375,0.656,4.255,370.35,8.87,83.02,0.2423,0.1085,0.2371,0.1435,1,1
GRID_0112,21.237038,79.482822,Granite,Granite,Granite,Other,Mixed Terrain,1.126,2.318,1.71,483.09,6.27,35.25,0.3184,0.1648,0.1245,0.0865,0,1
GRID_0113,21.890243,79.457915,Sausar Group,Schist,Schist,Stratiform/Stratabound,Metamorphic Terrain,1.59,1.614,0.454,458.3,8.54,172.38,0.3201,0.0641,0.1691,0.2596,0,1
GRID_0114,21.786902,80.451586,Sausar Group,Mica Schist,Mica Schist,Stratiform/Stratabound,Metamorphic Terrain,1.095,3.604,2.028,451.1,5.4,292.76,0.3894,0.3397,0.2206,0.1927,1,1
GRID_0115,21.638393,80.11601,Gneiss,Gneiss,Gneiss,Other,Mixed Terrain,5.331,2.475,2.282,274.38,10.74,138.55,0.2282,0.2923,0.3087,0.2732,1,1
GRID_0116,21.840742,79.412946,Granite,Granite,Granite,Other,Mixed Terrain,0.659,2.33,1.355,537.96,6.25,10.39,0.3854,0.1056,0.208,0.17,0,1
GRID_0117,21.783121,79.816453,Other Metasedimentary,Schist,Schist,Stratiform/Stratabound,Metamorphic Terrain,2.173,1.386,0.75,457.16,6.99,199.19,0.433,-0.1633,0.2544,0.0919,1,1
GRID_0118,21.258585,80.061417,Granite,Granite,Granite,Other,Mixed Terrain,2.456,2.068,1.925,508.11,7.32,244.97,0.4378,0.0784,0.2718,0.2415,0,1
GRID_0119,21.858675,79.31685,Sausar Group,Quartzite,Quartzite,Stratiform/Stratabound,Metamorphic Terrain,1.171,1.791,1.004,526.79,21.07,266.65,0.6337,0.3563,0.184,0.1957,1,1
GRID_0120,21.558441,80.435383,Alluvium,Alluvium,Alluvium,Other,Mixed Terrain,2.224,1.558,2.048,575.66,3.92,144.69,0.4252,0.1625,0.1745,0.1641,0,1
GRID_0121,21.786324,80.325045,Sausar Group,Schist,Schist,Stratiform/Stratabound,Metamorphic Terrain,5.334,0.782,0.455,345.14,6.12,34.93,0.4214,0.3233,0.1924,0.2523,0,1
GRID_0122,21.861678,79.907289,Granite,Granite,Granite,Other,Mixed Terrain,5.43,3.615,0.5,368.9,1.59,210.36,0.6132,0.4112,0.188,0.0994,0,1
GRID_0123,21.370303,80.553977,Gneiss,Gneiss,Gneiss,Other,Mixed Terrain,2.181,1.989,1.949,380.53,9.02,118.64,0.4296,0.265,0.1639,0.2389,1,1
GRID_0124,21.193544,79.784865,Other Metasedimentary,Phyllite,Phyllite,Stratiform/Stratabound,Metamorphic Terrain,2.59,2.911,0.456,356.37,14.92,340.88,0.2355,0.3382,0.3004,0.2231,1,1
GRID_0125,21.293745,80.577754,Alluvium,Alluvium,Alluvium,Other,Mixed Terrain,5.918,1.99,1.059,542.34,7.08,180.98,0.2576,0.1003,0.281,0.1939,0,1
GRID_0126,21.463042,80.135088,Gneiss,Gneiss,Gneiss,Other,Mixed Terrain,3.029,1.348,0.951,344.73,5.43,170.02,0.2591,0.3429,0.1642,0.0913,0,1
GRID_0127,21.795313,80.08854,Gneiss,Gneiss,Gneiss,Other,Mixed Terrain,4.591,0.829,0.388,397.76,7.76,111.32,0.235,0.1504,0.2517,0.2363,0,1
GRID_0128,21.831621,79.432337,Other Metasedimentary,Schist,Schist,Stratiform/Stratabound,Metamorphic Terrain,0.658,1.688,0.602,291.32,12.14,121.96,0.7497,0.0727,0.2175,0.2247,1,1
GRID_0129,21.105909,80.434699,Sausar Group,Quartzite,Quartzite,Stratiform/Stratabound,Metamorphic Terrain,1.111,2.074,0.108,492.22,13.53,184.59,0.2585,0.476,0.2316,0.196,0,1
GRID_0130,21.534135,79.798486,Sausar Group,Mica Schist,Mica Schist,Stratiform/Stratabound,Metamorphic Terrain,0.737,0.196,1.3,419.15,3.81,110.4,0.4233,0.1772,0.2423,0.1767,1,1
GRID_0131,21.454799,79.427127,Sausar Group,Marble,Marble,Stratiform/Stratabound,Metamorphic Terrain,6.311,3.443,0.345,505.08,10.63,321.23,0.4388,0.0802,0.1364,0.1123,1,1
GRID_0132,21.288792,79.217651,Sausar Group,Mica Schist,Mica Schist,Stratiform/Stratabound,Metamorphic Terrain,1.024,1.573,0.56,489.59,7.59,158.05,0.4017,0.2395,0.1006,0.1128,1,1
GRID_0133,21.201886,79.983658,Gneiss,Gneiss,Gneiss,Other,Mixed Terrain,2.466,2.823,1.689,290.48,13.77,105.13,0.3052,0.028,0.2414,0.1335,0,1
GRID_0134,21.386973,79.938359,Gneiss,Gneiss,Gneiss,Other,Mixed Terrain,2.91,4.139,3.219,445.72,17.18,55.94,0.5028,0.0042,0.2128,0.0855,0,1
GRID_0135,21.901473,80.207095,Gneiss,Gneiss,Gneiss,Other,Mixed Terrain,1.868,1.228,0.864,337.29,15.28,242.05,0.1862,0.1506,0.2244,0.0875,0,1
GRID_0136,21.374722,80.446361,Sausar Group,Marble,Marble,Stratiform/Stratabound,Metamorphic Terrain,0.796,5.17,0.483,442.0,4.06,9.28,0.2595,-0.0216,0.1945,0.1534,1,1
GRID_0137,21.540972,79.311169,Alluvium,Alluvium,Alluvium,Other,Mixed Terrain,6.395,0.969,0.77,380.18,4.63,162.0,0.6095,0.1136,0.2392,0.1,0,1
GRID_0138,21.697566,80.224095,Sausar Group,Mica Schist,Mica Schist,Stratiform/Stratabound,Metamorphic Terrain,3.098,0.848,0.326,585.86,14.78,198.04,0.2544,-0.0036,0.1226,0.1661,1,1
GRID_0139,21.409085,79.462377,Gneiss,Gneiss,Gneiss,Other,Mixed Terrain,4.371,4.662,1.906,656.39,7.58,122.32,0.6376,0.3172,0.2418,0.1839,0,1
GRID_0140,21.926015,80.401448,Gneiss,Gneiss,Gneiss,Other,Mixed Terrain,2.194,2.621,0.136,409.19,4.92,269.93,0.6513,0.4158,0.0609,0.0931,0,1
GRID_0141,21.91808,80.346689,Granite,Granite,Granite,Other,Mixed Terrain,1.35,1.951,1.558,438.41,2.55,243.24,0.6544,-0.0145,0.1883,0.2297,0,1
GRID_0142,21.314015,79.957111,Sausar Group,Schist,Schist,Stratiform/Stratabound,Metamorphic Terrain,5.803,2.251,1.502,250.0,8.56,349.7,0.565,0.4784,0.206,0.2407,1,1
GRID_0143,21.522661,80.19434,Sausar Group,Schist,Schist,Stratiform/Stratabound,Metamorphic Terrain,1.374,1.358,2.817,290.24,6.35,183.16,0.2093,0.2865,0.111,0.0489,1,1
GRID_0144,21.355747,79.64009,Other Metasedimentary,Quartzite,Quartzite,Stratiform/Stratabound,Metamorphic Terrain,2.053,4.42,1.027,462.83,9.56,193.61,0.1839,0.214,0.3284,0.2612,1,1
GRID_0145,21.342114,79.859635,Other Metasedimentary,Phyllite,Phyllite,Stratiform/Stratabound,Metamorphic Terrain,2.356,0.515,0.303,427.25,8.76,88.5,0.2509,-0.0332,0.2331,0.2136,1,1
GRID_0146,21.131354,80.350292,Gneiss,Gneiss,Gneiss,Other,Mixed Terrain,1.323,1.11,1.544,465.81,3.14,138.77,0.2776,-0.0498,0.1869,0.1856,1,1
GRID_0147,21.61813,79.842971,Sausar Group,Quartzite,Quartzite,Stratiform/Stratabound,Metamorphic Terrain,3.98,0.207,2.015,362.17,4.73,9.67,0.222,0.175,0.3717,0.2677,1,1
GRID_0148,21.527277,79.700918,Granite,Granite,Granite,Other,Mixed Terrain,4.646,0.253,2.611,455.73,11.78,248.14,0.3206,0.1558,0.2554,0.1864,0,1
GRID_0149,21.143757,79.891897,Alluvium,Alluvium,Alluvium,Other,Mixed Terrain,2.188,1.373,0.833,250.0,12.13,112.18,0.5531,0.1387,0.2644,0.1332,1,1
GRID_0150,21.336849,80.359549,Alluvium,Alluvium,Alluvium,Other,Mixed Terrain,1.077,5.519,1.943,378.22,6.51,194.53,0.5342,0.1868,0.2231,0.0904,0,1
GRID_0151,21.872026,79.669291,Sausar Group,Schist,Schist,Stratiform/Stratabound,Metamorphic Terrain,0.565,2.708,1.481,469.66,8.7,91.8,0.4773,0.08,0.2009,0.1729,1,1
GRID_0152,21.303628,79.443266,Sausar Group,Marble,Marble,Stratiform/Stratabound,Metamorphic Terrain,1.962,2.056,0.82,574.21,3.84,223.57,0.3956,0.1487,0.2532,0.1727,1,1
GRID_0153,21.223161,80.19682,Alluvium,Alluvium,Alluvium,Other,Mixed Terrain,4.737,5.173,0.472,420.06,7.79,161.13,0.4191,0.1794,0.05,0.0778,0,1
GRID_0154,21.516035,80.356369,Granite,Granite,Granite,Other,Mixed Terrain,1.876,0.207,0.69,480.14,12.42,173.47,0.4782,0.54,0.1076,0.1585,0,1
GRID_0155,21.937803,79.340892,Sausar Group,Quartzite,Quartzite,Stratiform/Stratabound,Metamorphic Terrain,4.969,1.688,0.858,373.1,14.67,339.34,0.3543,-0.1378,0.1333,0.2721,1,1
GRID_0156,21.305747,79.535824,Sausar Group,Quartzite,Quartzite,Stratiform/Stratabound,Metamorphic Terrain,7.597,3.729,0.251,467.7,7.5,254.22,0.5864,0.2325,0.0711,0.2103,1,1
GRID_0157,21.671315,79.398761,Gneiss,Gneiss,Gneiss,Other,Mixed Terrain,4.673,0.314,1.966,388.02,6.74,94.28,0.2197,0.1918,0.2712,0.0991,0,1
GRID_0158,21.747377,79.687118,Other Metasedimentary,Quartzite,Quartzite,Stratiform/Stratabound,Metamorphic Terrain,1.679,1.967,2.59,596.15,2.25,181.41,0.3057,0.1829,0.1846,0.1983,1,1
GRID_0159,21.301992,79.830491,Other Metasedimentary,Quartzite,Quartzite,Stratiform/Stratabound,Metamorphic Terrain,0.852,4.585,4.998,402.05,5.61,168.0,0.2819,0.2313,0.3196,0.2221,1,1
GRID_0160,21.718984,80.248357,Gneiss,Gneiss,Gneiss,Other,Mixed Terrain,2.526,0.298,0.467,415.56,7.73,286.22,0.5032,0.4576,0.2196,0.2418,0,1
GRID_0161,21.412616,80.111607,Granite,Granite,Granite,Other,Mixed Terrain,8.39,2.921,1.446,495.8,7.3,300.01,0.238,0.2283,0.1728,0.2151,0,1
GRID_0162,21.63746,80.0693,Sausar Group,Quartzite,Quartzite,Stratiform/Stratabound,Metamorphic Terrain,1.806,1.784,2.272,472.71,5.73,102.04,0.2833,-0.0293,0.2237,0.2497,0,1
GRID_0163,21.6385,79.693325,Gneiss,Gneiss,Gneiss,Other,Mixed Terrain,0.257,1.673,3.336,398.94,12.75,295.61,0.4979,0.2303,0.3062,0.2253,0,1
GRID_0164,21.555408,80.378027,Granite,Granite,Granite,Other,Mixed Terrain,1.533,0.949,0.548,464.84,9.66,64.62,0.291,0.1576,0.2109,0.1654,0,1
GRID_0165,21.176746,79.859802,Gneiss,Gneiss,Gneiss,Other,Mixed Terrain,5.172,0.613,2.018,340.34,7.34,274.6,0.5641,0.0937,0.3157,0.1998,0,1
GRID_0166,21.810007,80.570747,Granite,Granite,Granite,Other,Mixed Terrain,5.652,2.747,1.129,449.24,10.73,89.56,0.5604,0.2062,0.3051,0.1663,1,1
GRID_0167,21.372663,80.087799,Sausar Group,Marble,Marble,Stratiform/Stratabound,Metamorphic Terrain,0.917,1.883,0.202,476.69,7.9,107.26,0.3439,0.1635,0.1882,0.2042,1,1
GRID_0168,21.258541,79.376771,Sausar Group,Quartzite,Quartzite,Stratiform/Stratabound,Metamorphic Terrain,0.902,2.798,2.513,394.07,14.21,306.89,0.4504,0.1482,0.1941,0.2241,1,1
GRID_0169,21.134659,80.146649,Sausar Group,Marble,Marble,Stratiform/Stratabound,Metamorphic Terrain,3.902,3.028,1.743,398.56,4.82,151.23,0.7595,0.1657,0.1902,0.1754,1,1
GRID_0170,21.602259,79.655146,Sausar Group,Quartzite,Quartzite,Stratiform/Stratabound,Metamorphic Terrain,0.782,0.711,0.537,376.49,9.31,356.6,0.5695,0.0155,0.144,0.1982,1,1
GRID_0171,21.67593,80.160858,Sausar Group,Schist,Schist,Stratiform/Stratabound,Metamorphic Terrain,1.032,3.363,1.351,307.95,0.2,54.7,0.5091,0.2804,0.1241,0.151,1,1
GRID_0172,21.1141,79.297498,Other Metasedimentary,Schist,Schist,Stratiform/Stratabound,Metamorphic Terrain,6.42,1.361,0.776,465.29,6.43,166.81,0.6783,0.1607,0.1933,0.1617,1,1
GRID_0173,21.535279,79.444834,Granite,Granite,Granite,Other,Mixed Terrain,2.917,1.629,0.396,389.61,8.61,263.68,0.2758,0.217,0.0576,0.1759,0,1
GRID_0174,21.292521,80.398032,Granite,Granite,Granite,Other,Mixed Terrain,1.309,2.755,0.813,477.3,6.72,1.93,0.6309,0.0588,0.1485,0.1464,0,1
GRID_0175,21.648397,79.518051,Other Metasedimentary,Quartzite,Quartzite,Stratiform/Stratabound,Metamorphic Terrain,3.056,2.093,0.191,414.49,3.58,54.67,0.4869,0.0233,0.2612,0.2596,1,1
GRID_0176,21.248211,80.371858,Other Metasedimentary,Schist,Schist,Stratiform/Stratabound,Metamorphic Terrain,0.822,2.128,3.253,482.26,5.22,7.33,0.6631,0.128,0.1298,0.2158,1,1
GRID_0177,21.687297,79.590987,Gneiss,Gneiss,Gneiss,Other,Mixed Terrain,3.969,2.113,3.122,284.35,3.97,357.44,0.3465,0.1759,0.3168,0.2244,0,1
GRID_0178,21.428725,80.100035,Other Metasedimentary,Phyllite,Phyllite,Stratiform/Stratabound,Metamorphic Terrain,1.11,0.586,0.444,332.59,7.52,273.82,0.6528,0.1225,0.2684,0.2136,1,1
GRID_0179,21.89622,80.171811,Sausar Group,Quartzite,Quartzite,Stratiform/Stratabound,Metamorphic Terrain,1.177,1.109,2.639,358.44,11.14,134.48,0.1512,0.192,0.3562,0.1902,0,1
GRID_0180,21.216893,79.917717,Sausar Group,Marble,Marble,Stratiform/Stratabound,Metamorphic Terrain,6.631,5.166,0.545,531.75,6.61,56.26,0.3699,-0.1214,0.371,0.107,1,1
GRID_0181,21.389906,79.627435,Granite,Granite,Granite,Other,Mixed Terrain,3.989,0.904,2.566,464.26,15.24,32.54,0.4736,0.4605,0.2783,0.2473,0,1
GRID_0182,21.196452,79.497702,Gneiss,Gneiss,Gneiss,Other,Mixed Terrain,0.653,4.55,2.917,407.6,8.91,191.49,0.5351,0.0727,0.185,0.3049,0,1
GRID_0183,21.88599,79.246465,Gneiss,Gneiss,Gneiss,Other,Mixed Terrain,3.596,6.111,2.463,389.4,0.2,351.32,0.0951,0.0178,0.1102,0.2197,0,1
GRID_0184,21.845738,79.625525,Sausar Group,Mica Schist,Mica Schist,Stratiform/Stratabound,Metamorphic Terrain,0.505,0.111,0.76,480.67,9.33,242.86,0.2307,0.3401,0.123,0.1328,1,1
GRID_0185,21.31925,80.114428,Sausar Group,Quartzite,Quartzite,Stratiform/Stratabound,Metamorphic Terrain,4.735,0.328,2.493,379.92,7.8,131.45,0.2566,0.0172,0.3636,0.2156,1,1
GRID_0186,21.660986,80.513627,Gneiss,Gneiss,Gneiss,Other,Mixed Terrain,3.792,2.527,2.322,492.53,13.51,180.31,0.2803,0.2083,0.1216,0.132,0,1
GRID_0187,21.794639,80.419686,Sausar Group,Schist,Schist,Stratiform/Stratabound,Metamorphic Terrain,5.421,3.223,0.514,411.78,7.93,359.61,0.3099,0.0172,0.211,0.1514,1,1
GRID_0188,21.571921,80.272491,Gneiss,Gneiss,Gneiss,Other,Mixed Terrain,1.99,1.997,1.309,539.91,6.99,186.76,0.4564,0.1375,0.3103,0.04,0,1
GRID_0189,21.550203,80.303826,Gneiss,Gneiss,Gneiss,Other,Mixed Terrain,1.864,1.654,2.435,349.71,16.29,347.11,0.6662,0.1392,0.1648,0.2622,0,1
GRID_0190,21.305574,80.130979,Alluvium,Alluvium,Alluvium,Other,Mixed Terrain,0.39,2.685,2.417,419.12,0.2,5.89,0.37,0.075,0.3184,0.199,0,1
GRID_0191,21.179137,79.564402,Alluvium,Alluvium,Alluvium,Other,Mixed Terrain,0.216,0.116,2.575,351.89,6.62,259.55,0.6773,0.3025,0.2216,0.2144,0,1
GRID_0192,21.862633,80.470073,Other Metasedimentary,Phyllite,Phyllite,Stratiform/Stratabound,Metamorphic Terrain,5.35,1.038,1.931,568.4,9.06,225.78,0.4436,0.3784,0.2414,0.2274,1,1
GRID_0193,21.865355,80.139025,Granite,Granite,Granite,Other,Mixed Terrain,1.538,0.48,2.331,431.77,6.4,246.72,0.3957,0.0729,0.206,0.2086,0,1
GRID_0194,21.638136,79.984617,Alluvium,Alluvium,Alluvium,Other,Mixed Terrain,0.405,1.314,2.231,344.38,0.2,205.4,0.5972,0.1983,0.1618,0.2386,0,1
GRID_0195,21.388175,79.355385,Gneiss,Gneiss,Gneiss,Other,Mixed Terrain,0.86,4.92,2.07,353.32,9.62,15.9,0.405,-0.0048,0.2747,0.2619,0,1
GRID_0196,21.396828,79.825878,Sausar Group,Schist,Schist,Stratiform/Stratabound,Metamorphic Terrain,0.479,4.464,0.947,473.69,6.17,53.84,0.3049,0.1948,0.2661,0.1779,1,1
GRID_0197,21.717062,79.844502,Sausar Group,Schist,Schist,Stratiform/Stratabound,Metamorphic Terrain,1.796,1.579,0.82,275.43,7.46,332.01,0.6422,0.2949,0.2778,0.0803,0,1
GRID_0198,21.862544,80.410389,Sausar Group,Quartzite,Quartzite,Stratiform/Stratabound,Metamorphic Terrain,2.36,3.866,2.653,414.85,13.04,83.85,0.4239,0.1958,0.2972,0.1294,0,1
GRID_0199,21.854023,79.965308,Granite,Granite,Granite,Other,Mixed Terrain,3.702,0.683,0.421,357.54,9.22,357.46,0.7166,0.1007,0.1963,0.2171,0,1
GRID_0200,21.762894,79.732561,Gneiss,Gneiss,Gneiss,Other,Mixed Terrain,1.425,0.448,0.859,416.43,5.52,244.65,0.3732,0.1442,0.2661,0.1184,0,1
GRID_0201,21.645727,80.56752,Other Metasedimentary,Phyllite,Phyllite,Stratiform/Stratabound,Metamorphic Terrain,2.703,0.287,0.941,438.61,9.57,159.97,0.217,0.1126,0.2896,0.1762,1,1
GRID_0202,21.171519,79.355009,Sausar Group,Mica Schist,Mica Schist,Stratiform/Stratabound,Metamorphic Terrain,4.716,0.256,1.606,421.63,6.3,331.22,0.3069,0.1505,0.2553,0.3301,1,1
GRID_0203,21.237384,79.791568,Sausar Group,Schist,Schist,Stratiform/Stratabound,Metamorphic Terrain,0.957,3.835,1.521,407.38,6.79,286.2,0.3227,0.0886,0.1979,0.2427,0,1
GRID_0204,21.863771,79.258835,Other Metasedimentary,Quartzite,Quartzite,Stratiform/Stratabound,Metamorphic Terrain,0.15,2.884,4.835,444.07,11.03,154.43,0.4147,0.2042,0.2517,0.0593,1,1
GRID_0205,21.615465,80.235866,Sausar Group,Quartzite,Quartzite,Stratiform/Stratabound,Metamorphic Terrain,3.768,0.947,1.254,578.74,5.43,24.69,0.3029,0.012,0.087,0.3199,1,1
GRID_0206,21.107817,80.485307,Granite,Granite,Granite,Other,Mixed Terrain,10.0,2.332,0.888,538.28,10.25,312.59,0.2295,-0.2103,0.2532,0.262,0,1
GRID_0207,21.186251,79.592052,Gneiss,Gneiss,Gneiss,Other,Mixed Terrain,2.32,1.23,1.171,401.29,7.08,275.41,0.3783,0.3292,0.1489,0.2198,0,1
GRID_0208,21.663977,80.401678,Gneiss,Gneiss,Gneiss,Other,Mixed Terrain,2.718,0.952,0.675,491.63,5.97,284.66,0.4446,0.1718,0.2281,0.1881,1,1
GRID_0209,21.104302,79.609106,Sausar Group,Mica Schist,Mica Schist,Stratiform/Stratabound,Metamorphic Terrain,2.196,2.72,0.507,487.46,5.98,268.15,0.4959,0.1966,0.1975,0.0972,1,1
GRID_0210,21.236687,80.475078,Sausar Group,Quartzite,Quartzite,Stratiform/Stratabound,Metamorphic Terrain,2.012,8.0,0.928,397.78,5.54,99.27,0.4273,0.0751,0.2302,0.1576,1,1
GRID_0211,21.566424,80.255547,Sausar Group,Schist,Schist,Stratiform/Stratabound,Metamorphic Terrain,0.696,0.562,3.227,427.3,8.36,309.18,0.6486,0.1197,0.1182,0.061,1,1
GRID_0212,21.688111,80.326869,Gneiss,Gneiss,Gneiss,Other,Mixed Terrain,4.319,4.157,2.087,475.69,6.9,0.8,0.4398,0.0308,0.2762,0.2371,0,1
GRID_0213,21.654167,79.225209,Gneiss,Gneiss,Gneiss,Other,Mixed Terrain,1.419,1.692,1.278,367.92,13.48,85.42,0.0806,0.3448,0.2906,0.1911,0,1
GRID_0214,21.290629,80.547934,Sausar Group,Quartzite,Quartzite,Stratiform/Stratabound,Metamorphic Terrain,0.977,1.589,1.931,409.55,4.45,16.76,0.4701,0.1097,0.1584,0.1354,0,1
GRID_0215,21.705352,80.217339,Gneiss,Gneiss,Gneiss,Other,Mixed Terrain,3.345,7.747,0.879,413.2,10.17,39.81,0.4312,-0.0363,0.1315,0.2406,1,1
GRID_0216,21.301662,79.626652,Other Metasedimentary,Phyllite,Phyllite,Stratiform/Stratabound,Metamorphic Terrain,2.387,4.742,0.298,407.08,12.57,191.66,0.5476,0.2746,0.1631,0.2,0,1
GRID_0217,21.37659,80.361153,Sausar Group,Marble,Marble,Stratiform/Stratabound,Metamorphic Terrain,2.949,0.835,3.587,403.73,14.92,13.41,0.2509,0.3389,0.2788,0.2784,1,1
GRID_0218,21.734518,79.59413,Granite,Granite,Granite,Other,Mixed Terrain,1.333,2.413,0.971,467.59,4.75,65.3,0.5998,0.1544,0.2222,0.1534,0,1
GRID_0219,21.652188,80.421855,Gneiss,Gneiss,Gneiss,Other,Mixed Terrain,0.852,2.641,3.892,432.25,12.1,83.79,0.4727,0.3914,0.2125,0.2636,0,1
GRID_0220,21.82184,79.357613,Sausar Group,Schist,Schist,Stratiform/Stratabound,Metamorphic Terrain,0.762,1.043,0.506,484.34,8.82,235.92,0.4517,0.2212,0.2163,0.1935,0,1
GRID_0221,21.658971,80.18516,Sausar Group,Marble,Marble,Stratiform/Stratabound,Metamorphic Terrain,2.856,2.631,0.662,644.21,12.21,168.78,0.5802,0.1625,0.1799,0.1335,1,1
GRID_0222,21.583062,79.956978,Gneiss,Gneiss,Gneiss,Other,Mixed Terrain,1.708,1.242,0.769,384.52,5.42,165.03,0.6155,0.1671,0.2501,0.2156,0,1
GRID_0223,21.179624,79.335148,Other Metasedimentary,Quartzite,Quartzite,Stratiform/Stratabound,Metamorphic Terrain,1.182,1.819,0.928,448.5,7.53,276.64,0.5999,0.2499,0.3329,0.1845,1,1
GRID_0224,21.412558,79.538651,Other Metasedimentary,Schist,Schist,Stratiform/Stratabound,Metamorphic Terrain,2.63,0.675,1.087,473.23,6.55,164.42,0.0547,0.3309,0.1642,0.2073,1,1
GRID_0225,21.325422,79.217366,Gneiss,Gneiss,Gneiss,Other,Mixed Terrain,0.689,2.841,0.904,522.81,6.2,125.46,0.2024,0.2528,0.2705,0.1208,0,1
GRID_0226,21.307391,79.856275,Alluvium,Alluvium,Alluvium,Other,Mixed Terrain,2.185,1.365,2.339,466.93,8.16,346.48,0.3596,0.2165,0.223,0.0414,0,1
GRID_0227,21.927059,79.621771,Granite,Granite,Granite,Other,Mixed Terrain,5.569,5.015,0.899,337.11,17.98,2.99,0.2398,0.1899,0.2225,0.1503,0,1
GRID_0228,21.434133,80.0377,Gneiss,Gneiss,Gneiss,Other,Mixed Terrain,10.0,1.516,1.787,373.69,10.68,109.94,0.3188,0.2782,0.3233,0.2143,0,1
GRID_0229,21.85824,79.616133,Granite,Granite,Granite,Other,Mixed Terrain,3.769,5.004,1.035,442.45,6.6,219.38,0.4218,0.0908,0.2961,0.2125,0,1
GRID_0230,21.636468,79.619887,Sausar Group,Mica Schist,Mica Schist,Stratiform/Stratabound,Metamorphic Terrain,5.178,1.291,1.039,371.28,6.83,281.81,0.3548,-0.0312,0.2274,0.1528,0,1
GRID_0231,21.77559,80.24047,Alluvium,Alluvium,Alluvium,Other,Mixed Terrain,2.577,1.342,1.408,304.5,10.25,293.91,0.4261,0.206,0.2919,0.194,0,1
GRID_0232,21.527242,79.2674,Gneiss,Gneiss,Gneiss,Other,Mixed Terrain,1.572,3.305,0.401,361.46,7.26,16.59,0.6476,0.0383,0.1066,0.1565,1,1
GRID_0233,21.590368,80.464053,Granite,Granite,Granite,Other,Mixed Terrain,1.145,0.916,1.053,361.92,7.27,255.29,0.7149,-0.029,0.0731,0.172,1,1
GRID_0234,21.51864,80.393169,Other Metasedimentary,Quartzite,Quartzite,Stratiform/Stratabound,Metamorphic Terrain,2.353,1.88,0.211,344.2,3.56,259.29,0.4897,0.4066,0.1776,0.2557,0,1
GRID_0235,21.265957,80.134927,Sausar Group,Mica Schist,Mica Schist,Stratiform/Stratabound,Metamorphic Terrain,1.169,0.938,1.524,644.77,7.81,77.07,0.6436,-0.25,0.1564,0.1,0,1
GRID_0236,21.714084,80.03051,Sausar Group,Schist,Schist,Stratiform/Stratabound,Metamorphic Terrain,1.006,6.589,0.424,456.8,0.2,40.6,0.3662,0.2674,0.2099,0.2932,1,1
GRID_0237,21.338657,80.449223,Sausar Group,Schist,Schist,Stratiform/Stratabound,Metamorphic Terrain,0.26,4.715,1.442,439.82,0.93,269.89,0.33,0.0295,0.3067,0.1904,1,1
GRID_0238,21.120669,79.459462,Alluvium,Alluvium,Alluvium,Other,Mixed Terrain,2.508,1.933,1.007,508.16,6.6,89.82,0.418,0.0676,0.2122,0.3011,0,1
GRID_0239,21.648651,79.310557,Alluvium,Alluvium,Alluvium,Other,Mixed Terrain,1.931,1.355,2.169,582.85,10.64,0.6,0.38,0.2405,0.2926,0.2917,0,1
GRID_0240,21.250544,79.535314,Sausar Group,Mica Schist,Mica Schist,Stratiform/Stratabound,Metamorphic Terrain,2.578,0.681,2.057,462.87,14.45,80.49,0.5381,0.5059,0.2911,0.0436,1,1
GRID_0241,21.89939,80.31241,Gneiss,Gneiss,Gneiss,Other,Mixed Terrain,8.34,1.181,0.826,516.49,9.61,11.18,0.4323,0.2782,0.1043,0.191,0,1
GRID_0242,21.910839,79.248538,Granite,Granite,Granite,Other,Mixed Terrain,0.825,2.255,1.855,387.33,10.14,89.71,0.6715,0.0372,0.2772,0.1211,1,1
GRID_0243,21.877635,80.01593,Alluvium,Alluvium,Alluvium,Other,Mixed Terrain,1.147,0.622,0.221,352.96,8.45,120.61,0.4491,0.1736,0.31,0.1719,0,1
GRID_0244,21.414635,80.593613,Granite,Granite,Granite,Other,Mixed Terrain,4.46,2.996,2.146,507.28,11.35,97.7,0.3169,0.1396,0.3148,0.2074,0,1
GRID_0245,21.113138,80.397975,Granite,Granite,Granite,Other,Mixed Terrain,4.922,4.114,0.221,505.65,8.85,331.18,0.3543,-0.1103,0.2214,0.2674,0,1
GRID_0246,21.889071,79.930024,Other Metasedimentary,Quartzite,Quartzite,Stratiform/Stratabound,Metamorphic Terrain,1.478,3.379,1.581,497.68,9.49,83.71,0.3349,0.1881,0.2347,0.1149,1,1
GRID_0247,21.463957,79.289097,Sausar Group,Marble,Marble,Stratiform/Stratabound,Metamorphic Terrain,2.526,0.993,1.299,440.67,1.75,168.31,0.547,0.0858,0.2393,0.3317,1,1
GRID_0248,21.921657,80.363923,Sausar Group,Marble,Marble,Stratiform/Stratabound,Metamorphic Terrain,2.95,3.557,0.025,363.74,9.05,344.67,0.4132,0.2835,0.2241,0.1451,1,1
GRID_0249,21.919077,80.03857,Gneiss,Gneiss,Gneiss,Other,Mixed Terrain,1.677,2.099,1.156,389.15,8.09,316.51,0.4489,0.1368,0.1574,0.0994,0,1
GRID_0250,21.825058,79.360906,Other Metasedimentary,Schist,Schist,Stratiform/Stratabound,Metamorphic Terrain,1.169,3.451,2.758,528.18,6.34,111.33,0.4969,0.3965,0.1734,0.2457,1,1
GRID_0251,21.350282,79.3314,Granite,Granite,Granite,Other,Mixed Terrain,0.68,3.635,1.303,379.78,6.63,117.54,0.5163,0.2293,0.2732,0.1877,0,1
GRID_0252,21.427333,80.473478,Sausar Group,Quartzite,Quartzite,Stratiform/Stratabound,Metamorphic Terrain,2.131,3.782,1.019,445.83,2.66,213.6,0.5993,0.2099,0.2202,0.3127,1,1
GRID_0253,21.823466,80.13688,Sausar Group,Quartzite,Quartzite,Stratiform/Stratabound,Metamorphic Terrain,4.089,1.325,2.82,364.47,10.16,330.43,0.4838,0.4551,0.2379,0.121,1,1
GRID_0254,21.369384,80.361002,Granite,Granite,Granite,Other,Mixed Terrain,4.088,5.017,1.276,413.75,8.94,3.6,0.2765,0.222,0.3073,0.1911,1,1
GRID_0255,21.244069,80.43057,Sausar Group,Schist,Schist,Stratiform/Stratabound,Metamorphic Terrain,1.102,1.048,1.378,338.15,8.28,141.52,0.3522,0.4101,0.2362,0.2562,1,1
GRID_0256,21.573281,80.000481,Gneiss,Gneiss,Gneiss,Other,Mixed Terrain,1.239,0.626,0.781,423.66,8.92,305.92,0.352,0.0217,0.1509,0.1293,1,1
GRID_0257,21.895732,79.924425,Other Metasedimentary,Phyllite,Phyllite,Stratiform/Stratabound,Metamorphic Terrain,4.061,1.632,0.987,389.41,3.02,147.77,0.3136,-0.1024,0.3853,0.2569,0,1
GRID_0258,21.691625,79.802598,Granite,Granite,Granite,Other,Mixed Terrain,5.737,0.864,0.552,284.94,15.05,259.22,0.5961,0.2114,0.21,0.2039,0,1
GRID_0259,21.584552,79.643725,Granite,Granite,Granite,Other,Mixed Terrain,1.918,2.668,0.845,485.66,11.77,249.09,0.4063,0.3481,0.206,0.1197,0,1
GRID_0260,21.1826,79.808434,Granite,Granite,Granite,Other,Mixed Terrain,3.34,1.184,0.783,481.79,10.48,73.97,0.4586,0.0195,0.2509,0.2558,0,1
GRID_0261,21.622756,80.283432,Sausar Group,Quartzite,Quartzite,Stratiform/Stratabound,Metamorphic Terrain,1.602,2.637,0.447,434.77,13.94,161.85,0.4835,0.1185,0.221,0.1682,1,1
GRID_0262,21.941546,80.042693,Other Metasedimentary,Phyllite,Phyllite,Stratiform/Stratabound,Metamorphic Terrain,6.199,1.392,1.221,334.45,8.84,203.83,0.4635,-0.0547,0.2266,0.2513,0,1
GRID_0263,21.219071,80.449533,Granite,Granite,Granite,Other,Mixed Terrain,3.118,2.634,5.538,335.62,6.87,257.57,0.4796,0.1756,0.1911,0.1378,1,1
GRID_0264,21.54058,79.820732,Granite,Granite,Granite,Other,Mixed Terrain,3.345,3.025,1.402,628.1,9.1,296.06,0.8153,0.1783,0.2989,0.0929,0,1
GRID_0265,21.845767,80.049925,Gneiss,Gneiss,Gneiss,Other,Mixed Terrain,3.228,1.231,1.923,250.0,14.11,273.58,0.5382,0.2653,0.3091,0.1536,0,1
GRID_0266,21.729653,80.083831,Granite,Granite,Granite,Other,Mixed Terrain,2.416,3.003,1.614,337.3,4.42,10.19,0.2827,0.1098,0.3583,0.1727,0,1
GRID_0267,21.692463,80.028376,Gneiss,Gneiss,Gneiss,Other,Mixed Terrain,2.608,0.24,0.749,612.72,14.06,241.43,0.4806,0.1429,0.3686,0.1917,0,1
GRID_0268,21.697111,80.183687,Sausar Group,Mica Schist,Mica Schist,Stratiform/Stratabound,Metamorphic Terrain,5.029,0.327,2.261,639.32,2.59,179.03,0.4469,0.2679,0.0926,0.212,0,1
GRID_0269,21.405567,79.532407,Other Metasedimentary,Phyllite,Phyllite,Stratiform/Stratabound,Metamorphic Terrain,1.21,1.41,0.814,574.43,10.13,206.59,0.2078,0.2102,0.2737,0.2976,1,1
GRID_0270,21.349553,79.917309,Other Metasedimentary,Schist,Schist,Stratiform/Stratabound,Metamorphic Terrain,2.537,1.96,3.017,475.21,12.04,134.27,0.0485,0.2367,0.1481,0.1738,1,1
GRID_0271,21.787957,79.345915,Gneiss,Gneiss,Gneiss,Other,Mixed Terrain,1.85,1.589,1.277,375.9,10.58,257.05,0.4527,0.2994,0.3211,0.2869,0,1
GRID_0272,21.788596,79.738316,Other Metasedimentary,Schist,Schist,Stratiform/Stratabound,Metamorphic Terrain,4.22,2.79,1.268,286.98,12.19,242.6,0.3852,0.2826,0.2536,0.2415,0,1
GRID_0273,21.837011,79.882734,Sausar Group,Mica Schist,Mica Schist,Stratiform/Stratabound,Metamorphic Terrain,3.363,1.984,1.036,464.52,7.49,208.62,0.2462,0.4754,0.1799,0.1751,1,1
GRID_0274,21.876254,80.113114,Granite,Granite,Granite,Other,Mixed Terrain,1.328,2.045,1.447,365.14,2.91,310.18,0.3435,0.2423,0.1515,0.1984,0,1
GRID_0275,21.534641,80.530743,Gneiss,Gneiss,Gneiss,Other,Mixed Terrain,2.451,1.036,2.685,553.39,12.2,36.68,0.3885,0.2427,0.1852,0.2038,0,1
GRID_0276,21.526289,80.040911,Gneiss,Gneiss,Gneiss,Other,Mixed Terrain,1.822,3.357,0.983,272.45,15.39,108.37,0.3367,0.1374,0.1747,0.2415,0,1
GRID_0277,21.778551,80.241031,Granite,Granite,Granite,Other,Mixed Terrain,2.278,1.584,1.868,447.04,7.34,178.25,0.4735,0.1888,0.3241,0.2507,0,1
GRID_0278,21.652469,79.908772,Sausar Group,Marble,Marble,Stratiform/Stratabound,Metamorphic Terrain,1.3,4.449,0.633,508.94,10.73,345.1,0.4581,0.0003,0.236,0.096,0,1
GRID_0279,21.696672,80.087746,Sausar Group,Quartzite,Quartzite,Stratiform/Stratabound,Metamorphic Terrain,1.367,2.595,1.677,516.08,4.69,25.91,0.5578,0.0934,0.1614,0.2387,0,1
GRID_0280,21.776424,79.299305,Granite,Granite,Granite,Other,Mixed Terrain,0.66,1.354,1.365,500.86,4.39,121.35,0.6151,0.338,0.2608,0.2045,1,1
GRID_0281,21.856505,79.556148,Sausar Group,Quartzite,Quartzite,Stratiform/Stratabound,Metamorphic Terrain,1.332,5.664,0.629,458.94,8.43,333.32,0.5331,-0.0371,0.2595,0.2036,1,1
GRID_0282,21.387296,79.706594,Alluvium,Alluvium,Alluvium,Other,Mixed Terrain,4.887,1.027,1.808,440.86,5.09,323.26,0.3209,0.3755,0.2221,0.172,0,1
GRID_0283,21.419246,79.861491,Sausar Group,Schist,Schist,Stratiform/Stratabound,Metamorphic Terrain,5.142,1.295,1.273,507.18,8.38,311.49,0.4569,0.138,0.3189,0.2222,1,1
GRID_0284,21.179885,79.263908,Sausar Group,Marble,Marble,Stratiform/Stratabound,Metamorphic Terrain,1.137,1.816,1.144,458.95,20.12,111.02,0.1732,0.0528,0.273,0.2333,1,1
GRID_0285,21.591538,79.396034,Gneiss,Gneiss,Gneiss,Other,Mixed Terrain,0.307,1.557,0.299,461.69,5.18,304.86,0.354,0.1413,0.2674,0.1867,1,1
GRID_0286,21.130551,79.58754,Gneiss,Gneiss,Gneiss,Other,Mixed Terrain,1.156,6.407,1.005,432.92,9.37,181.92,0.0236,0.2627,0.104,0.2413,0,1
GRID_0287,21.495758,80.560146,Other Metasedimentary,Quartzite,Quartzite,Stratiform/Stratabound,Metamorphic Terrain,1.667,0.911,3.123,397.27,0.97,223.12,0.3736,0.1923,0.2096,0.1421,1,1
GRID_0288,21.561248,79.663886,Gneiss,Gneiss,Gneiss,Other,Mixed Terrain,2.606,0.995,2.119,315.26,10.09,85.98,0.3443,0.4475,0.2798,0.1807,1,1
GRID_0289,21.34356,79.874857,Granite,Granite,Granite,Other,Mixed Terrain,5.571,1.706,1.256,329.92,5.18,254.4,0.5406,0.2409,0.2598,0.2017,0,1
GRID_0290,21.602208,79.474537,Other Metasedimentary,Quartzite,Quartzite,Stratiform/Stratabound,Metamorphic Terrain,2.538,0.492,4.686,397.43,9.17,117.97,0.2752,0.2515,0.2399,0.1614,1,1
GRID_0291,21.125925,80.055092,Gneiss,Gneiss,Gneiss,Other,Mixed Terrain,2.473,3.817,3.285,419.76,9.06,123.8,0.4574,0.2555,0.2824,0.1601,0,1
GRID_0292,21.131746,79.592957,Sausar Group,Schist,Schist,Stratiform/Stratabound,Metamorphic Terrain,3.649,4.273,4.876,347.75,8.56,229.25,0.3695,0.1994,0.2658,0.1242,1,1
GRID_0293,21.79921,79.48979,Gneiss,Gneiss,Gneiss,Other,Mixed Terrain,1.257,2.649,0.599,341.4,4.21,86.34,0.362,0.1457,0.2907,0.2059,0,1
GRID_0294,21.406162,79.923202,Other Metasedimentary,Phyllite,Phyllite,Stratiform/Stratabound,Metamorphic Terrain,2.478,1.684,0.887,399.01,6.86,80.8,0.307,0.1943,0.2619,0.2967,1,1
GRID_0295,21.208001,79.207708,Granite,Granite,Granite,Other,Mixed Terrain,2.902,1.425,0.217,506.67,8.94,132.9,0.478,0.212,0.2876,0.2161,0,1
GRID_0296,21.543907,79.21073,Sausar Group,Mica Schist,Mica Schist,Stratiform/Stratabound,Metamorphic Terrain,3.982,1.546,0.369,250.0,7.03,280.1,0.4042,0.1724,0.2841,0.1699,1,1
GRID_0297,21.754495,79.506696,Sausar Group,Quartzite,Quartzite,Stratiform/Stratabound,Metamorphic Terrain,3.392,2.825,0.486,350.24,13.61,80.89,0.2768,0.3559,0.2341,0.2589,1,1
GRID_0298,21.283448,79.25141,Sausar Group,Schist,Schist,Stratiform/Stratabound,Metamorphic Terrain,5.211,2.371,2.65,443.74,8.16,283.43,0.4511,0.3414,0.2378,0.178,0,1
GRID_0299,21.629457,79.351236,Granite,Granite,Granite,Other,Mixed Terrain,1.496,0.401,2.687,539.37,4.03,250.42,0.479,0.0143,0.2454,0.225,0,1
GRID_0300,21.172545,79.674405,Gneiss,Gneiss,Gneiss,Other,Mixed Terrain,2.737,2.465,1.732,613.67,9.73,244.47,0.6744,0.3156,0.1529,0.2136,0,1
GRID_0301,21.143929,80.32362,Sausar Group,Quartzite,Quartzite,Stratiform/Stratabound,Metamorphic Terrain,0.107,0.786,0.048,400.91,0.2,170.91,0.337,0.1773,0.1319,0.0904,1,1
GRID_0302,21.551651,80.000868,Other Metasedimentary,Quartzite,Quartzite,Stratiform/Stratabound,Metamorphic Terrain,1.528,1.172,0.668,399.67,15.85,268.52,0.368,0.1373,0.2753,0.186,1,1
GRID_0303,21.55954,79.917735,Alluvium,Alluvium,Alluvium,Other,Mixed Terrain,1.216,0.232,0.575,418.3,1.12,4.87,0.2234,0.2793,0.279,0.3086,0,1
GRID_0304,21.641815,79.610884,Gneiss,Gneiss,Gneiss,Other,Mixed Terrain,4.278,1.167,0.376,449.3,11.59,110.02,0.3584,0.2199,0.2382,0.1475,0,1
GRID_0305,21.717178,80.504455,Other Metasedimentary,Quartzite,Quartzite,Stratiform/Stratabound,Metamorphic Terrain,2.477,5.431,2.752,426.18,10.96,244.49,0.2603,0.0545,0.2649,0.2756,0,1
GRID_0306,21.929474,79.755821,Sausar Group,Schist,Schist,Stratiform/Stratabound,Metamorphic Terrain,3.015,2.017,1.264,439.91,3.48,355.43,0.6066,0.293,0.2859,0.2408,1,1
GRID_0307,21.538855,79.32193,Granite,Granite,Granite,Other,Mixed Terrain,1.737,0.191,0.441,316.41,10.24,0.91,0.5123,0.1679,0.2705,0.153,1,1
GRID_0308,21.374513,80.063893,Gneiss,Gneiss,Gneiss,Other,Mixed Terrain,3.356,0.733,1.235,288.73,5.24,183.59,0.2577,0.2906,0.2792,0.1863,1,1
GRID_0309,21.775908,79.359374,Other Metasedimentary,Phyllite,Phyllite,Stratiform/Stratabound,Metamorphic Terrain,3.534,2.881,1.397,490.8,7.34,332.58,0.2737,0.178,0.1493,0.1225,1,1
GRID_0310,21.330207,79.683312,Alluvium,Alluvium,Alluvium,Other,Mixed Terrain,1.493,2.343,1.608,413.61,9.88,310.87,0.3417,0.2926,0.3552,0.237,0,1
GRID_0311,21.473126,79.910377,Sausar Group,Mica Schist,Mica Schist,Stratiform/Stratabound,Metamorphic Terrain,1.786,1.11,1.176,500.85,7.81,8.33,0.6377,0.3126,0.2626,0.1233,1,1
GRID_0312,21.166688,80.423912,Other Metasedimentary,Schist,Schist,Stratiform/Stratabound,Metamorphic Terrain,1.963,0.934,1.043,449.02,4.0,190.64,0.3324,0.3474,0.3055,0.2102,1,1
GRID_0313,21.121548,79.890965,Sausar Group,Marble,Marble,Stratiform/Stratabound,Metamorphic Terrain,2.387,0.88,0.356,308.19,9.64,1.54,0.402,0.0945,0.2809,0.2957,0,1
GRID_0314,21.918251,80.183162,Other Metasedimentary,Quartzite,Quartzite,Stratiform/Stratabound,Metamorphic Terrain,0.804,1.323,1.017,562.02,7.17,284.25,0.6753,0.4359,0.1678,0.1472,1,1
GRID_0315,21.810583,80.589944,Other Metasedimentary,Phyllite,Phyllite,Stratiform/Stratabound,Metamorphic Terrain,0.923,2.174,1.069,432.67,7.56,111.19,0.4965,0.1601,0.192,0.2067,1,1
GRID_0316,21.691578,79.384085,Sausar Group,Quartzite,Quartzite,Stratiform/Stratabound,Metamorphic Terrain,1.977,2.173,0.762,366.48,7.79,275.61,0.1983,0.0124,0.2033,0.0963,1,1
GRID_0317,21.44761,79.584624,Alluvium,Alluvium,Alluvium,Other,Mixed Terrain,4.929,0.793,0.725,384.59,2.62,340.13,0.137,0.2056,0.3204,0.1885,0,1
GRID_0318,21.2473,79.752407,Sausar Group,Quartzite,Quartzite,Stratiform/Stratabound,Metamorphic Terrain,3.826,4.582,0.801,327.04,3.5,351.39,0.4451,0.1549,0.1726,0.1252,1,1
GRID_0319,21.232971,79.790559,Granite,Granite,Granite,Other,Mixed Terrain,0.992,2.224,1.264,458.28,5.64,321.88,0.7982,0.0983,0.1523,0.2007,0,1
GRID_0320,21.312706,79.77543,Granite,Granite,Granite,Other,Mixed Terrain,3.429,0.711,0.328,420.55,9.64,73.49,0.6469,0.1872,0.27,0.1539,0,1
GRID_0321,21.566843,80.470655,Gneiss,Gneiss,Gneiss,Other,Mixed Terrain,1.192,0.137,0.541,601.58,4.28,70.06,0.4903,0.2853,0.3627,0.1266,1,1
GRID_0322,21.707407,80.199646,Other Metasedimentary,Schist,Schist,Stratiform/Stratabound,Metamorphic Terrain,1.059,4.472,1.395,474.19,12.76,225.28,0.5556,0.2269,0.1811,0.1778,1,1
GRID_0323,21.661168,80.051067,Gneiss,Gneiss,Gneiss,Other,Mixed Terrain,3.65,3.211,1.559,596.43,8.81,195.86,0.5677,0.3667,0.3403,0.04,0,1
GRID_0324,21.337944,79.633122,Granite,Granite,Granite,Other,Mixed Terrain,1.142,0.654,2.456,348.29,9.46,3.43,0.1683,0.163,0.2922,0.1227,0,1
GRID_0325,21.911635,80.353307,Other Metasedimentary,Quartzite,Quartzite,Stratiform/Stratabound,Metamorphic Terrain,0.98,1.516,5.401,401.88,6.67,141.02,0.4632,0.2395,0.2105,0.3283,1,1
GRID_0326,21.727212,80.537085,Other Metasedimentary,Schist,Schist,Stratiform/Stratabound,Metamorphic Terrain,2.399,4.067,1.717,505.66,1.62,326.41,0.6401,0.2149,0.1474,0.1722,0,1
GRID_0327,21.571201,80.349678,Sausar Group,Marble,Marble,Stratiform/Stratabound,Metamorphic Terrain,1.338,3.541,0.424,480.06,10.13,323.41,0.7646,0.4404,0.2164,0.1574,1,1
GRID_0328,21.619963,79.202191,Other Metasedimentary,Phyllite,Phyllite,Stratiform/Stratabound,Metamorphic Terrain,0.407,2.831,2.472,428.67,5.11,73.41,0.5109,0.0379,0.1846,0.2084,1,1
GRID_0329,21.45666,80.090962,Sausar Group,Quartzite,Quartzite,Stratiform/Stratabound,Metamorphic Terrain,1.644,2.082,0.655,338.5,2.03,137.51,0.2126,0.1009,0.324,0.2496,1,1
GRID_0330,21.310571,79.27159,Other Metasedimentary,Schist,Schist,Stratiform/Stratabound,Metamorphic Terrain,0.907,0.819,0.612,250.0,4.66,201.73,0.5214,0.4714,0.2377,0.285,1,1
GRID_0331,21.402577,79.56065,Sausar Group,Quartzite,Quartzite,Stratiform/Stratabound,Metamorphic Terrain,2.37,1.446,0.34,411.31,7.68,307.0,0.5188,0.1489,0.2737,0.1831,1,1
GRID_0332,21.744169,79.283335,Sausar Group,Schist,Schist,Stratiform/Stratabound,Metamorphic Terrain,8.137,1.758,1.8,414.94,0.2,191.52,0.5691,-0.0402,0.2741,0.1746,1,1
GRID_0333,21.112234,80.045314,Granite,Granite,Granite,Other,Mixed Terrain,7.557,2.647,1.097,440.88,6.66,348.55,0.495,0.4578,0.1952,0.2101,0,1
GRID_0334,21.198662,80.161226,Gneiss,Gneiss,Gneiss,Other,Mixed Terrain,5.386,3.263,2.424,307.12,12.03,287.66,0.7276,0.0441,0.2451,0.1906,0,1
GRID_0335,21.139102,79.360283,Granite,Granite,Granite,Other,Mixed Terrain,2.293,0.953,0.569,355.26,8.13,343.11,0.4604,0.1938,0.3101,0.1771,0,1
GRID_0336,21.134619,79.737374,Sausar Group,Schist,Schist,Stratiform/Stratabound,Metamorphic Terrain,2.207,1.96,0.315,463.31,12.8,263.34,0.4395,0.3309,0.2347,0.2232,1,1
GRID_0337,21.827141,79.838731,Gneiss,Gneiss,Gneiss,Other,Mixed Terrain,3.026,4.031,2.528,479.73,6.39,315.94,0.388,0.3061,0.2214,0.2223,0,1
GRID_0338,21.698109,79.716674,Other Metasedimentary,Schist,Schist,Stratiform/Stratabound,Metamorphic Terrain,0.729,3.544,2.769,447.08,12.61,299.16,0.4456,0.0574,0.2883,0.1906,0,1
GRID_0339,21.503048,79.369435,Granite,Granite,Granite,Other,Mixed Terrain,1.89,4.78,0.647,400.54,2.63,91.38,0.4747,0.5141,0.149,0.3318,0,1
GRID_0340,21.183159,79.786527,Sausar Group,Marble,Marble,Stratiform/Stratabound,Metamorphic Terrain,2.756,2.023,0.784,329.1,10.4,82.63,0.4496,0.2538,0.0858,0.3015,1,1
GRID_0341,21.517873,80.251649,Granite,Granite,Granite,Other,Mixed Terrain,4.451,1.176,1.589,511.08,7.57,311.18,0.5552,0.1741,0.2602,0.2204,0,1
GRID_0342,21.502451,79.299411,Sausar Group,Schist,Schist,Stratiform/Stratabound,Metamorphic Terrain,0.56,2.865,0.481,491.79,13.42,30.48,0.0984,0.0403,0.3117,0.2566,0,1
GRID_0343,21.247222,79.312252,Other Metasedimentary,Phyllite,Phyllite,Stratiform/Stratabound,Metamorphic Terrain,10.0,1.044,0.232,381.2,6.35,147.08,0.4082,0.2474,0.3661,0.1466,1,1
GRID_0344,21.468774,79.69668,Other Metasedimentary,Schist,Schist,Stratiform/Stratabound,Metamorphic Terrain,2.592,0.891,0.924,500.82,3.79,295.44,0.5128,0.3901,0.2537,0.1889,1,1
GRID_0345,21.438729,80.518416,Gneiss,Gneiss,Gneiss,Other,Mixed Terrain,1.492,4.16,1.076,424.13,10.03,292.77,0.4751,0.1403,0.2977,0.2309,0,1
GRID_0346,21.623473,80.136002,Granite,Granite,Granite,Other,Mixed Terrain,1.975,0.739,1.8,372.0,14.59,49.96,0.2262,-0.0651,0.3323,0.2708,0,1
GRID_0347,21.63983,80.150138,Alluvium,Alluvium,Alluvium,Other,Mixed Terrain,2.81,1.971,1.523,508.77,8.94,175.58,0.5148,0.0814,0.2422,0.125,0,1
GRID_0348,21.138508,79.706688,Gneiss,Gneiss,Gneiss,Other,Mixed Terrain,0.184,0.245,1.473,438.51,7.83,172.74,0.4379,0.1335,0.1951,0.1476,1,1
GRID_0349,21.418421,80.031125,Other Metasedimentary,Phyllite,Phyllite,Stratiform/Stratabound,Metamorphic Terrain,1.66,4.856,1.089,393.61,3.14,116.54,0.5523,-0.0335,0.1879,0.1918,1,1
GRID_0350,21.631981,79.214184,Gneiss,Gneiss,Gneiss,Other,Mixed Terrain,3.972,0.8,0.323,321.0,11.79,330.19,0.5222,0.2533,0.2194,0.2786,0,1
GRID_0351,21.527666,80.090534,Alluvium,Alluvium,Alluvium,Other,Mixed Terrain,0.94,3.547,0.858,328.87,7.79,235.12,0.4819,0.2829,0.3415,0.1917,0,1
GRID_0352,21.828016,80.478602,Gneiss,Gneiss,Gneiss,Other,Mixed Terrain,8.54,1.017,1.673,502.0,10.8,352.87,0.4306,0.0798,0.3053,0.2562,0,1
GRID_0353,21.65989,80.057603,Granite,Granite,Granite,Other,Mixed Terrain,2.67,2.709,1.228,468.5,8.79,24.04,0.4758,0.2981,0.2247,0.1775,0,1
GRID_0354,21.238494,80.423178,Other Metasedimentary,Phyllite,Phyllite,Stratiform/Stratabound,Metamorphic Terrain,0.808,0.641,6.0,330.58,16.16,141.97,0.4761,0.0519,0.3272,0.2309,1,1
GRID_0355,21.159983,80.213562,Gneiss,Gneiss,Gneiss,Other,Mixed Terrain,0.977,1.933,1.751,328.97,5.77,300.65,0.6424,-0.0064,0.2717,0.1217,0,1
GRID_0356,21.646056,79.368782,Gneiss,Gneiss,Gneiss,Other,Mixed Terrain,3.835,1.443,0.49,608.72,5.92,152.17,0.85,0.0323,0.2248,0.1418,0,1
GRID_0357,21.122535,80.463435,Sausar Group,Marble,Marble,Stratiform/Stratabound,Metamorphic Terrain,3.092,0.671,1.594,469.49,12.05,94.28,0.2581,0.0641,0.2524,0.172,0,1
GRID_0358,21.597909,79.293021,Gneiss,Gneiss,Gneiss,Other,Mixed Terrain,3.031,3.088,2.591,532.81,12.15,359.21,0.02,0.2904,0.2682,0.1152,0,1
GRID_0359,21.899196,79.947554,Gneiss,Gneiss,Gneiss,Other,Mixed Terrain,2.532,3.527,0.263,556.84,12.28,314.32,0.3456,0.258,0.2496,0.1117,0,1
GRID_0360,21.589153,79.398992,Sausar Group,Quartzite,Quartzite,Stratiform/Stratabound,Metamorphic Terrain,2.635,1.912,3.508,351.11,7.95,196.73,0.2794,0.0519,0.3619,0.1599,1,1
GRID_0361,21.429944,79.216389,Sausar Group,Schist,Schist,Stratiform/Stratabound,Metamorphic Terrain,3.289,0.367,2.465,578.13,8.83,202.22,0.5646,0.0858,0.2295,0.0962,1,1
GRID_0362,21.646795,79.790848,Gneiss,Gneiss,Gneiss,Other,Mixed Terrain,3.635,0.36,3.336,338.39,2.61,2.47,0.6687,0.4278,0.1432,0.1761,0,1
GRID_0363,21.489515,79.613057,Alluvium,Alluvium,Alluvium,Other,Mixed Terrain,2.558,0.48,3.057,491.98,7.36,353.16,0.5605,0.2946,0.2619,0.2001,0,1
GRID_0364,21.563774,79.880401,Granite,Granite,Granite,Other,Mixed Terrain,2.168,2.4,1.228,420.14,9.11,290.27,0.3798,-0.0175,0.2196,0.1327,0,1
GRID_0365,21.900245,80.00808,Sausar Group,Mica Schist,Mica Schist,Stratiform/Stratabound,Metamorphic Terrain,1.042,0.794,0.626,491.5,9.11,13.22,0.5472,0.3657,0.146,0.1617,1,1
GRID_0366,21.428187,79.261235,Gneiss,Gneiss,Gneiss,Other,Mixed Terrain,2.322,5.361,1.761,412.09,4.97,63.48,0.6244,0.4959,0.2865,0.1601,0,1
GRID_0367,21.917012,79.372205,Sausar Group,Quartzite,Quartzite,Stratiform/Stratabound,Metamorphic Terrain,2.197,0.418,0.997,476.67,3.6,295.57,0.5365,0.1764,0.05,0.2753,1,1
GRID_0368,21.869548,79.982099,Granite,Granite,Granite,Other,Mixed Terrain,2.707,1.225,0.58,545.76,12.18,31.27,0.5182,0.1376,0.2602,0.1896,0,1
GRID_0369,21.266422,79.680434,Sausar Group,Schist,Schist,Stratiform/Stratabound,Metamorphic Terrain,1.6,3.436,0.562,525.17,11.55,339.04,0.4116,0.1203,0.0742,0.3154,1,1
GRID_0370,21.158957,80.220843,Sausar Group,Mica Schist,Mica Schist,Stratiform/Stratabound,Metamorphic Terrain,2.539,4.238,3.099,424.74,7.07,359.96,0.2351,0.1366,0.2404,0.1552,0,1
GRID_0371,21.185661,80.113208,Sausar Group,Mica Schist,Mica Schist,Stratiform/Stratabound,Metamorphic Terrain,2.506,1.951,0.873,348.95,12.13,319.12,0.6055,0.2876,0.2787,0.1551,1,1
GRID_0372,21.115489,80.383846,Granite,Granite,Granite,Other,Mixed Terrain,2.523,1.276,0.766,404.71,11.76,266.01,0.7011,0.0914,0.2912,0.249,0,1
GRID_0373,21.180277,80.16949,Sausar Group,Mica Schist,Mica Schist,Stratiform/Stratabound,Metamorphic Terrain,0.969,2.756,0.837,467.75,1.29,175.42,0.2096,0.2871,0.2966,0.04,1,1
GRID_0374,21.680556,79.801904,Granite,Granite,Granite,Other,Mixed Terrain,0.723,1.161,1.967,485.42,7.58,29.67,0.5526,0.1801,0.1662,0.2268,0,1
GRID_0375,21.16051,80.142153,Granite,Granite,Granite,Other,Mixed Terrain,6.935,0.372,3.704,520.95,13.35,262.96,0.3017,0.0974,0.2533,0.1744,0,1
GRID_0376,21.371129,79.585534,Granite,Granite,Granite,Other,Mixed Terrain,3.851,1.34,0.553,367.86,1.64,142.87,0.5047,0.2301,0.1909,0.1868,0,1
GRID_0377,21.818144,79.628839,Granite,Granite,Granite,Other,Mixed Terrain,1.959,0.996,3.163,350.75,2.2,205.28,0.2061,0.1498,0.1869,0.1599,0,1
GRID_0378,21.119781,80.304579,Other Metasedimentary,Schist,Schist,Stratiform/Stratabound,Metamorphic Terrain,2.369,3.899,1.891,343.32,10.51,105.62,0.5549,0.0906,0.2323,0.2154,1,1
GRID_0379,21.792298,79.824987,Sausar Group,Mica Schist,Mica Schist,Stratiform/Stratabound,Metamorphic Terrain,1.693,0.542,0.539,413.25,13.17,87.18,0.4984,0.176,0.2105,0.0692,1,1
GRID_0380,21.339577,80.317732,Granite,Granite,Granite,Other,Mixed Terrain,2.736,0.569,1.755,448.21,6.88,116.75,0.5623,0.1779,0.1675,0.1354,0,1
GRID_0381,21.20044,80.351391,Sausar Group,Mica Schist,Mica Schist,Stratiform/Stratabound,Metamorphic Terrain,2.665,0.889,0.977,461.45,6.12,292.98,0.5336,0.1132,0.2625,0.2976,1,1
GRID_0382,21.692227,80.400587,Sausar Group,Quartzite,Quartzite,Stratiform/Stratabound,Metamorphic Terrain,2.737,1.408,3.644,309.78,1.2,153.54,0.4599,0.0659,0.2784,0.1838,0,1
GRID_0383,21.634601,80.483289,Gneiss,Gneiss,Gneiss,Other,Mixed Terrain,1.062,5.764,0.558,348.96,6.81,112.21,0.5561,0.1926,0.1797,0.1091,0,1
GRID_0384,21.845851,79.803379,Gneiss,Gneiss,Gneiss,Other,Mixed Terrain,3.415,1.045,1.882,370.28,2.11,155.87,0.3587,0.2089,0.2271,0.1837,0,1
GRID_0385,21.72481,79.646414,Other Metasedimentary,Phyllite,Phyllite,Stratiform/Stratabound,Metamorphic Terrain,2.495,2.59,0.307,579.4,6.58,11.62,0.5221,0.236,0.2283,0.2248,1,1
GRID_0386,21.782959,80.015078,Gneiss,Gneiss,Gneiss,Other,Mixed Terrain,2.657,1.745,1.071,397.61,13.24,320.62,0.3416,0.2315,0.2294,0.1858,0,1
GRID_0387,21.339729,79.719641,Other Metasedimentary,Schist,Schist,Stratiform/Stratabound,Metamorphic Terrain,0.089,2.096,3.132,304.48,2.82,198.63,0.53,0.3647,0.236,0.1732,1,1
GRID_0388,21.250824,80.041504,Sausar Group,Marble,Marble,Stratiform/Stratabound,Metamorphic Terrain,1.354,2.41,3.286,462.43,6.99,37.74,0.3994,0.0277,0.2602,0.1446,0,1
GRID_0389,21.738023,80.18782,Sausar Group,Quartzite,Quartzite,Stratiform/Stratabound,Metamorphic Terrain,3.8,4.203,0.485,420.77,11.44,103.83,0.5082,0.4021,0.3217,0.1041,1,1
GRID_0390,21.78581,80.163767,Sausar Group,Marble,Marble,Stratiform/Stratabound,Metamorphic Terrain,2.632,0.957,0.225,330.13,4.9,354.08,0.3841,-0.0073,0.2491,0.0678,1,1
GRID_0391,21.941929,79.724374,Sausar Group,Mica Schist,Mica Schist,Stratiform/Stratabound,Metamorphic Terrain,4.623,1.355,0.97,389.74,9.63,213.5,0.3872,0.3547,0.2043,0.1301,1,1
GRID_0392,21.450725,79.433604,Gneiss,Gneiss,Gneiss,Other,Mixed Terrain,3.511,3.017,1.84,400.98,11.24,104.91,0.3943,0.2502,0.2392,0.2588,1,1
GRID_0393,21.416215,79.802741,Gneiss,Gneiss,Gneiss,Other,Mixed Terrain,2.32,2.173,0.683,419.53,8.31,153.48,0.217,0.1078,0.1656,0.1545,0,1
GRID_0394,21.759951,79.399632,Sausar Group,Mica Schist,Mica Schist,Stratiform/Stratabound,Metamorphic Terrain,3.604,0.181,0.675,509.05,8.4,93.05,0.5685,-0.1589,0.1772,0.1702,1,1
GRID_0395,21.389683,80.446136,Other Metasedimentary,Schist,Schist,Stratiform/Stratabound,Metamorphic Terrain,0.268,0.498,2.052,477.64,3.61,11.45,0.4374,-0.0293,0.2703,0.0886,1,1
GRID_0396,21.891144,79.684228,Other Metasedimentary,Schist,Schist,Stratiform/Stratabound,Metamorphic Terrain,5.197,2.405,0.348,440.63,6.4,303.13,0.2237,0.0913,0.05,0.1804,1,1
GRID_0397,21.829651,79.416244,Sausar Group,Schist,Schist,Stratiform/Stratabound,Metamorphic Terrain,1.014,0.681,1.138,513.82,8.65,105.29,0.3431,0.2424,0.2248,0.1558,1,1
GRID_0398,21.464645,79.235627,Sausar Group,Quartzite,Quartzite,Stratiform/Stratabound,Metamorphic Terrain,0.995,0.969,1.686,395.17,0.39,301.83,0.3342,0.1052,0.305,0.16,1,1
GRID_0399,21.73824,80.104151,Sausar Group,Schist,Schist,Stratiform/Stratabound,Metamorphic Terrain,4.497,2.575,0.604,368.36,0.2,172.28,0.4939,0.1746,0.2683,0.1443,1,1
GRID_0400,21.741361,80.091663,Sausar Group,Quartzite,Quartzite,Stratiform/Stratabound,Metamorphic Terrain,1.232,4.179,0.599,456.24,7.39,65.84,0.3965,0.1189,0.3002,0.1452,1,1
GRID_0401,21.187655,79.676846,Sausar Group,Mica Schist,Mica Schist,Stratiform/Stratabound,Metamorphic Terrain,0.564,4.913,4.216,449.68,9.52,288.67,0.5751,0.2036,0.2635,0.1654,1,1
GRID_0402,21.86717,79.300397,Granite,Granite,Granite,Other,Mixed Terrain,1.495,1.485,2.541,304.55,8.35,135.76,0.2388,-0.0137,0.3794,0.1781,0,1
GRID_0403,21.529465,79.77348,Sausar Group,Marble,Marble,Stratiform/Stratabound,Metamorphic Terrain,0.05,3.066,0.646,556.92,1.52,254.78,0.4994,0.143,0.1538,0.0444,1,1
GRID_0404,21.802489,79.635704,Granite,Granite,Granite,Other,Mixed Terrain,3.098,3.33,0.349,343.41,12.41,301.4,0.4867,0.2537,0.2481,0.0791,0,1
GRID_0405,21.372042,80.147969,Other Metasedimentary,Schist,Schist,Stratiform/Stratabound,Metamorphic Terrain,3.088,1.12,0.726,475.01,8.41,346.67,0.3628,0.5337,0.2909,0.1484,1,1
GRID_0406,21.861195,80.048091,Gneiss,Gneiss,Gneiss,Other,Mixed Terrain,1.632,2.872,1.694,476.98,11.88,30.89,0.4707,0.298,0.2105,0.2353,0,1
GRID_0407,21.430821,79.710431,Other Metasedimentary,Schist,Schist,Stratiform/Stratabound,Metamorphic Terrain,6.025,2.719,1.089,250.0,5.45,3.02,0.4241,0.1541,0.3225,0.095,1,1
GRID_0408,21.109212,79.50505,Sausar Group,Schist,Schist,Stratiform/Stratabound,Metamorphic Terrain,0.487,2.557,0.509,449.31,9.06,197.43,0.6233,0.0906,0.2823,0.2148,1,1
GRID_0409,21.869575,80.58325,Granite,Granite,Granite,Other,Mixed Terrain,1.915,2.564,1.804,569.18,10.08,95.13,0.4436,0.244,0.1356,0.2794,0,1
GRID_0410,21.177594,79.835602,Gneiss,Gneiss,Gneiss,Other,Mixed Terrain,2.654,4.217,0.382,369.64,12.02,168.88,0.612,0.0627,0.2653,0.164,0,1
GRID_0411,21.371417,80.163584,Sausar Group,Marble,Marble,Stratiform/Stratabound,Metamorphic Terrain,1.032,0.317,1.536,268.68,11.68,26.16,0.5634,0.2002,0.2826,0.1531,1,1
GRID_0412,21.907553,79.396774,Sausar Group,Schist,Schist,Stratiform/Stratabound,Metamorphic Terrain,0.431,1.31,4.358,420.04,4.8,180.57,0.2307,0.2243,0.3543,0.2123,0,1
GRID_0413,21.908016,79.879826,Gneiss,Gneiss,Gneiss,Other,Mixed Terrain,2.732,4.073,1.329,469.61,7.54,44.95,0.4166,0.1524,0.2274,0.1865,0,1
GRID_0414,21.587422,79.238551,Gneiss,Gneiss,Gneiss,Other,Mixed Terrain,3.153,0.386,1.381,422.59,5.91,301.89,0.5631,0.3161,0.2791,0.1427,0,1
GRID_0415,21.637062,79.907637,Granite,Granite,Granite,Other,Mixed Terrain,0.549,0.244,0.541,349.22,8.57,273.42,0.4691,0.1668,0.258,0.1964,0,1
GRID_0416,21.481179,80.549624,Granite,Granite,Granite,Other,Mixed Terrain,0.574,0.524,0.969,342.43,2.25,26.67,0.4431,0.117,0.2006,0.1388,0,1
GRID_0417,21.349229,79.737889,Granite,Granite,Granite,Other,Mixed Terrain,5.428,4.063,0.752,292.12,1.64,301.09,0.453,0.1086,0.2156,0.2626,0,1
GRID_0418,21.379365,79.254594,Sausar Group,Quartzite,Quartzite,Stratiform/Stratabound,Metamorphic Terrain,4.649,2.104,1.37,270.63,17.54,116.99,0.5271,-0.0008,0.0865,0.1671,1,1
GRID_0419,21.671641,79.243338,Sausar Group,Mica Schist,Mica Schist,Stratiform/Stratabound,Metamorphic Terrain,1.575,4.292,0.716,400.84,15.74,127.03,0.3681,-0.019,0.2069,0.2054,1,1
GRID_0420,21.739518,79.743181,Sausar Group,Marble,Marble,Stratiform/Stratabound,Metamorphic Terrain,6.139,1.506,0.772,466.04,12.66,64.73,0.3842,0.2639,0.35,0.2799,1,1
GRID_0421,21.772842,79.424035,Sausar Group,Marble,Marble,Stratiform/Stratabound,Metamorphic Terrain,4.291,3.236,2.432,443.53,9.94,300.71,0.5642,0.387,0.2279,0.1692,1,1
GRID_0422,21.771175,79.232693,Other Metasedimentary,Phyllite,Phyllite,Stratiform/Stratabound,Metamorphic Terrain,9.471,1.779,1.2,451.33,11.1,145.69,0.4633,0.4808,0.2991,0.1349,1,1
GRID_0423,21.177525,80.258699,Gneiss,Gneiss,Gneiss,Other,Mixed Terrain,1.974,2.641,1.963,483.71,11.11,17.58,0.4018,0.3365,0.2559,0.1457,0,1
GRID_0424,21.520257,79.841932,Alluvium,Alluvium,Alluvium,Other,Mixed Terrain,4.494,0.729,4.82,541.2,14.62,347.85,0.4358,0.2529,0.2697,0.1798,1,1
GRID_0425,21.148925,79.604943,Sausar Group,Marble,Marble,Stratiform/Stratabound,Metamorphic Terrain,5.19,2.172,1.457,432.35,6.03,92.12,0.5119,0.2231,0.3796,0.1714,1,1
GRID_0426,21.5671,80.460116,Granite,Granite,Granite,Other,Mixed Terrain,0.676,2.328,4.068,459.3,4.97,337.02,0.4272,0.3634,0.2114,0.1693,0,1
GRID_0427,21.475301,79.362595,Sausar Group,Marble,Marble,Stratiform/Stratabound,Metamorphic Terrain,1.471,2.484,1.237,459.87,7.94,108.45,0.4556,0.1284,0.2109,0.201,1,1
GRID_0428,21.854549,80.538286,Sausar Group,Quartzite,Quartzite,Stratiform/Stratabound,Metamorphic Terrain,3.744,7.534,1.939,442.52,10.38,299.31,0.1557,0.4321,0.3161,0.1873,1,1
GRID_0429,21.398278,79.639553,Sausar Group,Mica Schist,Mica Schist,Stratiform/Stratabound,Metamorphic Terrain,2.187,2.71,2.488,431.63,6.98,239.12,0.469,0.1744,0.2344,0.1523,1,1
GRID_0430,21.199507,80.443765,Alluvium,Alluvium,Alluvium,Other,Mixed Terrain,1.576,6.14,0.936,438.53,5.79,310.06,0.4092,0.2163,0.2209,0.1806,0,1
GRID_0431,21.221543,80.04412,Gneiss,Gneiss,Gneiss,Other,Mixed Terrain,5.162,0.8,1.717,562.73,13.75,351.4,0.5772,0.1835,0.3068,0.1386,0,1
GRID_0432,21.747284,80.35739,Gneiss,Gneiss,Gneiss,Other,Mixed Terrain,1.051,1.725,0.897,551.76,4.65,313.73,0.422,0.3375,0.2581,0.151,0,1
GRID_0433,21.625485,80.577618,Granite,Granite,Granite,Other,Mixed Terrain,1.48,0.166,1.609,284.89,13.87,145.32,0.6672,0.1784,0.2294,0.04,0,1
GRID_0434,21.185954,79.603768,Other Metasedimentary,Phyllite,Phyllite,Stratiform/Stratabound,Metamorphic Terrain,3.213,0.58,0.66,448.58,11.85,293.22,0.5279,0.2367,0.2161,0.13,1,1
GRID_0435,21.171491,80.54559,Sausar Group,Mica Schist,Mica Schist,Stratiform/Stratabound,Metamorphic Terrain,3.494,1.048,0.45,430.59,15.65,256.19,0.3109,0.0093,0.181,0.2289,1,1
GRID_0436,21.695824,79.745275,Sausar Group,Schist,Schist,Stratiform/Stratabound,Metamorphic Terrain,0.483,5.189,0.614,537.11,16.73,22.18,0.2325,0.1529,0.1316,0.2177,1,1
GRID_0437,21.161849,79.739717,Granite,Granite,Granite,Other,Mixed Terrain,4.083,4.671,0.983,426.96,9.48,334.71,0.4168,0.3266,0.3178,0.2239,0,1
GRID_0438,21.798581,79.676542,Alluvium,Alluvium,Alluvium,Other,Mixed Terrain,1.456,2.261,1.252,451.38,16.31,167.75,0.4346,0.0617,0.2103,0.2055,0,1
GRID_0439,21.700306,79.957971,Other Metasedimentary,Phyllite,Phyllite,Stratiform/Stratabound,Metamorphic Terrain,2.274,1.054,2.456,374.76,10.02,48.4,0.1584,0.1762,0.1207,0.1509,0,1
GRID_0440,21.169146,79.415803,Sausar Group,Marble,Marble,Stratiform/Stratabound,Metamorphic Terrain,3.53,0.874,4.069,499.14,9.58,153.14,0.4217,0.1744,0.3648,0.1041,0,1
GRID_0441,21.172112,79.975196,Other Metasedimentary,Phyllite,Phyllite,Stratiform/Stratabound,Metamorphic Terrain,0.944,1.864,0.797,324.27,8.78,217.13,0.3773,0.0982,0.2461,0.161,1,1
GRID_0442,21.938644,79.958387,Other Metasedimentary,Phyllite,Phyllite,Stratiform/Stratabound,Metamorphic Terrain,5.629,2.925,0.469,404.05,6.26,206.26,0.4622,0.3226,0.2416,0.04,1,1
GRID_0443,21.41813,80.266663,Sausar Group,Marble,Marble,Stratiform/Stratabound,Metamorphic Terrain,0.843,4.11,2.965,340.39,11.04,206.93,0.7528,0.2493,0.1289,0.2485,1,1
GRID_0444,21.415046,80.36711,Granite,Granite,Granite,Other,Mixed Terrain,1.028,3.086,2.287,404.42,12.6,92.1,0.1628,0.3063,0.2807,0.1923,0,1
GRID_0445,21.79088,79.816618,Granite,Granite,Granite,Other,Mixed Terrain,1.951,0.274,0.946,383.34,2.41,227.77,0.5812,0.3272,0.2028,0.2313,1,1
GRID_0446,21.905161,79.623267,Other Metasedimentary,Quartzite,Quartzite,Stratiform/Stratabound,Metamorphic Terrain,4.671,1.346,1.246,501.14,18.24,326.67,0.5077,0.1843,0.203,0.1492,0,1
GRID_0447,21.938101,79.563069,Sausar Group,Quartzite,Quartzite,Stratiform/Stratabound,Metamorphic Terrain,2.465,0.398,0.692,411.39,14.5,139.92,0.3505,0.4004,0.269,0.0836,0,1
GRID_0448,21.740371,79.472473,Alluvium,Alluvium,Alluvium,Other,Mixed Terrain,2.639,2.809,2.994,556.8,5.67,227.01,0.4339,0.0097,0.2485,0.1911,0,1
GRID_0449,21.419821,79.280707,Sausar Group,Marble,Marble,Stratiform/Stratabound,Metamorphic Terrain,0.897,4.027,1.477,409.52,10.25,87.84,0.5762,0.159,0.172,0.1903,1,1
GRID_0450,21.170976,79.679427,Alluvium,Alluvium,Alluvium,Other,Mixed Terrain,2.099,1.962,0.819,337.97,7.83,17.38,0.4478,0.2009,0.1403,0.1718,0,1
GRID_0451,21.760575,79.578347,Granite,Granite,Granite,Other,Mixed Terrain,1.651,1.991,1.571,409.37,9.33,210.86,0.1202,-0.0635,0.2516,0.1971,0,1
GRID_0452,21.574644,80.552984,Gneiss,Gneiss,Gneiss,Other,Mixed Terrain,1.098,0.61,1.628,470.53,7.46,17.12,0.4883,0.3781,0.2455,0.1513,0,1
GRID_0453,21.460589,79.980792,Other Metasedimentary,Quartzite,Quartzite,Stratiform/Stratabound,Metamorphic Terrain,2.955,2.849,3.303,573.36,10.09,260.49,0.5455,0.0584,0.4224,0.1919,1,1
GRID_0454,21.870401,79.686188,Other Metasedimentary,Schist,Schist,Stratiform/Stratabound,Metamorphic Terrain,2.651,4.532,2.314,375.19,3.72,241.33,0.3639,0.1895,0.0826,0.2081,1,1
GRID_0455,21.194518,80.012655,Other Metasedimentary,Phyllite,Phyllite,Stratiform/Stratabound,Metamorphic Terrain,4.5,2.597,0.313,570.99,16.76,132.96,0.5682,0.2857,0.2503,0.2805,0,1
GRID_0456,21.518731,79.394875,Sausar Group,Schist,Schist,Stratiform/Stratabound,Metamorphic Terrain,2.165,1.529,2.611,413.86,4.03,148.06,0.5808,0.5045,0.1264,0.2259,0,1
GRID_0457,21.109651,79.821661,Gneiss,Gneiss,Gneiss,Other,Mixed Terrain,2.199,3.474,0.687,392.16,10.21,330.39,0.6389,-0.0531,0.211,0.1056,0,1
GRID_0458,21.498362,80.076728,Sausar Group,Mica Schist,Mica Schist,Stratiform/Stratabound,Metamorphic Terrain,3.275,1.782,2.762,495.93,5.29,4.73,0.5905,0.2635,0.2101,0.1566,0,1
GRID_0459,21.147858,79.884457,Granite,Granite,Granite,Other,Mixed Terrain,3.884,1.061,0.226,550.99,7.38,202.79,0.8372,0.1414,0.2779,0.1287,0,1
GRID_0460,21.200995,79.76249,Gneiss,Gneiss,Gneiss,Other,Mixed Terrain,5.04,0.742,2.516,477.36,9.85,332.41,0.6166,0.2707,0.2799,0.2623,0,1
GRID_0461,21.199897,80.591388,Granite,Granite,Granite,Other,Mixed Terrain,0.755,2.262,1.56,309.73,8.39,329.04,0.4572,0.3112,0.3355,0.1506,0,1
GRID_0462,21.651829,80.432441,Granite,Granite,Granite,Other,Mixed Terrain,1.837,1.808,1.915,458.31,8.52,210.48,0.5582,0.2386,0.2573,0.1642,0,1
GRID_0463,21.734138,80.072768,Other Metasedimentary,Schist,Schist,Stratiform/Stratabound,Metamorphic Terrain,5.167,5.79,2.515,614.85,6.53,137.24,0.4511,0.1911,0.309,0.1733,1,1
GRID_0464,21.595863,79.997128,Sausar Group,Mica Schist,Mica Schist,Stratiform/Stratabound,Metamorphic Terrain,2.349,0.895,1.093,250.0,5.23,35.61,0.3903,0.032,0.3363,0.2042,1,1
GRID_0465,21.917847,80.068925,Gneiss,Gneiss,Gneiss,Other,Mixed Terrain,2.984,1.033,0.781,461.74,10.65,62.56,0.2634,0.042,0.2581,0.1086,1,1
GRID_0466,21.41864,79.481837,Granite,Granite,Granite,Other,Mixed Terrain,0.931,0.143,1.242,405.81,4.58,244.68,0.4109,0.2928,0.3222,0.1794,0,1
GRID_0467,21.342855,79.753193,Sausar Group,Marble,Marble,Stratiform/Stratabound,Metamorphic Terrain,1.041,3.416,0.656,350.45,5.4,5.99,0.5733,0.0597,0.2549,0.2363,0,1
GRID_0468,21.838309,79.255243,Sausar Group,Mica Schist,Mica Schist,Stratiform/Stratabound,Metamorphic Terrain,6.107,1.713,1.194,517.84,5.45,318.05,0.3017,0.2396,0.2395,0.1603,1,1
GRID_0469,21.290056,79.865764,Other Metasedimentary,Schist,Schist,Stratiform/Stratabound,Metamorphic Terrain,8.56,1.119,0.619,282.29,6.67,211.66,0.4971,0.3623,0.1949,0.2897,1,1
GRID_0470,21.918739,79.960234,Other Metasedimentary,Schist,Schist,Stratiform/Stratabound,Metamorphic Terrain,1.198,2.121,1.872,400.23,2.32,16.25,0.3763,-0.0017,0.2667,0.1269,1,1
GRID_0471,21.110331,79.51885,Other Metasedimentary,Schist,Schist,Stratiform/Stratabound,Metamorphic Terrain,1.498,3.667,1.097,515.1,2.38,86.32,0.4383,0.3628,0.264,0.1497,1,1
GRID_0472,21.924397,80.54964,Other Metasedimentary,Phyllite,Phyllite,Stratiform/Stratabound,Metamorphic Terrain,6.608,4.384,2.416,505.38,10.17,213.91,0.4294,0.358,0.2649,0.2265,1,1
GRID_0473,21.136686,80.473236,Sausar Group,Marble,Marble,Stratiform/Stratabound,Metamorphic Terrain,3.287,2.726,0.659,480.7,10.22,12.82,0.4696,0.228,0.3198,0.182,0,1
GRID_0474,21.857472,80.211001,Granite,Granite,Granite,Other,Mixed Terrain,0.94,0.801,0.748,444.69,9.24,280.8,0.8013,0.0939,0.3035,0.1663,0,1
GRID_0475,21.548546,79.946741,Gneiss,Gneiss,Gneiss,Other,Mixed Terrain,2.761,0.765,2.404,419.46,13.5,331.17,0.3559,0.2545,0.1368,0.1128,1,1
GRID_0476,21.94402,80.417957,Granite,Granite,Granite,Other,Mixed Terrain,1.853,2.879,0.515,390.03,4.47,346.04,0.4335,0.1551,0.1381,0.145,0,1
GRID_0477,21.162727,79.382913,Granite,Granite,Granite,Other,Mixed Terrain,3.322,0.884,0.364,347.44,1.1,264.12,0.4051,0.0809,0.2486,0.2898,0,1
GRID_0478,21.570776,80.306714,Granite,Granite,Granite,Other,Mixed Terrain,2.45,2.344,0.749,499.13,11.14,308.46,0.1994,0.1994,0.1717,0.1992,0,1
GRID_0479,21.923907,79.374749,Gneiss,Gneiss,Gneiss,Other,Mixed Terrain,1.554,2.226,1.9,447.93,1.01,219.85,0.5771,0.0574,0.2333,0.2146,0,1
GRID_0480,21.544633,80.311895,Gneiss,Gneiss,Gneiss,Other,Mixed Terrain,1.751,0.417,1.097,501.65,7.45,165.08,0.3062,0.0144,0.1762,0.1426,1,1
GRID_0481,21.634989,79.586075,Sausar Group,Schist,Schist,Stratiform/Stratabound,Metamorphic Terrain,2.306,1.339,2.696,363.59,9.11,256.73,0.6591,0.1039,0.2468,0.1917,1,1
GRID_0482,21.691386,80.427927,Granite,Granite,Granite,Other,Mixed Terrain,0.413,0.091,1.637,361.74,16.24,80.71,0.314,-0.0609,0.1687,0.1634,0,1
GRID_0483,21.48636,80.521659,Gneiss,Gneiss,Gneiss,Other,Mixed Terrain,1.564,1.386,2.859,472.21,5.81,39.52,0.5009,0.3478,0.2681,0.1052,1,1
GRID_0484,21.633424,79.408314,Gneiss,Gneiss,Gneiss,Other,Mixed Terrain,3.224,4.703,1.804,250.0,6.11,274.27,0.7167,0.2523,0.1651,0.1359,0,1
GRID_0485,21.596667,79.847746,Sausar Group,Marble,Marble,Stratiform/Stratabound,Metamorphic Terrain,1.163,1.826,0.161,250.0,10.64,344.95,0.5122,0.0595,0.2495,0.1488,1,1
GRID_0486,21.865984,80.573382,Alluvium,Alluvium,Alluvium,Other,Mixed Terrain,2.114,0.896,1.365,516.12,10.41,207.89,0.3453,0.1086,0.1219,0.3057,0,1
GRID_0487,21.138629,79.87677,Sausar Group,Marble,Marble,Stratiform/Stratabound,Metamorphic Terrain,1.405,4.824,0.617,369.89,6.63,173.72,0.2964,0.2862,0.1609,0.2922,1,1
GRID_0488,21.338819,80.408967,Granite,Granite,Granite,Other,Mixed Terrain,3.958,1.275,1.379,446.41,8.74,192.39,0.088,0.3582,0.2894,0.0796,0,1
GRID_0489,21.90785,80.024224,Alluvium,Alluvium,Alluvium,Other,Mixed Terrain,2.551,1.964,0.299,462.27,5.05,172.25,0.3794,0.195,0.3297,0.1304,1,1
GRID_0490,21.856724,79.725462,Gneiss,Gneiss,Gneiss,Other,Mixed Terrain,1.788,2.817,4.791,517.99,9.79,159.19,0.2119,0.1439,0.3038,0.1691,0,1
GRID_0491,21.487308,79.600097,Sausar Group,Mica Schist,Mica Schist,Stratiform/Stratabound,Metamorphic Terrain,7.446,3.554,0.447,392.6,1.63,340.93,0.4341,-0.0487,0.293,0.1816,0,1
GRID_0492,21.627113,79.484512,Gneiss,Gneiss,Gneiss,Other,Mixed Terrain,2.136,4.84,2.029,397.25,19.63,172.71,0.3704,0.135,0.3437,0.1721,0,1
GRID_0493,21.335774,80.266517,Gneiss,Gneiss,Gneiss,Other,Mixed Terrain,3.247,1.52,1.188,377.69,10.88,29.2,0.4544,0.0207,0.3076,0.291,0,1
GRID_0494,21.259903,79.741157,Alluvium,Alluvium,Alluvium,Other,Mixed Terrain,3.866,1.323,0.453,482.79,3.59,275.59,0.2543,0.0165,0.1328,0.1517,0,1
GRID_0495,21.494144,79.915786,Alluvium,Alluvium,Alluvium,Other,Mixed Terrain,10.0,2.395,1.153,486.57,6.93,140.96,0.3541,0.3526,0.3067,0.289,0,1
GRID_0496,21.400349,79.889256,Gneiss,Gneiss,Gneiss,Other,Mixed Terrain,3.315,3.122,2.952,538.65,3.79,255.85,0.5216,0.1636,0.3056,0.2377,1,1
GRID_0497,21.596108,80.008191,Granite,Granite,Granite,Other,Mixed Terrain,1.022,2.377,0.898,324.05,4.73,208.64,0.4849,0.1997,0.1089,0.1762,0,1
GRID_0498,21.166074,80.411808,Sausar Group,Mica Schist,Mica Schist,Stratiform/Stratabound,Metamorphic Terrain,1.413,1.148,1.569,619.87,8.85,256.74,0.144,0.2369,0.1929,0.1413,0,1
GRID_0499,21.928236,80.573035,Sausar Group,Schist,Schist,Stratiform/Stratabound,Metamorphic Terrain,2.205,5.053,2.717,403.44,13.57,22.32,0.5615,0.1551,0.3505,0.1404,1,1
GRID_0500,21.938279,79.770618,Granite,Granite,Granite,Other,Mixed Terrain,2.065,2.752,1.693,425.89,7.6,12.19,0.2648,0.1895,0.2309,0.2966,0,1
GRID_0501,21.693437,80.358526,Gneiss,Gneiss,Gneiss,Other,Mixed Terrain,0.894,6.315,1.749,443.89,0.44,136.27,0.1871,0.1827,0.1601,0.2233,0,1
GRID_0502,21.555682,80.270339,Granite,Granite,Granite,Other,Mixed Terrain,10.0,7.41,0.327,352.58,5.54,249.54,0.3963,0.1203,0.3005,0.1977,0,1
GRID_0503,21.363098,80.002941,Sausar Group,Marble,Marble,Stratiform/Stratabound,Metamorphic Terrain,4.119,0.502,1.561,395.01,5.81,80.53,0.8187,0.2183,0.2207,0.0483,1,1
GRID_0504,21.791726,80.538466,Sausar Group,Mica Schist,Mica Schist,Stratiform/Stratabound,Metamorphic Terrain,5.251,2.097,1.293,554.15,8.36,156.02,0.3782,0.1676,0.213,0.1503,0,1
GRID_0505,21.682021,79.480664,Granite,Granite,Granite,Other,Mixed Terrain,8.454,0.973,3.208,555.48,7.44,353.09,0.4473,0.1924,0.3012,0.1578,0,1
GRID_0506,21.238224,79.35297,Sausar Group,Quartzite,Quartzite,Stratiform/Stratabound,Metamorphic Terrain,3.803,2.394,5.297,447.43,0.2,77.35,0.5413,0.1806,0.2683,0.1931,0,1
GRID_0507,21.874288,80.395547,Alluvium,Alluvium,Alluvium,Other,Mixed Terrain,2.559,1.01,1.484,518.72,4.3,305.26,0.2923,0.4538,0.2317,0.1718,0,1
GRID_0508,21.799157,79.81481,Sausar Group,Marble,Marble,Stratiform/Stratabound,Metamorphic Terrain,6.135,0.426,4.568,464.92,3.57,297.17,0.4806,0.3186,0.2632,0.157,1,1
GRID_0509,21.90733,80.385756,Gneiss,Gneiss,Gneiss,Other,Mixed Terrain,2.6,3.624,0.904,425.14,11.59,320.89,0.2992,0.2886,0.2278,0.1993,0,1
GRID_0510,21.716862,80.450326,Other Metasedimentary,Quartzite,Quartzite,Stratiform/Stratabound,Metamorphic Terrain,1.702,3.915,2.904,365.93,6.86,329.45,0.5199,0.2458,0.304,0.234,1,1
GRID_0511,21.621403,79.287441,Sausar Group,Schist,Schist,Stratiform/Stratabound,Metamorphic Terrain,0.233,2.114,5.139,356.78,0.2,182.64,0.4948,0.2397,0.1408,0.1442,1,1
GRID_0512,21.455507,80.436851,Granite,Granite,Granite,Other,Mixed Terrain,3.847,2.63,1.392,365.6,4.53,245.5,0.4805,0.1405,0.2265,0.1206,0,1
GRID_0513,21.892819,79.827647,Sausar Group,Marble,Marble,Stratiform/Stratabound,Metamorphic Terrain,5.699,6.037,1.811,567.26,12.7,222.8,0.458,0.3369,0.2111,0.1462,1,1
GRID_0514,21.836154,79.914605,Gneiss,Gneiss,Gneiss,Other,Mixed Terrain,2.684,0.231,1.579,504.23,5.6,111.22,0.7524,0.2261,0.2614,0.1224,0,1
GRID_0515,21.138436,80.07723,Gneiss,Gneiss,Gneiss,Other,Mixed Terrain,3.605,0.681,0.607,552.48,5.28,100.72,0.468,0.2617,0.1611,0.164,0,1
GRID_0516,21.122412,80.496936,Granite,Granite,Granite,Other,Mixed Terrain,0.948,2.696,1.848,463.97,7.32,122.97,0.5151,0.1389,0.345,0.3002,0,1
GRID_0517,21.419994,79.226763,Granite,Granite,Granite,Other,Mixed Terrain,0.915,0.44,2.892,355.16,8.9,78.64,0.4891,0.0581,0.1881,0.1596,0,1
GRID_0518,21.78897,79.867581,Other Metasedimentary,Schist,Schist,Stratiform/Stratabound,Metamorphic Terrain,8.251,1.095,1.645,481.28,7.43,272.66,0.2698,0.339,0.3141,0.114,1,1
GRID_0519,21.939185,80.162811,Sausar Group,Schist,Schist,Stratiform/Stratabound,Metamorphic Terrain,2.339,1.337,2.83,537.93,12.09,347.25,0.307,0.1981,0.2824,0.1535,1,1
GRID_0520,21.227854,80.21179,Sausar Group,Schist,Schist,Stratiform/Stratabound,Metamorphic Terrain,2.552,0.696,1.347,484.38,7.43,312.4,0.2566,0.1129,0.255,0.2737,1,1
GRID_0521,21.605011,80.169545,Other Metasedimentary,Schist,Schist,Stratiform/Stratabound,Metamorphic Terrain,3.394,2.394,1.444,318.07,10.7,78.46,0.3048,0.228,0.2572,0.1633,1,1
GRID_0522,21.423757,79.388209,Gneiss,Gneiss,Gneiss,Other,Mixed Terrain,0.968,1.703,0.213,304.69,8.79,18.69,0.3489,0.1653,0.11,0.1315,0,1
GRID_0523,21.924427,79.619154,Other Metasedimentary,Schist,Schist,Stratiform/Stratabound,Metamorphic Terrain,3.519,1.174,0.315,484.09,2.83,272.55,0.3977,0.397,0.2047,0.0761,1,1
GRID_0524,21.815801,79.702202,Gneiss,Gneiss,Gneiss,Other,Mixed Terrain,8.009,8.0,3.35,403.44,15.14,140.48,0.3958,0.1301,0.4676,0.16,0,1
GRID_0525,21.812579,80.326212,Other Metasedimentary,Phyllite,Phyllite,Stratiform/Stratabound,Metamorphic Terrain,1.497,0.614,1.931,456.55,12.62,296.86,0.5222,0.2425,0.2549,0.0931,0,1
GRID_0526,21.498389,79.590264,Granite,Granite,Granite,Other,Mixed Terrain,5.308,1.018,0.455,368.5,5.73,280.52,0.6461,0.3322,0.2688,0.193,0,1
GRID_0527,21.452597,79.494987,Alluvium,Alluvium,Alluvium,Other,Mixed Terrain,2.375,1.518,0.53,440.77,7.56,225.15,0.6129,0.2718,0.1057,0.1547,0,1
GRID_0528,21.332396,80.540427,Other Metasedimentary,Quartzite,Quartzite,Stratiform/Stratabound,Metamorphic Terrain,1.698,2.749,0.457,336.48,10.46,91.92,0.4745,0.2559,0.223,0.0544,1,1
GRID_0529,21.147919,79.212409,Gneiss,Gneiss,Gneiss,Other,Mixed Terrain,9.827,4.024,1.267,451.01,8.72,37.45,0.2971,0.109,0.215,0.2798,0,1
GRID_0530,21.835014,80.596949,Sausar Group,Marble,Marble,Stratiform/Stratabound,Metamorphic Terrain,7.305,0.315,2.058,491.91,8.43,90.95,0.5979,0.1964,0.1882,0.3083,1,1
GRID_0531,21.790966,80.14755,Sausar Group,Marble,Marble,Stratiform/Stratabound,Metamorphic Terrain,5.397,3.829,0.844,496.62,10.02,183.51,0.3419,0.2446,0.2802,0.1954,1,1
GRID_0532,21.94976,80.359857,Sausar Group,Marble,Marble,Stratiform/Stratabound,Metamorphic Terrain,3.274,0.449,1.225,318.93,9.41,352.61,0.4995,0.2037,0.2101,0.2722,1,1
GRID_0533,21.947141,79.612467,Sausar Group,Mica Schist,Mica Schist,Stratiform/Stratabound,Metamorphic Terrain,2.584,1.523,1.262,469.86,9.43,22.93,0.475,0.3875,0.1893,0.1938,0,1
GRID_0534,21.572117,79.220041,Sausar Group,Mica Schist,Mica Schist,Stratiform/Stratabound,Metamorphic Terrain,5.046,2.643,0.783,380.06,8.37,72.03,0.2602,0.1568,0.1371,0.0632,1,1
GRID_0535,21.753639,80.233017,Gneiss,Gneiss,Gneiss,Other,Mixed Terrain,2.677,6.192,1.733,559.79,10.56,225.82,0.3459,0.1847,0.1626,0.1647,0,1
GRID_0536,21.903051,80.367802,Gneiss,Gneiss,Gneiss,Other,Mixed Terrain,0.25,1.737,1.258,511.27,8.84,109.57,0.5121,0.5416,0.1712,0.1421,0,1
GRID_0537,21.8222,80.236667,Granite,Granite,Granite,Other,Mixed Terrain,0.774,1.027,1.74,432.2,8.94,309.06,0.4056,0.2962,0.216,0.0902,1,1
GRID_0538,21.310246,79.39999,Gneiss,Gneiss,Gneiss,Other,Mixed Terrain,8.466,1.667,2.071,615.47,13.5,50.19,0.85,0.0445,0.2054,0.1801,0,1
GRID_0539,21.482963,80.254799,Sausar Group,Marble,Marble,Stratiform/Stratabound,Metamorphic Terrain,3.052,1.792,0.132,368.15,9.73,346.74,0.3588,0.2497,0.1961,0.1353,1,1
GRID_0540,21.209786,80.276492,Sausar Group,Quartzite,Quartzite,Stratiform/Stratabound,Metamorphic Terrain,2.147,2.242,1.583,425.16,9.32,328.45,0.2687,0.291,0.1221,0.1913,1,1
GRID_0541,21.910943,80.121957,Sausar Group,Marble,Marble,Stratiform/Stratabound,Metamorphic Terrain,5.364,8.0,1.323,476.01,4.44,319.51,0.4417,0.0678,0.1696,0.224,1,1
GRID_0542,21.615248,80.272562,Granite,Granite,Granite,Other,Mixed Terrain,1.361,2.111,1.796,602.93,4.65,62.3,0.3784,0.1379,0.2489,0.2819,1,1
GRID_0543,21.294346,80.38429,Sausar Group,Schist,Schist,Stratiform/Stratabound,Metamorphic Terrain,3.129,0.198,2.972,554.41,12.57,118.62,0.1556,0.0132,0.3421,0.178,1,1
GRID_0544,21.670946,80.059046,Sausar Group,Mica Schist,Mica Schist,Stratiform/Stratabound,Metamorphic Terrain,3.33,3.064,1.277,498.15,10.28,289.47,0.5637,0.2211,0.352,0.1127,1,1
GRID_0545,21.625409,79.324047,Granite,Granite,Granite,Other,Mixed Terrain,1.74,2.148,0.18,355.42,11.67,290.81,0.5886,-0.047,0.38,0.1478,1,1
GRID_0546,21.404438,79.882679,Other Metasedimentary,Phyllite,Phyllite,Stratiform/Stratabound,Metamorphic Terrain,2.962,1.903,0.676,355.29,8.79,253.86,0.5666,0.0696,0.2584,0.1548,0,1
GRID_0547,21.196524,79.308709,Sausar Group,Marble,Marble,Stratiform/Stratabound,Metamorphic Terrain,1.121,4.44,4.802,489.11,9.59,161.3,0.4813,-0.0136,0.2361,0.3179,0,1
GRID_0548,21.670837,79.77056,Gneiss,Gneiss,Gneiss,Other,Mixed Terrain,0.837,3.809,0.843,323.54,7.42,112.17,0.4084,0.226,0.2844,0.1736,0,1
GRID_0549,21.542262,79.769949,Gneiss,Gneiss,Gneiss,Other,Mixed Terrain,2.402,0.578,0.812,457.23,7.89,346.66,0.4576,0.1326,0.2149,0.2105,1,1
GRID_0550,21.756471,79.292414,Alluvium,Alluvium,Alluvium,Other,Mixed Terrain,4.091,1.594,0.61,498.36,6.33,50.13,0.4104,0.2356,0.2962,0.2453,1,1
GRID_0551,21.542139,79.688349,Other Metasedimentary,Quartzite,Quartzite,Stratiform/Stratabound,Metamorphic Terrain,2.997,0.408,0.717,304.39,13.33,15.75,0.3286,-0.0769,0.2287,0.2626,1,1
GRID_0552,21.824354,79.355397,Sausar Group,Quartzite,Quartzite,Stratiform/Stratabound,Metamorphic Terrain,2.407,0.325,1.123,485.07,5.15,3.29,0.6765,0.0706,0.2594,0.1923,1,1
GRID_0553,21.569121,80.331529,Sausar Group,Schist,Schist,Stratiform/Stratabound,Metamorphic Terrain,1.889,0.534,0.064,506.15,9.23,279.01,0.6324,0.2906,0.189,0.159,0,1
GRID_0554,21.576797,80.526763,Other Metasedimentary,Phyllite,Phyllite,Stratiform/Stratabound,Metamorphic Terrain,1.858,2.337,1.081,399.12,7.37,20.41,0.5356,0.019,0.3075,0.1505,0,1
GRID_0555,21.845156,79.301243,Granite,Granite,Granite,Other,Mixed Terrain,0.698,3.456,0.644,416.68,11.81,193.91,0.3618,0.3232,0.171,0.103,1,1
GRID_0556,21.44296,80.537161,Gneiss,Gneiss,Gneiss,Other,Mixed Terrain,5.793,3.546,0.769,278.05,8.91,132.23,0.5236,0.1587,0.1955,0.2333,0,1
GRID_0557,21.213913,79.931607,Gneiss,Gneiss,Gneiss,Other,Mixed Terrain,3.346,1.715,1.531,420.68,9.85,52.89,0.3919,0.0629,0.2165,0.3444,0,1
GRID_0558,21.124465,79.619392,Gneiss,Gneiss,Gneiss,Other,Mixed Terrain,4.556,0.656,0.745,300.32,8.83,266.61,0.3856,0.0718,0.1814,0.2611,0,1
GRID_0559,21.741867,79.307607,Other Metasedimentary,Phyllite,Phyllite,Stratiform/Stratabound,Metamorphic Terrain,2.896,0.964,1.688,371.35,4.03,19.8,0.4274,0.21,0.2797,0.1813,1,1
GRID_0560,21.627263,79.900874,Other Metasedimentary,Phyllite,Phyllite,Stratiform/Stratabound,Metamorphic Terrain,1.487,3.092,0.725,395.81,10.2,114.62,0.5006,0.4873,0.2491,0.1029,1,1
GRID_0561,21.698468,80.312322,Alluvium,Alluvium,Alluvium,Other,Mixed Terrain,0.655,0.247,2.003,331.75,7.6,202.39,0.3659,0.5605,0.1717,0.1467,0,1
GRID_0562,21.28102,80.189921,Sausar Group,Mica Schist,Mica Schist,Stratiform/Stratabound,Metamorphic Terrain,2.385,2.08,0.13,324.01,4.95,144.87,0.4077,-0.0069,0.2035,0.2042,1,1
GRID_0563,21.215916,79.270316,Other Metasedimentary,Schist,Schist,Stratiform/Stratabound,Metamorphic Terrain,1.045,0.49,1.02,328.18,2.36,93.29,0.6408,0.2742,0.2498,0.1596,1,1
GRID_0564,21.112363,79.302063,Sausar Group,Quartzite,Quartzite,Stratiform/Stratabound,Metamorphic Terrain,1.252,2.327,0.696,533.76,4.73,333.36,0.1622,0.4133,0.2546,0.1724,1,1
GRID_0565,21.397999,79.764023,Sausar Group,Mica Schist,Mica Schist,Stratiform/Stratabound,Metamorphic Terrain,6.053,3.124,0.945,424.05,11.06,335.15,0.5927,0.0057,0.1732,0.2031,1,1
GRID_0566,21.60143,79.613407,Other Metasedimentary,Schist,Schist,Stratiform/Stratabound,Metamorphic Terrain,5.383,1.012,1.284,537.64,15.05,149.79,0.4089,0.0925,0.2411,0.1928,1,1
GRID_0567,21.433407,79.525338,Sausar Group,Marble,Marble,Stratiform/Stratabound,Metamorphic Terrain,2.861,0.338,1.034,395.59,8.47,141.75,0.3564,0.2207,0.2836,0.3194,1,1
GRID_0568,21.471854,79.593406,Sausar Group,Quartzite,Quartzite,Stratiform/Stratabound,Metamorphic Terrain,2.069,1.334,0.46,397.41,4.01,110.66,0.3816,0.1857,0.2188,0.3166,1,1
GRID_0569,21.868535,80.324876,Sausar Group,Quartzite,Quartzite,Stratiform/Stratabound,Metamorphic Terrain,0.548,1.799,0.434,394.0,9.67,308.07,0.4318,-0.0138,0.1682,0.1614,1,1
GRID_0570,21.396017,80.500919,Other Metasedimentary,Schist,Schist,Stratiform/Stratabound,Metamorphic Terrain,0.373,0.737,0.402,250.0,12.31,204.45,0.5785,0.2847,0.3333,0.2419,1,1
GRID_0571,21.536891,79.767144,Granite,Granite,Granite,Other,Mixed Terrain,3.841,1.93,1.264,473.06,15.68,32.23,0.4581,0.2408,0.284,0.0965,0,1
GRID_0572,21.766105,80.468555,Gneiss,Gneiss,Gneiss,Other,Mixed Terrain,3.998,3.9,1.833,420.91,13.06,307.2,0.3513,0.3118,0.2109,0.2364,0,1
GRID_0573,21.437061,79.650094,Sausar Group,Mica Schist,Mica Schist,Stratiform/Stratabound,Metamorphic Terrain,0.841,5.889,0.515,434.37,8.9,192.56,0.5405,0.2547,0.2467,0.209,1,1
GRID_0574,21.628774,79.867012,Alluvium,Alluvium,Alluvium,Other,Mixed Terrain,0.929,1.074,3.124,252.26,10.3,149.61,0.4146,0.2539,0.2151,0.1259,1,1
GRID_0575,21.833009,79.516441,Alluvium,Alluvium,Alluvium,Other,Mixed Terrain,3.546,4.567,0.558,427.57,5.11,121.63,0.5143,0.1841,0.1707,0.2492,1,1
GRID_0576,21.907093,80.096666,Sausar Group,Quartzite,Quartzite,Stratiform/Stratabound,Metamorphic Terrain,4.785,2.927,1.819,392.72,11.19,35.79,0.4734,0.3492,0.2878,0.1185,1,1
GRID_0577,21.225012,80.570574,Granite,Granite,Granite,Other,Mixed Terrain,4.55,3.912,0.431,440.68,11.74,344.41,0.2601,-0.0058,0.3566,0.172,0,1
GRID_0578,21.887599,80.04489,Sausar Group,Quartzite,Quartzite,Stratiform/Stratabound,Metamorphic Terrain,6.555,2.824,1.579,423.55,0.2,266.85,0.5215,0.0263,0.3034,0.1887,0,1
GRID_0579,21.518299,79.70094,Other Metasedimentary,Phyllite,Phyllite,Stratiform/Stratabound,Metamorphic Terrain,8.905,6.424,2.809,388.74,8.57,47.44,0.1669,0.3335,0.2572,0.0786,0,1
GRID_0580,21.319508,80.106944,Gneiss,Gneiss,Gneiss,Other,Mixed Terrain,1.664,0.569,0.655,477.86,13.96,184.06,0.414,0.1404,0.2178,0.1896,0,1
GRID_0581,21.490265,79.372089,Other Metasedimentary,Phyllite,Phyllite,Stratiform/Stratabound,Metamorphic Terrain,0.816,1.853,1.077,517.1,5.32,200.01,0.2684,0.0529,0.0537,0.1259,0,1
GRID_0582,21.933028,80.444123,Sausar Group,Quartzite,Quartzite,Stratiform/Stratabound,Metamorphic Terrain,0.827,0.851,1.647,395.34,0.2,60.44,0.1144,0.2982,0.3499,0.1552,1,1
GRID_0583,21.518725,79.904318,Alluvium,Alluvium,Alluvium,Other,Mixed Terrain,1.201,2.063,1.702,306.89,7.89,153.8,0.4694,0.2746,0.1933,0.1742,0,1
GRID_0584,21.379439,79.82909,Alluvium,Alluvium,Alluvium,Other,Mixed Terrain,2.803,3.82,2.72,312.48,12.3,232.47,0.5633,-0.0985,0.2983,0.0783,0,1
GRID_0585,21.638391,80.020211,Gneiss,Gneiss,Gneiss,Other,Mixed Terrain,2.222,1.353,0.269,465.94,9.6,102.24,0.425,0.2755,0.3059,0.1495,0,1
GRID_0586,21.304124,80.074697,Other Metasedimentary,Quartzite,Quartzite,Stratiform/Stratabound,Metamorphic Terrain,1.503,4.708,1.083,540.14,8.11,119.38,0.6355,0.0917,0.3039,0.1695,1,1
GRID_0587,21.164484,79.300486,Granite,Granite,Granite,Other,Mixed Terrain,2.489,3.751,0.465,275.84,4.3,43.93,0.4301,0.2487,0.1421,0.158,1,1
GRID_0588,21.209548,80.155664,Sausar Group,Schist,Schist,Stratiform/Stratabound,Metamorphic Terrain,1.408,1.747,0.671,343.48,3.61,148.77,0.4584,0.169,0.3088,0.1228,1,1
GRID_0589,21.208839,79.538704,Gneiss,Gneiss,Gneiss,Other,Mixed Terrain,3.661,0.378,0.576,401.74,8.73,210.19,0.2952,0.266,0.2068,0.0987,1,1
GRID_0590,21.229117,80.199534,Alluvium,Alluvium,Alluvium,Other,Mixed Terrain,4.975,1.709,1.13,256.58,7.77,41.95,0.5231,0.1785,0.2337,0.1189,0,1
GRID_0591,21.218003,80.351549,Gneiss,Gneiss,Gneiss,Other,Mixed Terrain,2.775,7.6,0.639,421.78,11.41,221.32,0.516,0.0054,0.2316,0.0637,0,1
GRID_0592,21.644744,80.325542,Sausar Group,Schist,Schist,Stratiform/Stratabound,Metamorphic Terrain,1.538,2.948,0.861,460.87,9.76,143.21,0.3631,-0.0453,0.1969,0.1292,1,1
GRID_0593,21.254598,79.973501,Granite,Granite,Granite,Other,Mixed Terrain,3.311,2.837,0.971,470.78,5.03,244.15,0.2249,-0.0085,0.2191,0.2537,0,1
GRID_0594,21.393817,79.928238,Sausar Group,Quartzite,Quartzite,Stratiform/Stratabound,Metamorphic Terrain,3.702,0.244,1.482,396.02,9.02,113.34,0.191,0.0241,0.2499,0.0873,1,1
GRID_0595,21.86227,79.400026,Granite,Granite,Granite,Other,Mixed Terrain,2.623,4.242,1.639,399.7,8.36,204.66,0.5912,0.2414,0.1742,0.2346,0,1
GRID_0596,21.502867,80.285485,Gneiss,Gneiss,Gneiss,Other,Mixed Terrain,0.89,3.091,1.296,343.19,1.34,220.61,0.2434,0.3144,0.1257,0.0995,0,1
GRID_0597,21.667424,79.579973,Alluvium,Alluvium,Alluvium,Other,Mixed Terrain,0.376,1.441,1.046,279.44,6.32,248.58,0.6736,0.1364,0.3026,0.2102,0,1
GRID_0598,21.246472,79.895374,Sausar Group,Mica Schist,Mica Schist,Stratiform/Stratabound,Metamorphic Terrain,3.276,1.417,2.483,414.06,8.24,272.5,0.3046,0.0545,0.2602,0.3378,1,1
GRID_0599,21.263446,79.597984,Granite,Granite,Granite,Other,Mixed Terrain,5.317,4.367,0.547,464.71,7.55,49.09,0.3823,0.1843,0.1096,0.2154,0,1
GRID_0600,21.134738,79.38736,Sausar Group,Marble,Marble,Stratiform/Stratabound,Metamorphic Terrain,2.029,1.961,2.11,431.36,9.26,347.49,0.85,-0.0963,0.2684,0.1685,1,1
GRID_0601,21.243595,80.081381,Sausar Group,Quartzite,Quartzite,Stratiform/Stratabound,Metamorphic Terrain,0.284,3.367,0.222,524.27,8.31,303.71,0.3547,0.2667,0.2273,0.1703,1,1
GRID_0602,21.336802,79.276065,Alluvium,Alluvium,Alluvium,Other,Mixed Terrain,4.673,4.485,0.879,459.36,9.36,202.43,0.2757,0.17,0.1488,0.2333,0,1
GRID_0603,21.250459,80.248103,Other Metasedimentary,Quartzite,Quartzite,Stratiform/Stratabound,Metamorphic Terrain,0.702,0.858,1.655,486.06,8.67,320.53,0.3757,0.1903,0.2018,0.2036,1,1
GRID_0604,21.175397,79.644622,Granite,Granite,Granite,Other,Mixed Terrain,2.717,1.599,0.831,444.25,7.91,137.68,0.1873,0.1049,0.2658,0.196,1,1
GRID_0605,21.20254,79.200189,Alluvium,Alluvium,Alluvium,Other,Mixed Terrain,4.011,0.97,2.175,588.03,8.64,12.34,0.3848,0.0927,0.1705,0.1519,1,1
GRID_0606,21.491662,79.915581,Other Metasedimentary,Phyllite,Phyllite,Stratiform/Stratabound,Metamorphic Terrain,0.623,2.092,1.392,388.36,6.55,261.73,0.4416,-0.0509,0.1688,0.1998,1,1
GRID_0607,21.275384,79.265593,Other Metasedimentary,Phyllite,Phyllite,Stratiform/Stratabound,Metamorphic Terrain,3.918,0.326,1.665,487.7,6.34,339.6,0.589,0.3015,0.2003,0.0725,0,1
GRID_0608,21.409629,79.586637,Sausar Group,Schist,Schist,Stratiform/Stratabound,Metamorphic Terrain,1.06,2.604,2.108,451.06,8.39,58.27,0.5115,0.0036,0.1739,0.1441,0,1
GRID_0609,21.527905,80.189767,Other Metasedimentary,Schist,Schist,Stratiform/Stratabound,Metamorphic Terrain,4.861,2.362,1.641,492.73,0.2,231.79,0.4533,0.0791,0.1628,0.2873,1,1
GRID_0610,21.686836,79.287765,Granite,Granite,Granite,Other,Mixed Terrain,1.977,1.41,3.707,458.35,6.52,292.83,0.774,0.0473,0.1616,0.2323,0,1
GRID_0611,21.133415,80.375074,Sausar Group,Schist,Schist,Stratiform/Stratabound,Metamorphic Terrain,1.088,2.429,0.822,426.4,5.18,325.82,0.526,0.2966,0.2703,0.1723,1,1
GRID_0612,21.779499,79.205348,Sausar Group,Schist,Schist,Stratiform/Stratabound,Metamorphic Terrain,2.861,1.911,0.769,462.15,4.68,99.55,0.6596,0.0982,0.1765,0.1145,0,1
GRID_0613,21.633715,79.545553,Granite,Granite,Granite,Other,Mixed Terrain,1.359,1.138,2.209,472.78,6.74,46.34,0.5726,0.3149,0.3157,0.3008,0,1
GRID_0614,21.169495,80.237266,Sausar Group,Marble,Marble,Stratiform/Stratabound,Metamorphic Terrain,1.79,2.216,0.42,483.86,2.64,89.23,0.6534,0.2616,0.391,0.1426,1,1
GRID_0615,21.842542,79.642778,Sausar Group,Mica Schist,Mica Schist,Stratiform/Stratabound,Metamorphic Terrain,4.971,0.997,0.92,554.38,6.76,207.98,0.6136,0.0478,0.2286,0.1225,1,1
GRID_0616,21.882742,79.342649,Sausar Group,Mica Schist,Mica Schist,Stratiform/Stratabound,Metamorphic Terrain,4.493,2.035,0.225,446.46,8.93,330.74,0.5635,0.1658,0.3812,0.1904,0,1
GRID_0617,21.151916,79.704327,Other Metasedimentary,Quartzite,Quartzite,Stratiform/Stratabound,Metamorphic Terrain,1.38,0.346,3.812,336.72,12.2,209.71,0.5276,-0.0575,0.278,0.1476,0,1
GRID_0618,21.335346,79.578551,Other Metasedimentary,Schist,Schist,Stratiform/Stratabound,Metamorphic Terrain,1.332,1.883,1.224,443.99,16.8,331.06,0.6677,0.2359,0.2514,0.0592,1,1
GRID_0619,21.785271,80.379797,Sausar Group,Schist,Schist,Stratiform/Stratabound,Metamorphic Terrain,1.194,1.593,0.287,392.18,0.69,277.21,0.3363,0.0882,0.2357,0.0935,0,1
GRID_0620,21.736021,79.638687,Other Metasedimentary,Phyllite,Phyllite,Stratiform/Stratabound,Metamorphic Terrain,6.73,3.707,3.352,389.85,4.26,215.42,0.3126,0.0321,0.1031,0.1681,1,1
GRID_0621,21.256843,80.304505,Other Metasedimentary,Phyllite,Phyllite,Stratiform/Stratabound,Metamorphic Terrain,1.824,1.751,4.805,402.68,6.76,7.85,0.1746,0.1417,0.2085,0.1123,1,1
GRID_0622,21.277947,80.448621,Alluvium,Alluvium,Alluvium,Other,Mixed Terrain,3.631,0.579,1.161,353.27,8.55,119.91,0.5139,0.115,0.1613,0.0869,0,1
GRID_0623,21.414901,79.807344,Sausar Group,Quartzite,Quartzite,Stratiform/Stratabound,Metamorphic Terrain,3.425,3.67,0.7,250.0,9.46,20.69,0.6159,0.2196,0.3013,0.0921,1,1
GRID_0624,21.511845,80.47392,Gneiss,Gneiss,Gneiss,Other,Mixed Terrain,5.376,0.974,1.359,555.39,5.56,116.01,0.2637,0.446,0.3599,0.1688,0,1
GRID_0625,21.625517,79.728245,Other Metasedimentary,Quartzite,Quartzite,Stratiform/Stratabound,Metamorphic Terrain,1.521,2.579,1.573,388.48,0.2,22.44,0.3141,0.3652,0.255,0.1723,0,1
GRID_0626,21.413577,80.54971,Gneiss,Gneiss,Gneiss,Other,Mixed Terrain,1.246,1.278,0.309,284.27,12.14,60.41,0.6606,0.0129,0.2576,0.2304,0,1
GRID_0627,21.493155,79.325005,Sausar Group,Mica Schist,Mica Schist,Stratiform/Stratabound,Metamorphic Terrain,4.306,1.407,0.623,445.2,10.01,147.85,0.5411,0.3949,0.3074,0.1079,1,1
GRID_0628,21.73535,80.161827,Granite,Granite,Granite,Other,Mixed Terrain,2.222,1.012,0.981,482.33,10.85,185.36,0.5341,0.1866,0.2483,0.1689,0,1
GRID_0629,21.131181,79.89134,Gneiss,Gneiss,Gneiss,Other,Mixed Terrain,1.344,0.498,0.823,414.86,7.14,78.17,0.4964,-0.176,0.3242,0.1397,1,1
GRID_0630,21.314571,79.742708,Granite,Granite,Granite,Other,Mixed Terrain,2.866,0.931,3.463,320.47,9.4,263.73,0.3961,0.1482,0.4055,0.2131,0,1
GRID_0631,21.706347,80.085797,Sausar Group,Marble,Marble,Stratiform/Stratabound,Metamorphic Terrain,1.614,2.996,1.085,309.67,0.2,212.53,0.1812,-0.0381,0.3411,0.181,1,1
GRID_0632,21.860926,80.1854,Sausar Group,Schist,Schist,Stratiform/Stratabound,Metamorphic Terrain,7.456,1.88,0.175,623.94,3.72,249.03,0.5247,0.1187,0.1964,0.2006,1,1
GRID_0633,21.534926,79.206109,Other Metasedimentary,Schist,Schist,Stratiform/Stratabound,Metamorphic Terrain,1.916,2.241,1.516,310.12,12.78,263.8,0.7711,0.4472,0.2988,0.2539,0,1
GRID_0634,21.552296,79.433734,Other Metasedimentary,Schist,Schist,Stratiform/Stratabound,Metamorphic Terrain,3.393,1.109,1.171,291.53,8.12,261.69,0.4779,-0.0035,0.1933,0.1919,1,1
GRID_0635,21.191096,80.198264,Sausar Group,Quartzite,Quartzite,Stratiform/Stratabound,Metamorphic Terrain,2.83,1.306,0.987,403.76,15.48,337.04,0.247,-0.0076,0.2245,0.2458,1,1
GRID_0636,21.480301,80.13294,Other Metasedimentary,Schist,Schist,Stratiform/Stratabound,Metamorphic Terrain,0.853,1.184,0.208,499.86,4.1,85.4,0.398,0.1662,0.3551,0.1014,1,1
GRID_0637,21.552725,80.552467,Sausar Group,Schist,Schist,Stratiform/Stratabound,Metamorphic Terrain,1.55,2.314,0.953,570.97,18.21,97.26,0.582,0.0655,0.1702,0.0924,1,1
GRID_0638,21.3061,80.265453,Gneiss,Gneiss,Gneiss,Other,Mixed Terrain,0.698,2.816,1.385,411.87,18.78,33.91,0.601,0.1442,0.2123,0.2594,0,1
GRID_0639,21.328857,80.531082,Alluvium,Alluvium,Alluvium,Other,Mixed Terrain,1.525,1.098,3.633,410.7,5.42,213.33,0.6792,0.1952,0.32,0.1968,0,1
GRID_0640,21.420692,80.183557,Other Metasedimentary,Phyllite,Phyllite,Stratiform/Stratabound,Metamorphic Terrain,3.508,2.026,0.754,320.86,6.18,142.27,0.5997,-0.0273,0.18,0.2158,0,1
GRID_0641,21.117061,79.617273,Other Metasedimentary,Schist,Schist,Stratiform/Stratabound,Metamorphic Terrain,1.763,1.172,2.13,522.5,13.01,178.63,0.1104,0.212,0.1058,0.2502,1,1
GRID_0642,21.373767,79.347511,Sausar Group,Marble,Marble,Stratiform/Stratabound,Metamorphic Terrain,2.66,0.835,0.904,424.07,5.75,61.14,0.4667,0.0734,0.1356,0.1346,0,1
GRID_0643,21.279731,80.294553,Other Metasedimentary,Schist,Schist,Stratiform/Stratabound,Metamorphic Terrain,6.881,6.321,1.352,426.85,6.94,233.66,0.1993,0.3301,0.1974,0.1431,0,1
GRID_0644,21.378373,80.101809,Sausar Group,Mica Schist,Mica Schist,Stratiform/Stratabound,Metamorphic Terrain,3.139,0.873,1.741,466.84,5.07,222.85,0.5315,0.0577,0.2373,0.2293,1,1
GRID_0645,21.201798,79.26746,Alluvium,Alluvium,Alluvium,Other,Mixed Terrain,2.089,1.907,5.089,455.66,5.17,95.32,0.5472,0.0804,0.2188,0.1593,0,1
GRID_0646,21.856948,79.704071,Alluvium,Alluvium,Alluvium,Other,Mixed Terrain,3.261,1.845,2.718,418.08,8.47,167.55,0.2987,0.0496,0.2042,0.1466,0,1
GRID_0647,21.604554,80.53952,Gneiss,Gneiss,Gneiss,Other,Mixed Terrain,2.112,1.2,0.509,542.28,6.91,321.95,0.3819,0.122,0.2454,0.1038,0,1
GRID_0648,21.677237,79.900562,Sausar Group,Quartzite,Quartzite,Stratiform/Stratabound,Metamorphic Terrain,4.521,1.023,1.475,293.69,0.2,278.46,0.3271,-0.0218,0.2052,0.2336,0,1
GRID_0649,21.770796,79.805821,Other Metasedimentary,Schist,Schist,Stratiform/Stratabound,Metamorphic Terrain,1.644,0.67,1.335,447.96,13.76,81.7,0.5613,0.2531,0.1913,0.1474,1,1
GRID_0650,21.523676,79.840779,Sausar Group,Schist,Schist,Stratiform/Stratabound,Metamorphic Terrain,3.483,2.818,1.644,464.61,14.4,316.39,0.4174,0.1062,0.2561,0.2328,0,1
GRID_0651,21.173882,79.492436,Sausar Group,Mica Schist,Mica Schist,Stratiform/Stratabound,Metamorphic Terrain,3.003,5.233,0.279,394.95,10.05,24.23,0.3272,0.2937,0.2481,0.2097,0,1
GRID_0652,21.556541,79.71619,Alluvium,Alluvium,Alluvium,Other,Mixed Terrain,0.536,2.613,1.134,482.4,8.5,149.01,0.5557,0.1882,0.3111,0.2636,0,1
GRID_0653,21.598815,79.717739,Granite,Granite,Granite,Other,Mixed Terrain,2.031,4.963,0.612,486.36,4.26,28.84,0.5275,0.4197,0.3813,0.0786,0,1
GRID_0654,21.733624,79.273297,Other Metasedimentary,Phyllite,Phyllite,Stratiform/Stratabound,Metamorphic Terrain,4.091,2.406,0.528,524.33,6.15,332.72,0.561,0.1439,0.0924,0.04,1,1
GRID_0655,21.466911,80.274595,Granite,Granite,Granite,Other,Mixed Terrain,3.941,0.817,2.113,420.52,12.36,14.65,0.1834,0.1299,0.2763,0.2852,0,1
GRID_0656,21.208443,79.783106,Sausar Group,Marble,Marble,Stratiform/Stratabound,Metamorphic Terrain,1.399,1.886,3.25,411.54,10.39,54.45,0.3371,0.2624,0.2511,0.2407,1,1
GRID_0657,21.34121,80.351052,Other Metasedimentary,Phyllite,Phyllite,Stratiform/Stratabound,Metamorphic Terrain,2.193,1.922,2.205,475.83,9.82,329.41,0.5388,-0.1107,0.3295,0.1185,0,1
GRID_0658,21.40862,80.390487,Gneiss,Gneiss,Gneiss,Other,Mixed Terrain,3.38,1.727,3.615,413.21,9.99,209.58,0.164,0.1128,0.2045,0.1307,0,1
GRID_0659,21.64903,79.496792,Sausar Group,Schist,Schist,Stratiform/Stratabound,Metamorphic Terrain,1.211,3.357,0.925,300.69,12.25,286.27,0.1684,0.1678,0.2136,0.1828,1,1
GRID_0660,21.585162,80.120295,Alluvium,Alluvium,Alluvium,Other,Mixed Terrain,3.08,2.957,6.0,503.31,11.65,5.91,0.3126,0.2814,0.1496,0.1679,1,1
GRID_0661,21.402682,79.861195,Granite,Granite,Granite,Other,Mixed Terrain,0.236,2.093,0.07,274.09,10.76,150.87,0.5537,0.3103,0.3118,0.1402,0,1
GRID_0662,21.938538,80.432219,Gneiss,Gneiss,Gneiss,Other,Mixed Terrain,1.972,6.663,3.956,464.14,6.61,354.41,0.4318,0.3367,0.2495,0.1292,0,1
GRID_0663,21.614909,79.502037,Granite,Granite,Granite,Other,Mixed Terrain,3.016,2.449,1.272,645.77,14.74,208.73,0.5111,0.1387,0.3188,0.1512,0,1
GRID_0664,21.301643,80.148938,Other Metasedimentary,Schist,Schist,Stratiform/Stratabound,Metamorphic Terrain,5.217,0.264,1.292,475.32,6.06,305.89,0.2726,0.0769,0.2098,0.2096,1,1
GRID_0665,21.186515,80.050853,Other Metasedimentary,Quartzite,Quartzite,Stratiform/Stratabound,Metamorphic Terrain,2.263,0.85,0.106,371.0,4.52,346.88,0.271,0.1882,0.193,0.181,1,1
GRID_0666,21.22993,79.613422,Alluvium,Alluvium,Alluvium,Other,Mixed Terrain,2.133,1.218,1.032,391.63,5.74,246.61,0.6527,0.1427,0.2909,0.1505,1,1
GRID_0667,21.309064,79.391241,Sausar Group,Schist,Schist,Stratiform/Stratabound,Metamorphic Terrain,10.0,4.052,0.619,461.5,3.24,117.95,0.4979,-0.0545,0.2163,0.1399,1,1
GRID_0668,21.236579,80.112296,Other Metasedimentary,Quartzite,Quartzite,Stratiform/Stratabound,Metamorphic Terrain,4.117,2.485,0.297,428.18,10.33,111.1,0.258,0.203,0.2842,0.3086,1,1
GRID_0669,21.258582,80.234036,Gneiss,Gneiss,Gneiss,Other,Mixed Terrain,1.675,2.895,1.646,494.28,7.95,25.66,0.1135,0.0519,0.2758,0.1454,1,1
GRID_0670,21.342331,79.641878,Gneiss,Gneiss,Gneiss,Other,Mixed Terrain,2.963,0.893,2.502,553.26,12.51,154.0,0.2048,0.1481,0.2475,0.2113,0,1
GRID_0671,21.247368,80.102766,Granite,Granite,Granite,Other,Mixed Terrain,1.135,1.766,0.934,541.73,0.2,329.54,0.261,0.1396,0.1975,0.3278,0,1
GRID_0672,21.862251,79.753183,Other Metasedimentary,Phyllite,Phyllite,Stratiform/Stratabound,Metamorphic Terrain,6.76,1.55,0.642,331.76,8.84,172.1,0.2268,0.4798,0.265,0.2215,1,1
GRID_0673,21.168199,80.19849,Alluvium,Alluvium,Alluvium,Other,Mixed Terrain,1.606,5.704,1.298,431.36,6.97,327.96,0.4246,0.3059,0.1869,0.2084,0,1
GRID_0674,21.545835,79.478901,Sausar Group,Mica Schist,Mica Schist,Stratiform/Stratabound,Metamorphic Terrain,2.166,1.055,0.692,471.89,6.62,294.17,0.5374,0.2697,0.2468,0.2541,1,1
GRID_0675,21.448837,80.446301,Granite,Granite,Granite,Other,Mixed Terrain,1.764,2.357,1.918,558.94,3.84,354.31,0.4156,0.3161,0.3578,0.2635,0,1
GRID_0676,21.935022,79.602373,Other Metasedimentary,Phyllite,Phyllite,Stratiform/Stratabound,Metamorphic Terrain,1.303,0.648,0.675,460.53,8.17,341.17,0.3572,0.1316,0.3268,0.1784,1,1
GRID_0677,21.195233,79.7149,Sausar Group,Marble,Marble,Stratiform/Stratabound,Metamorphic Terrain,4.008,0.878,2.257,371.89,4.94,254.33,0.485,0.0059,0.2044,0.1003,1,1
GRID_0678,21.438177,79.281329,Other Metasedimentary,Quartzite,Quartzite,Stratiform/Stratabound,Metamorphic Terrain,0.812,3.514,0.156,466.98,14.08,313.64,0.3759,-0.1225,0.2591,0.1707,1,1
GRID_0679,21.92405,79.356117,Gneiss,Gneiss,Gneiss,Other,Mixed Terrain,2.953,1.303,1.129,584.64,10.51,269.31,0.1558,0.2557,0.2024,0.2148,0,1
GRID_0680,21.835681,79.922207,Gneiss,Gneiss,Gneiss,Other,Mixed Terrain,1.404,0.402,0.359,408.55,11.93,253.22,0.4624,0.2576,0.2597,0.1593,0,1
GRID_0681,21.794511,79.57463,Sausar Group,Schist,Schist,Stratiform/Stratabound,Metamorphic Terrain,3.075,1.104,0.957,370.39,1.04,257.6,0.4928,0.0736,0.1758,0.1661,1,1
GRID_0682,21.319217,80.369672,Sausar Group,Marble,Marble,Stratiform/Stratabound,Metamorphic Terrain,1.183,2.581,0.881,427.24,11.54,259.58,0.6226,0.0908,0.1941,0.2771,1,1
GRID_0683,21.245254,79.220571,Other Metasedimentary,Schist,Schist,Stratiform/Stratabound,Metamorphic Terrain,7.333,1.738,4.096,374.68,11.17,136.59,0.5774,0.0678,0.3712,0.2271,1,1
GRID_0684,21.668347,79.730732,Sausar Group,Schist,Schist,Stratiform/Stratabound,Metamorphic Terrain,2.21,0.761,0.745,500.29,6.37,152.48,0.3404,0.0681,0.2493,0.2154,1,1
GRID_0685,21.88997,79.672284,Alluvium,Alluvium,Alluvium,Other,Mixed Terrain,6.345,1.539,0.97,375.29,7.25,105.87,0.3953,0.1094,0.2086,0.1179,0,1
GRID_0686,21.573248,79.227059,Granite,Granite,Granite,Other,Mixed Terrain,5.283,0.873,2.36,539.87,4.07,53.37,0.4356,0.2271,0.0911,0.1653,0,1
GRID_0687,21.585871,79.374116,Sausar Group,Marble,Marble,Stratiform/Stratabound,Metamorphic Terrain,3.763,0.592,0.261,472.1,6.77,165.04,0.4642,0.3287,0.2517,0.203,1,1
GRID_0688,21.337982,79.7791,Sausar Group,Mica Schist,Mica Schist,Stratiform/Stratabound,Metamorphic Terrain,2.836,1.208,0.223,489.24,10.26,323.98,0.6691,0.1767,0.393,0.2191,1,1
GRID_0689,21.754069,79.89001,Gneiss,Gneiss,Gneiss,Other,Mixed Terrain,1.68,1.017,0.445,488.59,5.32,234.46,0.4194,0.3573,0.2001,0.2753,1,1
GRID_0690,21.258987,79.766006,Other Metasedimentary,Quartzite,Quartzite,Stratiform/Stratabound,Metamorphic Terrain,3.895,0.863,0.083,502.41,8.14,20.22,0.3467,0.512,0.2131,0.2202,1,1
GRID_0691,21.375127,79.943313,Granite,Granite,Granite,Other,Mixed Terrain,0.577,1.271,0.486,403.7,18.18,292.03,0.6287,0.2359,0.2433,0.1476,0,1
GRID_0692,21.461621,80.033184,Granite,Granite,Granite,Other,Mixed Terrain,2.547,2.137,1.568,346.86,4.08,336.74,0.6248,0.1714,0.1957,0.2929,0,1
GRID_0693,21.531469,79.213893,Granite,Granite,Granite,Other,Mixed Terrain,1.275,1.023,0.498,389.53,9.33,298.59,0.574,-0.1457,0.3946,0.1633,1,1
GRID_0694,21.306048,79.849733,Granite,Granite,Granite,Other,Mixed Terrain,3.053,2.966,2.665,508.74,3.86,261.91,0.1734,0.2646,0.3086,0.235,0,1
GRID_0695,21.197611,80.548899,Granite,Granite,Granite,Other,Mixed Terrain,3.307,0.728,0.834,279.85,2.06,54.04,0.4429,0.1887,0.2887,0.1454,0,1
GRID_0696,21.619027,79.926645,Other Metasedimentary,Schist,Schist,Stratiform/Stratabound,Metamorphic Terrain,6.205,0.368,1.366,260.03,11.2,125.64,0.3925,0.1923,0.388,0.1334,1,1
GRID_0697,21.345336,80.148559,Granite,Granite,Granite,Other,Mixed Terrain,5.919,2.042,1.977,449.09,6.37,203.5,0.4998,0.1488,0.3594,0.0987,0,1
GRID_0698,21.594052,79.636609,Granite,Granite,Granite,Other,Mixed Terrain,1.559,2.161,0.811,501.76,14.4,27.67,0.2907,0.1191,0.2455,0.103,0,1
GRID_0699,21.231208,80.283588,Sausar Group,Mica Schist,Mica Schist,Stratiform/Stratabound,Metamorphic Terrain,4.828,4.793,1.873,513.3,10.27,38.26,0.5612,0.0401,0.2205,0.1515,1,1
GRID_0700,21.508969,80.28209,Other Metasedimentary,Phyllite,Phyllite,Stratiform/Stratabound,Metamorphic Terrain,2.171,8.0,2.061,349.18,4.86,336.33,0.4872,0.2931,0.2198,0.2585,1,1
GRID_0701,21.552701,79.929814,Sausar Group,Schist,Schist,Stratiform/Stratabound,Metamorphic Terrain,1.178,0.394,4.479,329.74,4.49,252.97,0.57,-0.1992,0.2021,0.1958,1,1
GRID_0702,21.14405,80.566419,Sausar Group,Schist,Schist,Stratiform/Stratabound,Metamorphic Terrain,5.8,0.908,1.028,371.68,10.88,99.03,0.3103,0.2421,0.2247,0.0734,1,1
GRID_0703,21.386114,79.37577,Gneiss,Gneiss,Gneiss,Other,Mixed Terrain,1.543,2.409,0.107,396.61,3.79,117.85,0.4724,-0.0322,0.2042,0.2298,0,1
GRID_0704,21.214252,79.223727,Gneiss,Gneiss,Gneiss,Other,Mixed Terrain,1.32,0.308,0.986,401.5,3.68,138.39,0.5562,0.3591,0.1612,0.1797,0,1
GRID_0705,21.153869,80.278221,Granite,Granite,Granite,Other,Mixed Terrain,3.075,2.723,0.071,440.3,1.12,27.03,0.0221,0.1334,0.0706,0.271,0,1
GRID_0706,21.941466,80.330018,Granite,Granite,Granite,Other,Mixed Terrain,2.451,4.96,0.296,549.48,10.49,266.1,0.5367,0.2583,0.3132,0.1505,0,1
GRID_0707,21.374001,79.36829,Alluvium,Alluvium,Alluvium,Other,Mixed Terrain,0.259,1.044,2.239,424.84,4.76,63.66,0.3723,0.2068,0.0537,0.1257,1,1
GRID_0708,21.788393,79.571816,Sausar Group,Schist,Schist,Stratiform/Stratabound,Metamorphic Terrain,2.932,1.031,1.202,509.7,9.44,289.84,0.4262,0.3473,0.2648,0.284,1,1
GRID_0709,21.316445,79.224573,Other Metasedimentary,Schist,Schist,Stratiform/Stratabound,Metamorphic Terrain,3.056,1.675,4.959,485.65,2.79,304.51,0.6304,0.4383,0.3078,0.2402,1,1
GRID_0710,21.679277,79.610632,Gneiss,Gneiss,Gneiss,Other,Mixed Terrain,1.958,1.877,1.62,369.63,1.45,229.84,0.6046,0.3423,0.2708,0.0774,0,1
GRID_0711,21.746194,80.282399,Granite,Granite,Granite,Other,Mixed Terrain,5.391,2.689,0.609,484.66,10.88,277.15,0.3373,0.2666,0.2296,0.2017,0,1
GRID_0712,21.606293,79.925145,Granite,Granite,Granite,Other,Mixed Terrain,4.28,0.434,1.017,478.82,7.37,61.86,0.16,0.1403,0.2552,0.0775,1,1
GRID_0713,21.50084,79.687334,Sausar Group,Schist,Schist,Stratiform/Stratabound,Metamorphic Terrain,5.877,3.502,1.056,429.95,5.29,207.34,0.4177,0.248,0.2096,0.2373,1,1
GRID_0714,21.450065,79.720435,Alluvium,Alluvium,Alluvium,Other,Mixed Terrain,0.797,2.309,0.388,444.78,6.05,243.65,0.6,0.324,0.2335,0.1132,0,1
GRID_0715,21.396538,79.201895,Granite,Granite,Granite,Other,Mixed Terrain,3.6,2.436,1.24,425.09,6.07,238.16,0.6403,0.126,0.218,0.1048,0,1
GRID_0716,21.8901,79.619721,Sausar Group,Quartzite,Quartzite,Stratiform/Stratabound,Metamorphic Terrain,3.542,1.37,0.168,337.18,16.14,42.22,0.0952,0.1896,0.1919,0.2632,1,1
GRID_0717,21.806026,80.105042,Gneiss,Gneiss,Gneiss,Other,Mixed Terrain,1.711,1.566,2.326,631.08,9.06,123.98,0.5256,0.0733,0.3233,0.2048,0,1
GRID_0718,21.920273,80.563872,Other Metasedimentary,Quartzite,Quartzite,Stratiform/Stratabound,Metamorphic Terrain,1.147,2.039,1.176,519.72,8.56,117.01,0.5039,0.3014,0.301,0.2242,1,1
GRID_0719,21.205653,80.385885,Granite,Granite,Granite,Other,Mixed Terrain,4.454,0.822,0.476,474.81,4.99,206.11,0.5535,0.2502,0.2295,0.151,0,1
GRID_0720,21.721237,79.233033,Other Metasedimentary,Phyllite,Phyllite,Stratiform/Stratabound,Metamorphic Terrain,2.234,0.05,0.126,395.55,11.15,275.49,0.4321,0.0021,0.2433,0.1751,1,1
GRID_0721,21.897589,80.457985,Granite,Granite,Granite,Other,Mixed Terrain,6.755,1.243,0.585,422.2,3.39,205.41,0.1468,0.2273,0.1877,0.2741,0,1
GRID_0722,21.254048,80.296478,Sausar Group,Mica Schist,Mica Schist,Stratiform/Stratabound,Metamorphic Terrain,6.296,0.354,0.985,330.42,10.07,271.74,0.3567,0.1526,0.2652,0.1992,1,1
GRID_0723,21.156522,80.292527,Sausar Group,Quartzite,Quartzite,Stratiform/Stratabound,Metamorphic Terrain,0.842,0.727,1.558,469.94,10.1,35.63,0.2828,0.1978,0.2327,0.3198,1,1
GRID_0724,21.729953,79.841194,Granite,Granite,Granite,Other,Mixed Terrain,2.305,1.486,2.903,458.58,12.07,316.13,0.2646,0.082,0.2169,0.1683,0,1
GRID_0725,21.588302,79.757207,Sausar Group,Quartzite,Quartzite,Stratiform/Stratabound,Metamorphic Terrain,2.942,2.628,1.293,412.44,0.2,193.18,0.5554,0.3645,0.258,0.2376,1,1
GRID_0726,21.815554,79.624082,Sausar Group,Quartzite,Quartzite,Stratiform/Stratabound,Metamorphic Terrain,0.926,5.699,1.274,432.54,12.51,13.5,0.4027,0.0883,0.2459,0.2466,1,1
GRID_0727,21.218807,79.291973,Other Metasedimentary,Schist,Schist,Stratiform/Stratabound,Metamorphic Terrain,3.45,3.348,1.563,404.63,9.42,231.56,0.493,0.4776,0.1808,0.1918,1,1
GRID_0728,21.775977,79.51953,Other Metasedimentary,Schist,Schist,Stratiform/Stratabound,Metamorphic Terrain,3.507,0.96,0.339,388.0,4.98,186.24,0.599,0.201,0.303,0.2617,1,1
GRID_0729,21.271383,79.545245,Alluvium,Alluvium,Alluvium,Other,Mixed Terrain,3.827,0.372,0.509,364.01,0.2,79.33,0.154,0.1389,0.309,0.1479,0,1
GRID_0730,21.239108,79.877708,Sausar Group,Mica Schist,Mica Schist,Stratiform/Stratabound,Metamorphic Terrain,2.921,1.33,1.134,343.23,6.38,275.19,0.6865,0.2429,0.1923,0.2318,1,1
GRID_0731,21.239626,80.246422,Sausar Group,Marble,Marble,Stratiform/Stratabound,Metamorphic Terrain,2.089,3.817,0.283,370.34,8.75,336.08,0.7158,0.2233,0.4635,0.1176,0,1
GRID_0732,21.792389,79.863334,Sausar Group,Marble,Marble,Stratiform/Stratabound,Metamorphic Terrain,2.515,3.872,2.063,376.86,1.92,116.17,0.1459,0.4571,0.1739,0.1042,0,1
GRID_0733,21.665418,79.280982,Alluvium,Alluvium,Alluvium,Other,Mixed Terrain,0.977,4.534,0.306,522.58,4.6,177.81,0.5408,0.245,0.2831,0.1824,0,1
GRID_0734,21.544606,80.540906,Other Metasedimentary,Phyllite,Phyllite,Stratiform/Stratabound,Metamorphic Terrain,3.746,2.888,0.091,377.42,2.95,46.14,0.7483,-0.0796,0.2794,0.1723,1,1
GRID_0735,21.405006,80.519814,Granite,Granite,Granite,Other,Mixed Terrain,0.463,0.473,3.447,257.1,6.26,334.73,0.2066,0.0912,0.2904,0.1136,0,1
GRID_0736,21.84562,80.299265,Sausar Group,Schist,Schist,Stratiform/Stratabound,Metamorphic Terrain,2.491,1.358,0.534,454.79,3.65,114.77,0.2424,0.2934,0.3596,0.2259,1,1
GRID_0737,21.433578,80.587859,Granite,Granite,Granite,Other,Mixed Terrain,3.954,0.925,2.415,483.01,16.68,70.12,0.5602,0.1557,0.2208,0.2737,1,1
GRID_0738,21.79411,79.962275,Granite,Granite,Granite,Other,Mixed Terrain,3.728,2.23,1.936,512.35,11.45,172.23,0.5034,0.1097,0.243,0.1606,0,1
GRID_0739,21.473265,80.547876,Granite,Granite,Granite,Other,Mixed Terrain,4.495,4.692,1.965,444.12,3.58,15.58,0.4649,0.0861,0.2697,0.2425,0,1
GRID_0740,21.420403,79.305847,Gneiss,Gneiss,Gneiss,Other,Mixed Terrain,3.063,4.526,2.322,333.09,4.16,91.02,0.39,0.0512,0.1221,0.1419,0,1
GRID_0741,21.493278,79.711953,Alluvium,Alluvium,Alluvium,Other,Mixed Terrain,1.28,0.427,0.384,362.09,2.08,24.36,0.4548,0.2156,0.2495,0.168,0,1
GRID_0742,21.356171,79.515534,Sausar Group,Quartzite,Quartzite,Stratiform/Stratabound,Metamorphic Terrain,1.994,2.281,3.789,481.01,7.4,45.85,0.0275,0.0869,0.2681,0.1771,0,1
GRID_0743,21.735468,79.474166,Sausar Group,Quartzite,Quartzite,Stratiform/Stratabound,Metamorphic Terrain,3.491,2.771,1.106,554.02,15.1,40.38,0.238,0.3683,0.1904,0.23,0,1
GRID_0744,21.527312,79.397124,Other Metasedimentary,Schist,Schist,Stratiform/Stratabound,Metamorphic Terrain,0.25,1.498,1.333,332.85,12.79,314.07,0.4121,0.064,0.3928,0.1751,1,1
GRID_0745,21.297381,80.071379,Sausar Group,Marble,Marble,Stratiform/Stratabound,Metamorphic Terrain,5.271,1.576,1.411,448.01,8.79,334.96,0.0924,-0.0023,0.2583,0.0601,1,1
GRID_0746,21.864638,80.293851,Sausar Group,Marble,Marble,Stratiform/Stratabound,Metamorphic Terrain,4.708,0.537,0.431,382.83,6.82,170.83,0.4075,0.1773,0.1884,0.252,1,1
GRID_0747,21.426308,80.009618,Sausar Group,Mica Schist,Mica Schist,Stratiform/Stratabound,Metamorphic Terrain,0.924,2.317,0.651,359.95,10.21,226.95,0.4273,-0.105,0.2,0.1868,1,1
GRID_0748,21.56202,79.405748,Sausar Group,Mica Schist,Mica Schist,Stratiform/Stratabound,Metamorphic Terrain,1.996,1.372,1.358,432.97,9.12,250.52,0.312,-0.1569,0.1846,0.0421,1,1
GRID_0749,21.870501,80.335573,Granite,Granite,Granite,Other,Mixed Terrain,1.146,0.987,3.22,418.64,9.73,140.87,0.3214,0.2674,0.187,0.2652,0,1
GRID_0750,21.630602,80.090337,Other Metasedimentary,Phyllite,Phyllite,Stratiform/Stratabound,Metamorphic Terrain,1.496,2.391,0.405,257.91,8.79,133.28,0.2627,0.1877,0.2636,0.2684,1,1
GRID_0751,21.199363,79.743432,Granite,Granite,Granite,Other,Mixed Terrain,0.776,1.103,0.914,447.14,9.78,243.2,0.3525,-0.1121,0.27,0.1153,0,1
GRID_0752,21.898857,80.143782,Granite,Granite,Granite,Other,Mixed Terrain,2.852,2.485,1.145,457.89,2.32,135.62,0.4876,0.1927,0.2716,0.0949,0,1
GRID_0753,21.633552,79.563867,Gneiss,Gneiss,Gneiss,Other,Mixed Terrain,3.406,1.775,1.333,493.52,7.52,209.16,0.4987,0.1392,0.2874,0.2486,0,1
GRID_0754,21.38467,79.683269,Granite,Granite,Granite,Other,Mixed Terrain,2.206,0.819,2.885,381.32,8.93,185.47,0.5939,-0.0333,0.2696,0.2487,0,1
GRID_0755,21.218381,80.48448,Other Metasedimentary,Schist,Schist,Stratiform/Stratabound,Metamorphic Terrain,3.683,2.411,0.363,295.03,6.26,188.81,0.4049,0.2824,0.3924,0.2089,1,1
GRID_0756,21.774921,79.606706,Other Metasedimentary,Phyllite,Phyllite,Stratiform/Stratabound,Metamorphic Terrain,3.361,4.617,1.321,394.19,3.01,298.57,0.5031,0.3926,0.3034,0.1533,0,1
GRID_0757,21.627062,79.857984,Sausar Group,Mica Schist,Mica Schist,Stratiform/Stratabound,Metamorphic Terrain,6.085,3.311,1.842,490.0,8.02,253.46,0.1978,0.4495,0.1676,0.1325,0,1
GRID_0758,21.553442,80.446198,Alluvium,Alluvium,Alluvium,Other,Mixed Terrain,4.373,1.695,2.439,423.55,24.59,345.85,0.4633,0.2258,0.2424,0.216,0,1
GRID_0759,21.859809,80.19081,Granite,Granite,Granite,Other,Mixed Terrain,2.063,1.544,1.311,502.19,4.71,284.75,0.3944,0.1831,0.161,0.1415,0,1
GRID_0760,21.770308,79.287085,Other Metasedimentary,Phyllite,Phyllite,Stratiform/Stratabound,Metamorphic Terrain,4.95,1.704,0.71,319.42,7.43,52.49,0.5099,0.4284,0.2415,0.1419,1,1
GRID_0761,21.228924,79.406224,Granite,Granite,Granite,Other,Mixed Terrain,4.373,0.99,0.496,499.03,13.05,265.85,0.3848,0.2153,0.1415,0.227,0,1
GRID_0762,21.364964,79.210978,Other Metasedimentary,Schist,Schist,Stratiform/Stratabound,Metamorphic Terrain,6.53,3.134,1.064,451.17,15.09,239.63,0.3698,0.1323,0.2236,0.2389,1,1
GRID_0763,21.311216,80.083291,Alluvium,Alluvium,Alluvium,Other,Mixed Terrain,0.916,1.471,0.237,399.83,5.67,232.58,0.2983,0.0882,0.2324,0.2701,0,1
GRID_0764,21.732354,79.826743,Sausar Group,Quartzite,Quartzite,Stratiform/Stratabound,Metamorphic Terrain,0.992,2.183,1.598,520.98,11.86,173.07,0.5912,0.2575,0.1459,0.0708,1,1
GRID_0765,21.128503,79.387985,Granite,Granite,Granite,Other,Mixed Terrain,0.7,4.886,2.015,450.4,11.17,22.49,0.3319,-0.0491,0.2411,0.1501,0,1
GRID_0766,21.584406,80.541108,Other Metasedimentary,Schist,Schist,Stratiform/Stratabound,Metamorphic Terrain,0.804,1.819,3.215,346.34,5.97,342.53,0.7283,0.3423,0.2139,0.1595,1,1
GRID_0767,21.74809,79.941524,Other Metasedimentary,Schist,Schist,Stratiform/Stratabound,Metamorphic Terrain,2.784,2.263,0.85,513.46,10.5,306.69,0.2202,-0.0147,0.1634,0.1789,1,1
GRID_0768,21.845251,79.538651,Sausar Group,Mica Schist,Mica Schist,Stratiform/Stratabound,Metamorphic Terrain,5.372,2.801,1.793,409.45,7.31,175.25,0.6174,0.0613,0.3046,0.1037,1,1
GRID_0769,21.390769,79.900845,Alluvium,Alluvium,Alluvium,Other,Mixed Terrain,1.892,2.723,2.651,433.14,5.49,57.09,0.0818,0.2233,0.2157,0.214,0,1
GRID_0770,21.798069,80.151468,Granite,Granite,Granite,Other,Mixed Terrain,0.337,2.042,1.507,356.62,14.88,296.81,0.4029,0.4244,0.3188,0.2934,1,1
GRID_0771,21.194037,79.306735,Sausar Group,Schist,Schist,Stratiform/Stratabound,Metamorphic Terrain,0.326,2.081,1.703,425.61,10.6,155.04,0.3359,0.1424,0.2544,0.1085,1,1
GRID_0772,21.819484,79.584585,Granite,Granite,Granite,Other,Mixed Terrain,4.698,0.872,1.706,349.58,1.27,140.44,0.5003,0.0329,0.2126,0.1913,1,1
GRID_0773,21.208365,80.329752,Sausar Group,Schist,Schist,Stratiform/Stratabound,Metamorphic Terrain,0.578,3.024,0.572,415.36,7.49,239.54,0.5607,0.3294,0.1723,0.2553,1,1
GRID_0774,21.437694,79.843531,Other Metasedimentary,Quartzite,Quartzite,Stratiform/Stratabound,Metamorphic Terrain,0.906,1.756,1.667,432.61,5.92,273.12,0.7395,0.1183,0.1578,0.1657,1,1
GRID_0775,21.777701,79.965208,Sausar Group,Marble,Marble,Stratiform/Stratabound,Metamorphic Terrain,4.77,1.636,0.892,481.49,7.16,22.62,0.3449,-0.0551,0.2531,0.136,1,1
GRID_0776,21.22743,79.805942,Other Metasedimentary,Schist,Schist,Stratiform/Stratabound,Metamorphic Terrain,1.61,0.798,3.657,310.44,10.06,276.32,0.3122,0.2649,0.2655,0.1907,0,1
GRID_0777,21.294864,79.26146,Sausar Group,Mica Schist,Mica Schist,Stratiform/Stratabound,Metamorphic Terrain,2.955,0.891,0.273,515.25,9.17,264.22,0.5712,0.1489,0.1812,0.224,1,1
GRID_0778,21.713915,79.43205,Sausar Group,Quartzite,Quartzite,Stratiform/Stratabound,Metamorphic Terrain,1.78,2.444,3.132,517.92,13.74,212.12,0.4083,0.1458,0.1554,0.1042,1,1
GRID_0779,21.712031,79.823758,Sausar Group,Marble,Marble,Stratiform/Stratabound,Metamorphic Terrain,3.873,5.175,1.221,413.94,12.89,121.83,0.3284,0.2832,0.2889,0.2422,0,1
GRID_0780,21.644975,79.49286,Sausar Group,Mica Schist,Mica Schist,Stratiform/Stratabound,Metamorphic Terrain,1.531,0.377,0.978,440.97,3.14,59.33,0.3587,0.2959,0.2921,0.1673,1,1
GRID_0781,21.689856,79.269971,Sausar Group,Marble,Marble,Stratiform/Stratabound,Metamorphic Terrain,5.884,1.279,1.754,456.05,7.61,36.96,0.3163,0.0748,0.1821,0.14,1,1
GRID_0782,21.561316,80.38111,Sausar Group,Marble,Marble,Stratiform/Stratabound,Metamorphic Terrain,1.683,0.641,0.297,437.09,0.21,0.43,0.1629,0.1971,0.2271,0.088,1,1
GRID_0783,21.314029,80.57367,Gneiss,Gneiss,Gneiss,Other,Mixed Terrain,0.064,3.343,0.653,481.29,4.01,74.33,0.6801,-0.0382,0.2762,0.1408,0,1
GRID_0784,21.393842,80.3104,Sausar Group,Schist,Schist,Stratiform/Stratabound,Metamorphic Terrain,2.167,0.631,0.546,397.08,0.2,148.08,0.5081,0.144,0.1629,0.1436,1,1
GRID_0785,21.254358,80.395299,Granite,Granite,Granite,Other,Mixed Terrain,4.362,0.868,0.779,365.39,1.73,87.71,0.1723,0.0571,0.1786,0.1083,0,1
GRID_0786,21.872183,79.538768,Granite,Granite,Granite,Other,Mixed Terrain,5.269,1.397,3.854,466.39,13.6,111.23,0.67,0.1506,0.2973,0.2084,0,1
GRID_0787,21.595883,80.544878,Other Metasedimentary,Schist,Schist,Stratiform/Stratabound,Metamorphic Terrain,2.449,5.543,0.2,300.3,11.01,140.56,0.4583,0.1226,0.1776,0.1888,1,1
GRID_0788,21.440724,79.475696,Other Metasedimentary,Phyllite,Phyllite,Stratiform/Stratabound,Metamorphic Terrain,1.341,1.751,2.469,482.62,10.47,110.97,0.3961,0.1545,0.2448,0.2388,1,1
GRID_0789,21.492705,80.532002,Granite,Granite,Granite,Other,Mixed Terrain,0.882,2.149,0.514,491.42,12.7,260.86,0.5147,-0.054,0.2469,0.2229,0,1
GRID_0790,21.905191,80.592747,Sausar Group,Mica Schist,Mica Schist,Stratiform/Stratabound,Metamorphic Terrain,1.175,2.424,1.077,363.51,10.45,177.02,0.3603,-0.0045,0.1562,0.1416,1,1
GRID_0791,21.230349,80.196412,Sausar Group,Mica Schist,Mica Schist,Stratiform/Stratabound,Metamorphic Terrain,5.757,1.359,1.544,550.88,7.66,6.96,0.2195,0.1496,0.3088,0.1612,1,1
GRID_0792,21.598295,80.573601,Other Metasedimentary,Phyllite,Phyllite,Stratiform/Stratabound,Metamorphic Terrain,4.107,0.252,0.285,400.15,5.64,81.6,0.3438,0.3892,0.1309,0.1353,0,1
GRID_0793,21.530005,79.997356,Sausar Group,Mica Schist,Mica Schist,Stratiform/Stratabound,Metamorphic Terrain,1.164,3.046,0.465,392.83,14.78,255.48,0.4183,0.2825,0.2595,0.0842,1,1
GRID_0794,21.619736,79.563358,Sausar Group,Marble,Marble,Stratiform/Stratabound,Metamorphic Terrain,3.676,0.872,0.846,374.45,13.23,108.33,0.286,0.2408,0.2078,0.203,0,1
GRID_0795,21.115394,79.811794,Sausar Group,Marble,Marble,Stratiform/Stratabound,Metamorphic Terrain,4.236,4.936,0.667,468.09,7.12,331.25,0.5114,0.0966,0.2472,0.1899,1,1
GRID_0796,21.841305,80.030985,Sausar Group,Marble,Marble,Stratiform/Stratabound,Metamorphic Terrain,4.984,0.612,2.239,396.73,11.06,256.56,0.6347,0.0478,0.2236,0.1435,1,1
GRID_0797,21.892301,79.302314,Sausar Group,Marble,Marble,Stratiform/Stratabound,Metamorphic Terrain,3.225,1.449,1.624,307.84,0.2,104.37,0.3716,0.2675,0.1608,0.2283,0,1
GRID_0798,21.580363,80.071281,Alluvium,Alluvium,Alluvium,Other,Mixed Terrain,2.586,1.599,0.237,459.04,11.26,185.91,0.0638,0.0169,0.219,0.1596,0,1
GRID_0799,21.692153,80.573649,Sausar Group,Quartzite,Quartzite,Stratiform/Stratabound,Metamorphic Terrain,3.177,2.001,0.748,405.24,6.0,240.21,0.4034,0.4085,0.2734,0.254,1,1
GRID_0800,21.884124,79.466151,Gneiss,Gneiss,Gneiss,Other,Mixed Terrain,2.52,2.166,1.07,522.3,18.85,69.61,0.294,0.1739,0.223,0.1707,0,1
GRID_0801,21.701153,80.309633,Sausar Group,Marble,Marble,Stratiform/Stratabound,Metamorphic Terrain,2.837,1.456,1.45,456.25,12.6,88.63,0.3957,0.462,0.2066,0.1023,1,1
GRID_0802,21.229658,80.471058,Sausar Group,Schist,Schist,Stratiform/Stratabound,Metamorphic Terrain,3.315,1.209,0.959,452.62,0.2,182.56,0.3936,0.4185,0.1012,0.2714,0,1
GRID_0803,21.589845,80.521182,Other Metasedimentary,Schist,Schist,Stratiform/Stratabound,Metamorphic Terrain,1.503,0.688,1.66,516.23,5.15,332.96,0.2922,0.239,0.1778,0.2019,1,1
GRID_0804,21.615708,80.54419,Sausar Group,Schist,Schist,Stratiform/Stratabound,Metamorphic Terrain,3.205,3.31,0.688,443.6,8.24,123.84,0.2112,0.2334,0.1881,0.1232,1,1
GRID_0805,21.460511,79.930043,Other Metasedimentary,Phyllite,Phyllite,Stratiform/Stratabound,Metamorphic Terrain,2.001,3.386,1.761,496.49,7.83,144.77,0.432,0.0897,0.2987,0.1559,1,1
GRID_0806,21.725978,80.568231,Gneiss,Gneiss,Gneiss,Other,Mixed Terrain,1.017,1.156,2.599,374.76,7.65,68.62,0.3071,0.3651,0.2128,0.1302,1,1
GRID_0807,21.894212,80.260234,Sausar Group,Schist,Schist,Stratiform/Stratabound,Metamorphic Terrain,3.101,2.713,2.452,569.91,11.94,213.56,0.709,0.1266,0.2755,0.2395,1,1
GRID_0808,21.886733,79.42634,Other Metasedimentary,Quartzite,Quartzite,Stratiform/Stratabound,Metamorphic Terrain,1.5,4.75,1.428,453.41,5.84,266.45,0.4694,-0.0564,0.1856,0.0551,1,1
GRID_0809,21.483213,79.86766,Sausar Group,Mica Schist,Mica Schist,Stratiform/Stratabound,Metamorphic Terrain,1.675,1.468,1.142,327.85,7.71,158.63,0.3126,0.3415,0.0955,0.1967,1,1
GRID_0810,21.196252,80.205664,Other Metasedimentary,Phyllite,Phyllite,Stratiform/Stratabound,Metamorphic Terrain,3.843,2.18,1.811,441.72,14.1,270.09,0.3542,0.2564,0.3088,0.0769,0,1
GRID_0811,21.937115,79.546276,Sausar Group,Schist,Schist,Stratiform/Stratabound,Metamorphic Terrain,2.629,0.815,1.275,445.87,14.17,108.94,0.4058,0.1079,0.186,0.0669,1,1
GRID_0812,21.813063,80.096861,Other Metasedimentary,Quartzite,Quartzite,Stratiform/Stratabound,Metamorphic Terrain,4.853,0.242,1.411,440.61,11.91,254.51,0.4457,0.2171,0.3053,0.2046,1,1
GRID_0813,21.205963,80.133241,Sausar Group,Mica Schist,Mica Schist,Stratiform/Stratabound,Metamorphic Terrain,5.402,3.753,1.477,250.0,6.6,93.0,0.5286,0.1846,0.2247,0.1074,1,1
GRID_0814,21.882716,79.42778,Granite,Granite,Granite,Other,Mixed Terrain,4.886,0.21,2.975,383.41,5.17,281.03,0.6132,0.387,0.3366,0.2218,0,1
GRID_0815,21.839412,79.991119,Alluvium,Alluvium,Alluvium,Other,Mixed Terrain,2.899,1.041,0.77,312.46,7.83,299.03,0.4186,0.039,0.4628,0.2378,0,1
GRID_0816,21.541012,80.280278,Other Metasedimentary,Quartzite,Quartzite,Stratiform/Stratabound,Metamorphic Terrain,2.18,1.499,4.578,313.69,8.11,287.18,0.5028,0.3886,0.271,0.1532,1,1
GRID_0817,21.602584,79.898454,Other Metasedimentary,Schist,Schist,Stratiform/Stratabound,Metamorphic Terrain,5.042,0.509,0.882,444.15,7.86,77.57,0.4982,0.3662,0.1444,0.2093,1,1
GRID_0818,21.439152,79.216944,Other Metasedimentary,Quartzite,Quartzite,Stratiform/Stratabound,Metamorphic Terrain,2.069,2.288,0.392,382.33,10.23,249.93,0.4458,0.0903,0.2785,0.2684,0,1
GRID_0819,21.146547,79.212654,Other Metasedimentary,Schist,Schist,Stratiform/Stratabound,Metamorphic Terrain,1.541,2.752,1.453,399.08,9.44,193.87,0.3968,0.2389,0.2663,0.1225,1,1
GRID_0820,21.384918,79.699841,Sausar Group,Mica Schist,Mica Schist,Stratiform/Stratabound,Metamorphic Terrain,0.085,2.232,0.384,353.93,9.28,354.97,0.4526,0.2567,0.1536,0.2317,1,1
GRID_0821,21.782425,80.496672,Sausar Group,Quartzite,Quartzite,Stratiform/Stratabound,Metamorphic Terrain,2.261,2.098,1.915,547.24,6.13,130.17,0.3255,0.597,0.1938,0.1333,1,1
GRID_0822,21.103937,79.520147,Sausar Group,Marble,Marble,Stratiform/Stratabound,Metamorphic Terrain,0.722,1.615,0.761,433.39,3.2,277.65,0.2485,0.0707,0.2092,0.1802,1,1
GRID_0823,21.383474,80.088109,Granite,Granite,Granite,Other,Mixed Terrain,2.277,1.358,2.412,300.53,10.78,133.23,0.661,-0.0896,0.2648,0.1426,0,1
GRID_0824,21.438443,79.510906,Granite,Granite,Granite,Other,Mixed Terrain,0.968,3.74,0.593,484.74,8.24,142.87,0.4645,-0.1014,0.1759,0.1449,0,1
GRID_0825,21.556786,79.650338,Gneiss,Gneiss,Gneiss,Other,Mixed Terrain,6.521,3.426,0.901,400.89,9.64,39.96,0.4737,0.2096,0.1673,0.1584,0,1
GRID_0826,21.881877,80.387259,Sausar Group,Marble,Marble,Stratiform/Stratabound,Metamorphic Terrain,0.603,0.74,3.115,531.46,9.75,86.28,0.3954,0.3235,0.1579,0.1441,1,1
GRID_0827,21.394394,80.220406,Gneiss,Gneiss,Gneiss,Other,Mixed Terrain,0.576,1.114,2.732,429.31,0.2,59.21,0.5097,0.0555,0.1089,0.1721,0,1
GRID_0828,21.39491,79.333559,Sausar Group,Marble,Marble,Stratiform/Stratabound,Metamorphic Terrain,0.412,3.003,1.22,370.85,14.89,57.31,0.4012,0.1532,0.284,0.2501,1,1
GRID_0829,21.726876,79.800183,Sausar Group,Marble,Marble,Stratiform/Stratabound,Metamorphic Terrain,1.465,2.401,0.911,383.93,5.74,3.25,0.1873,0.118,0.2458,0.0974,1,1
GRID_0830,21.484385,79.240838,Granite,Granite,Granite,Other,Mixed Terrain,1.122,1.658,0.376,395.8,13.5,285.76,0.3445,0.02,0.2953,0.2057,1,1
GRID_0831,21.290914,79.873246,Alluvium,Alluvium,Alluvium,Other,Mixed Terrain,4.76,0.578,0.18,471.63,9.7,168.46,0.5256,0.2645,0.19,0.1153,0,1
GRID_0832,21.484574,80.127408,Alluvium,Alluvium,Alluvium,Other,Mixed Terrain,3.429,1.888,0.417,363.27,3.69,289.5,0.335,-0.0645,0.1878,0.119,0,1
GRID_0833,21.219728,79.365904,Gneiss,Gneiss,Gneiss,Other,Mixed Terrain,0.409,1.122,3.021,535.71,5.17,220.52,0.1368,0.2693,0.264,0.0687,0,1
GRID_0834,21.249929,79.604439,Sausar Group,Mica Schist,Mica Schist,Stratiform/Stratabound,Metamorphic Terrain,4.595,0.295,1.499,461.33,5.24,299.28,0.3831,0.1198,0.3023,0.2446,1,1
GRID_0835,21.523613,79.756971,Gneiss,Gneiss,Gneiss,Other,Mixed Terrain,1.447,7.201,0.475,449.07,5.47,181.36,0.1531,0.3178,0.3089,0.1655,0,1
GRID_0836,21.456087,80.487343,Sausar Group,Marble,Marble,Stratiform/Stratabound,Metamorphic Terrain,2.011,0.147,1.865,436.21,0.92,33.85,0.3807,0.2042,0.1619,0.1261,0,1
GRID_0837,21.877619,80.590557,Granite,Granite,Granite,Other,Mixed Terrain,0.276,0.709,0.471,428.29,4.81,222.03,0.6197,-0.037,0.3062,0.1878,0,1
GRID_0838,21.408035,79.262876,Granite,Granite,Granite,Other,Mixed Terrain,4.277,3.797,2.324,322.09,11.87,244.0,0.2265,0.2238,0.3453,0.1591,0,1
GRID_0839,21.5935,80.265411,Sausar Group,Mica Schist,Mica Schist,Stratiform/Stratabound,Metamorphic Terrain,1.072,4.574,0.798,454.87,12.28,225.54,0.5337,0.1264,0.2695,0.2461,0,1
GRID_0840,21.637425,79.720414,Sausar Group,Schist,Schist,Stratiform/Stratabound,Metamorphic Terrain,7.334,2.133,2.129,593.69,5.29,288.48,0.7044,0.333,0.321,0.1189,0,1
GRID_0841,21.11113,79.749441,Other Metasedimentary,Phyllite,Phyllite,Stratiform/Stratabound,Metamorphic Terrain,1.321,2.02,0.173,488.8,0.51,263.34,0.6337,0.2818,0.2766,0.1715,0,1
GRID_0842,21.664007,80.255971,Other Metasedimentary,Phyllite,Phyllite,Stratiform/Stratabound,Metamorphic Terrain,4.484,1.071,0.323,467.27,10.52,155.75,0.3936,0.3401,0.1615,0.231,1,1
GRID_0843,21.251331,80.485797,Granite,Granite,Granite,Other,Mixed Terrain,0.942,2.679,2.109,299.53,3.69,294.88,0.2836,0.1317,0.3054,0.1161,0,1
GRID_0844,21.91691,80.5313,Sausar Group,Marble,Marble,Stratiform/Stratabound,Metamorphic Terrain,1.371,3.159,2.22,522.32,4.0,249.04,0.458,0.0517,0.2672,0.1523,1,1
GRID_0845,21.226363,80.007972,Sausar Group,Marble,Marble,Stratiform/Stratabound,Metamorphic Terrain,1.581,5.049,3.206,498.21,6.87,43.33,0.4602,0.178,0.1686,0.1033,1,1
GRID_0846,21.452431,79.69997,Granite,Granite,Granite,Other,Mixed Terrain,1.53,0.489,1.538,529.23,6.49,194.35,0.5775,0.2826,0.2002,0.1279,0,1
GRID_0847,21.172547,80.302569,Other Metasedimentary,Quartzite,Quartzite,Stratiform/Stratabound,Metamorphic Terrain,1.076,1.19,0.781,353.17,4.84,262.28,0.4382,0.0458,0.2689,0.0867,0,1
GRID_0848,21.947343,79.551402,Sausar Group,Marble,Marble,Stratiform/Stratabound,Metamorphic Terrain,0.772,0.678,0.922,396.01,5.2,199.18,0.4944,0.2232,0.4078,0.1164,1,1
GRID_0849,21.526866,79.989704,Alluvium,Alluvium,Alluvium,Other,Mixed Terrain,1.502,1.555,1.505,303.71,5.99,341.65,0.2846,0.2326,0.366,0.1014,0,1
GRID_0850,21.606077,79.70201,Sausar Group,Marble,Marble,Stratiform/Stratabound,Metamorphic Terrain,1.625,2.716,0.232,296.54,5.14,36.54,0.5483,0.3726,0.1,0.1399,1,1
GRID_0851,21.157015,80.119284,Other Metasedimentary,Schist,Schist,Stratiform/Stratabound,Metamorphic Terrain,3.07,2.023,0.148,380.96,5.4,260.04,0.2258,0.0341,0.2401,0.2383,1,1
GRID_0852,21.737466,79.536558,Granite,Granite,Granite,Other,Mixed Terrain,1.559,1.794,2.286,469.76,6.78,296.8,0.3296,0.2489,0.3442,0.1968,0,1
GRID_0853,21.27842,79.46823,Alluvium,Alluvium,Alluvium,Other,Mixed Terrain,1.143,0.56,2.87,394.6,9.41,252.96,0.5261,0.1111,0.2117,0.2578,1,1
GRID_0854,21.863346,80.485535,Granite,Granite,Granite,Other,Mixed Terrain,1.626,0.346,1.43,373.12,9.0,138.81,0.6366,0.0743,0.2046,0.1568,0,1
GRID_0855,21.274369,79.342525,Gneiss,Gneiss,Gneiss,Other,Mixed Terrain,0.731,2.581,0.745,458.85,5.83,138.77,0.5394,0.4519,0.2023,0.1262,1,1
GRID_0856,21.262085,79.908341,Sausar Group,Quartzite,Quartzite,Stratiform/Stratabound,Metamorphic Terrain,0.412,1.038,0.683,250.0,6.73,211.16,0.4248,0.2423,0.2991,0.1724,1,1
GRID_0857,21.131067,79.509194,Sausar Group,Mica Schist,Mica Schist,Stratiform/Stratabound,Metamorphic Terrain,3.841,1.442,1.041,383.89,13.38,142.96,0.4263,0.3952,0.2669,0.1435,1,1
GRID_0858,21.501257,79.254502,Other Metasedimentary,Schist,Schist,Stratiform/Stratabound,Metamorphic Terrain,3.47,1.09,1.023,458.76,11.95,317.95,0.2847,0.0754,0.2773,0.2046,1,1
GRID_0859,21.580115,79.250426,Other Metasedimentary,Phyllite,Phyllite,Stratiform/Stratabound,Metamorphic Terrain,1.306,0.427,1.006,395.71,10.19,39.58,0.3709,0.4147,0.2262,0.0897,0,1
GRID_0860,21.155852,79.44531,Other Metasedimentary,Schist,Schist,Stratiform/Stratabound,Metamorphic Terrain,2.737,2.168,1.501,540.43,0.91,230.1,0.1235,0.1229,0.3624,0.1757,1,1
GRID_0861,21.759198,80.413478,Gneiss,Gneiss,Gneiss,Other,Mixed Terrain,0.563,2.451,0.501,373.79,8.43,48.28,0.6954,0.2913,0.2181,0.2702,0,1
GRID_0862,21.485296,79.59547,Other Metasedimentary,Schist,Schist,Stratiform/Stratabound,Metamorphic Terrain,0.842,3.722,1.503,379.67,5.3,194.46,0.7846,0.0477,0.3016,0.1247,0,1
GRID_0863,21.545732,80.530643,Sausar Group,Marble,Marble,Stratiform/Stratabound,Metamorphic Terrain,1.963,1.097,0.408,346.19,4.17,257.61,0.1192,0.0298,0.0947,0.1535,1,1
GRID_0864,21.474648,80.014271,Sausar Group,Quartzite,Quartzite,Stratiform/Stratabound,Metamorphic Terrain,4.171,1.119,1.418,365.6,6.56,59.58,0.2005,0.1763,0.2373,0.0764,1,1
GRID_0865,21.440649,79.81126,Sausar Group,Quartzite,Quartzite,Stratiform/Stratabound,Metamorphic Terrain,9.091,0.715,0.172,453.55,12.19,253.45,0.648,0.3969,0.2071,0.2466,0,1
GRID_0866,21.575694,80.012124,Gneiss,Gneiss,Gneiss,Other,Mixed Terrain,2.668,3.188,0.481,498.69,11.55,50.39,0.3044,0.3569,0.2472,0.1741,0,1
GRID_0867,21.231954,79.923378,Granite,Granite,Granite,Other,Mixed Terrain,2.783,2.688,2.557,613.17,5.52,223.4,0.6516,0.1998,0.1263,0.1488,0,1
GRID_0868,21.254639,80.262287,Sausar Group,Schist,Schist,Stratiform/Stratabound,Metamorphic Terrain,2.406,0.34,1.749,479.08,8.34,182.0,0.5506,0.1348,0.3545,0.1828,0,1
GRID_0869,21.832518,79.595494,Gneiss,Gneiss,Gneiss,Other,Mixed Terrain,1.441,2.322,1.896,329.88,6.31,107.31,0.3787,0.2246,0.2517,0.1757,1,1
GRID_0870,21.904198,79.694271,Other Metasedimentary,Phyllite,Phyllite,Stratiform/Stratabound,Metamorphic Terrain,4.986,3.826,4.325,535.54,7.04,40.16,0.5812,0.0327,0.3975,0.138,0,1
GRID_0871,21.417313,80.451732,Granite,Granite,Granite,Other,Mixed Terrain,0.475,1.417,1.046,471.41,11.99,264.91,0.4241,0.1996,0.2949,0.0957,0,1
GRID_0872,21.330133,80.525039,Sausar Group,Mica Schist,Mica Schist,Stratiform/Stratabound,Metamorphic Terrain,1.988,0.481,1.677,432.44,7.75,137.45,0.4214,0.1866,0.2585,0.1892,1,1
GRID_0873,21.6474,80.449582,Sausar Group,Schist,Schist,Stratiform/Stratabound,Metamorphic Terrain,3.694,4.744,0.778,520.72,0.97,31.15,0.5146,0.1872,0.2411,0.1809,1,1
GRID_0874,21.447424,79.787227,Sausar Group,Mica Schist,Mica Schist,Stratiform/Stratabound,Metamorphic Terrain,2.481,0.994,1.132,631.28,8.55,278.2,0.5567,0.245,0.2865,0.1567,0,1
GRID_0875,21.121578,80.292512,Sausar Group,Schist,Schist,Stratiform/Stratabound,Metamorphic Terrain,0.692,0.34,1.446,413.94,15.27,83.84,0.5904,0.2909,0.2931,0.1617,1,1
GRID_0876,21.23273,79.86687,Gneiss,Gneiss,Gneiss,Other,Mixed Terrain,0.531,0.711,0.274,359.2,5.2,265.12,0.8068,-0.1546,0.2753,0.2448,0,1
GRID_0877,21.708576,79.896556,Gneiss,Gneiss,Gneiss,Other,Mixed Terrain,1.989,1.366,0.07,542.83,14.19,203.36,0.4883,0.0637,0.3984,0.1974,0,1
GRID_0878,21.660085,79.486552,Gneiss,Gneiss,Gneiss,Other,Mixed Terrain,0.421,1.103,1.306,655.79,10.47,70.03,0.6369,0.0882,0.321,0.1004,0,1
GRID_0879,21.123032,80.027582,Granite,Granite,Granite,Other,Mixed Terrain,6.647,1.798,0.724,442.32,12.71,27.51,0.6324,0.1578,0.1957,0.2574,1,1
GRID_0880,21.288676,79.46059,Other Metasedimentary,Schist,Schist,Stratiform/Stratabound,Metamorphic Terrain,2.332,2.102,0.316,432.63,11.5,213.57,0.5396,0.1702,0.1844,0.2208,1,1
GRID_0881,21.296414,79.664191,Sausar Group,Marble,Marble,Stratiform/Stratabound,Metamorphic Terrain,3.527,1.716,1.869,444.63,8.71,9.08,0.3456,0.2688,0.271,0.2166,1,1
GRID_0882,21.671109,80.397042,Granite,Granite,Granite,Other,Mixed Terrain,4.524,1.255,1.11,468.19,5.55,23.57,0.6055,0.2251,0.2531,0.1324,0,1
GRID_0883,21.116754,79.489906,Other Metasedimentary,Phyllite,Phyllite,Stratiform/Stratabound,Metamorphic Terrain,2.243,0.757,1.281,310.28,8.7,252.8,0.5013,0.3478,0.2595,0.2312,0,1
GRID_0884,21.188492,79.299622,Sausar Group,Mica Schist,Mica Schist,Stratiform/Stratabound,Metamorphic Terrain,3.272,0.886,0.504,456.0,8.93,193.99,0.2238,0.138,0.1264,0.1908,1,1
GRID_0885,21.779929,79.296611,Sausar Group,Mica Schist,Mica Schist,Stratiform/Stratabound,Metamorphic Terrain,2.307,2.303,1.167,453.24,11.89,117.47,0.5922,0.0849,0.3024,0.1103,0,1
GRID_0886,21.251763,80.517098,Other Metasedimentary,Quartzite,Quartzite,Stratiform/Stratabound,Metamorphic Terrain,2.17,1.872,1.814,448.35,0.2,194.12,0.1698,0.1604,0.2139,0.1973,0,1
GRID_0887,21.654834,79.909689,Granite,Granite,Granite,Other,Mixed Terrain,2.388,3.925,0.485,444.2,2.28,212.99,0.5336,0.1842,0.3958,0.2371,0,1
GRID_0888,21.302455,79.773177,Gneiss,Gneiss,Gneiss,Other,Mixed Terrain,10.0,1.488,0.373,438.18,8.95,203.5,0.3417,0.1939,0.2565,0.2141,0,1
GRID_0889,21.184525,80.33523,Sausar Group,Marble,Marble,Stratiform/Stratabound,Metamorphic Terrain,4.105,1.235,3.806,251.39,9.33,231.32,0.4561,0.1442,0.2323,0.072,1,1
GRID_0890,21.306696,80.370156,Gneiss,Gneiss,Gneiss,Other,Mixed Terrain,10.0,0.705,0.47,368.71,4.53,338.5,0.2069,0.332,0.2745,0.204,0,1
GRID_0891,21.713927,79.665067,Sausar Group,Schist,Schist,Stratiform/Stratabound,Metamorphic Terrain,2.319,2.837,1.12,502.75,9.43,139.96,0.3142,0.3179,0.194,0.1582,1,1
GRID_0892,21.827342,80.171065,Sausar Group,Schist,Schist,Stratiform/Stratabound,Metamorphic Terrain,6.596,2.792,0.996,522.69,10.71,108.41,0.3462,0.3323,0.3573,0.0669,1,1
GRID_0893,21.805687,80.279572,Gneiss,Gneiss,Gneiss,Other,Mixed Terrain,1.05,5.127,0.285,394.06,7.22,13.84,0.4056,0.0419,0.4062,0.219,0,1
GRID_0894,21.437606,80.116511,Sausar Group,Quartzite,Quartzite,Stratiform/Stratabound,Metamorphic Terrain,4.331,2.488,1.988,348.7,13.72,52.95,0.3348,0.2815,0.2912,0.221,0,1
GRID_0895,21.667872,79.412233,Granite,Granite,Granite,Other,Mixed Terrain,0.477,2.576,2.06,490.94,14.47,38.25,0.4857,0.4048,0.2867,0.1781,0,1
GRID_0896,21.274237,80.426236,Sausar Group,Marble,Marble,Stratiform/Stratabound,Metamorphic Terrain,1.411,3.857,1.882,453.19,8.49,120.76,0.5063,0.3367,0.1989,0.1188,1,1
GRID_0897,21.349176,79.954732,Sausar Group,Schist,Schist,Stratiform/Stratabound,Metamorphic Terrain,2.04,1.538,0.949,419.62,11.36,219.6,0.3586,0.1081,0.2394,0.2636,1,1
GRID_0898,21.861885,79.595461,Sausar Group,Quartzite,Quartzite,Stratiform/Stratabound,Metamorphic Terrain,0.229,3.122,1.393,503.26,1.21,16.68,0.4362,0.1335,0.2781,0.2129,1,1
GRID_0899,21.111052,79.795319,Sausar Group,Quartzite,Quartzite,Stratiform/Stratabound,Metamorphic Terrain,1.457,6.099,0.583,329.81,12.29,261.96,0.515,-0.0398,0.1596,0.2162,1,1
GRID_0900,21.172682,79.2526,Other Metasedimentary,Schist,Schist,Stratiform/Stratabound,Metamorphic Terrain,5.468,3.435,1.281,528.68,13.86,143.08,0.0709,0.36,0.3505,0.2353,1,1
GRID_0901,21.276703,79.379014,Sausar Group,Schist,Schist,Stratiform/Stratabound,Metamorphic Terrain,3.991,0.937,1.93,302.33,3.94,346.86,0.5007,0.0433,0.1326,0.2527,1,1
GRID_0902,21.122552,80.271765,Granite,Granite,Granite,Other,Mixed Terrain,0.872,0.857,2.151,359.86,10.47,204.62,0.3273,0.1129,0.0952,0.1994,0,1
GRID_0903,21.25422,79.200016,Sausar Group,Mica Schist,Mica Schist,Stratiform/Stratabound,Metamorphic Terrain,3.743,1.334,1.461,341.52,0.51,277.69,0.02,0.2582,0.362,0.1117,1,1
GRID_0904,21.595585,79.783192,Sausar Group,Marble,Marble,Stratiform/Stratabound,Metamorphic Terrain,4.104,1.792,1.892,380.49,4.85,310.03,0.3673,0.2002,0.2945,0.1388,0,1
GRID_0905,21.458211,79.931514,Other Metasedimentary,Quartzite,Quartzite,Stratiform/Stratabound,Metamorphic Terrain,3.413,1.209,1.552,456.02,5.92,319.98,0.2688,0.231,0.174,0.1488,1,1
GRID_0906,21.858771,79.276488,Sausar Group,Schist,Schist,Stratiform/Stratabound,Metamorphic Terrain,3.226,2.331,2.128,487.67,2.1,186.65,0.3549,0.0993,0.2509,0.2529,1,1
GRID_0907,21.794827,80.562309,Other Metasedimentary,Quartzite,Quartzite,Stratiform/Stratabound,Metamorphic Terrain,1.884,0.723,0.991,423.07,7.05,142.83,0.5047,0.0038,0.2565,0.1929,1,1
GRID_0908,21.390545,79.516575,Sausar Group,Marble,Marble,Stratiform/Stratabound,Metamorphic Terrain,4.822,1.584,0.44,321.4,6.78,201.79,0.5661,0.2103,0.2472,0.1389,1,1
GRID_0909,21.32051,79.625878,Alluvium,Alluvium,Alluvium,Other,Mixed Terrain,4.476,0.639,0.555,259.96,10.47,144.75,0.6363,0.0567,0.1677,0.1681,0,1
GRID_0910,21.422739,79.62552,Gneiss,Gneiss,Gneiss,Other,Mixed Terrain,6.258,3.558,0.636,501.94,1.94,86.66,0.6461,0.2529,0.2621,0.2594,0,1
GRID_0911,21.601751,79.522583,Other Metasedimentary,Schist,Schist,Stratiform/Stratabound,Metamorphic Terrain,5.008,0.526,3.824,491.42,10.49,116.61,0.2642,0.0552,0.3215,0.2169,1,1
GRID_0912,21.327854,79.202063,Gneiss,Gneiss,Gneiss,Other,Mixed Terrain,0.817,0.619,1.622,521.02,4.84,83.8,0.6236,0.1591,0.1191,0.2426,0,1
GRID_0913,21.630527,80.221083,Granite,Granite,Granite,Other,Mixed Terrain,1.913,3.697,1.765,418.74,2.89,97.0,0.2343,0.4202,0.2061,0.1131,0,1
GRID_0914,21.448,80.553584,Sausar Group,Mica Schist,Mica Schist,Stratiform/Stratabound,Metamorphic Terrain,0.052,2.577,2.515,486.79,7.21,33.7,0.5993,0.2106,0.1588,0.1674,0,1
GRID_0915,21.56924,79.514011,Sausar Group,Marble,Marble,Stratiform/Stratabound,Metamorphic Terrain,0.92,1.411,0.291,375.64,11.01,153.53,0.5214,0.068,0.1866,0.1415,1,1
GRID_0916,21.470708,80.128266,Other Metasedimentary,Quartzite,Quartzite,Stratiform/Stratabound,Metamorphic Terrain,1.168,1.989,1.401,470.85,6.06,84.7,0.4573,0.2499,0.2665,0.2701,0,1
GRID_0917,21.350296,80.238655,Sausar Group,Marble,Marble,Stratiform/Stratabound,Metamorphic Terrain,1.542,1.526,0.945,389.23,10.06,161.41,0.2882,0.1601,0.1493,0.1717,1,1
GRID_0918,21.906185,80.387796,Granite,Granite,Granite,Other,Mixed Terrain,5.766,2.637,2.628,360.79,9.12,285.19,0.6216,0.0696,0.3615,0.1456,0,1
GRID_0919,21.749065,79.791681,Alluvium,Alluvium,Alluvium,Other,Mixed Terrain,3.629,0.285,2.04,449.72,20.54,161.39,0.2688,0.1834,0.2449,0.0596,0,1
GRID_0920,21.219096,79.624103,Sausar Group,Mica Schist,Mica Schist,Stratiform/Stratabound,Metamorphic Terrain,4.679,2.604,1.504,445.28,6.75,343.66,0.4264,0.3536,0.2129,0.2646,0,1
GRID_0921,21.838198,79.655413,Other Metasedimentary,Phyllite,Phyllite,Stratiform/Stratabound,Metamorphic Terrain,4.226,1.087,0.655,507.49,7.33,53.22,0.4409,0.2646,0.1073,0.2676,1,1
GRID_0922,21.514317,80.19767,Alluvium,Alluvium,Alluvium,Other,Mixed Terrain,1.622,6.239,1.651,320.81,12.43,306.1,0.1583,0.1545,0.2499,0.0568,1,1
GRID_0923,21.860369,80.343491,Gneiss,Gneiss,Gneiss,Other,Mixed Terrain,4.816,0.665,1.477,508.8,7.79,89.37,0.4538,0.0102,0.2439,0.1928,0,1
GRID_0924,21.779877,79.45426,Other Metasedimentary,Quartzite,Quartzite,Stratiform/Stratabound,Metamorphic Terrain,1.492,3.072,1.267,441.04,9.0,336.22,0.2547,0.2828,0.1473,0.2368,1,1
GRID_0925,21.461431,79.719317,Sausar Group,Marble,Marble,Stratiform/Stratabound,Metamorphic Terrain,6.439,1.664,1.645,520.78,0.97,81.77,0.6605,0.2469,0.1706,0.2086,1,1
GRID_0926,21.119099,80.462716,Sausar Group,Mica Schist,Mica Schist,Stratiform/Stratabound,Metamorphic Terrain,1.388,0.39,3.787,519.9,7.51,268.91,0.85,-0.0477,0.3605,0.1538,1,1
GRID_0927,21.328376,80.329371,Granite,Granite,Granite,Other,Mixed Terrain,4.003,4.304,1.852,250.0,5.18,22.36,0.3126,-0.0274,0.2127,0.1232,0,1
GRID_0928,21.560389,80.578802,Sausar Group,Quartzite,Quartzite,Stratiform/Stratabound,Metamorphic Terrain,2.852,3.253,0.871,519.13,6.08,226.73,0.3671,0.4002,0.2431,0.2501,1,1
GRID_0929,21.638456,80.255948,Alluvium,Alluvium,Alluvium,Other,Mixed Terrain,0.422,3.642,0.601,522.91,9.03,78.72,0.4566,0.2248,0.2787,0.2262,0,1
GRID_0930,21.319205,79.750473,Other Metasedimentary,Schist,Schist,Stratiform/Stratabound,Metamorphic Terrain,1.468,7.673,0.534,323.04,7.78,241.26,0.1003,-0.0149,0.2292,0.2183,0,1
GRID_0931,21.218453,80.026893,Granite,Granite,Granite,Other,Mixed Terrain,2.313,1.316,1.674,297.24,11.09,228.9,0.693,0.3392,0.3347,0.2503,0,1
GRID_0932,21.809691,80.12542,Granite,Granite,Granite,Other,Mixed Terrain,1.203,2.713,0.554,495.85,11.82,332.53,0.379,0.3503,0.1888,0.3112,0,1
GRID_0933,21.936742,79.309838,Other Metasedimentary,Quartzite,Quartzite,Stratiform/Stratabound,Metamorphic Terrain,1.806,2.419,1.692,439.66,7.29,225.6,0.366,0.0806,0.2102,0.1605,1,1
GRID_0934,21.546837,79.962296,Granite,Granite,Granite,Other,Mixed Terrain,4.931,0.188,0.506,375.39,9.2,146.97,0.5403,0.0508,0.2112,0.1606,0,1
GRID_0935,21.245927,80.193049,Granite,Granite,Granite,Other,Mixed Terrain,1.51,1.701,0.509,552.3,0.2,69.68,0.4436,0.1911,0.1844,0.1557,0,1
GRID_0936,21.331461,79.43425,Granite,Granite,Granite,Other,Mixed Terrain,0.462,3.671,1.582,455.72,9.26,236.68,0.4563,0.2024,0.1785,0.1246,1,1
GRID_0937,21.115632,80.292884,Other Metasedimentary,Quartzite,Quartzite,Stratiform/Stratabound,Metamorphic Terrain,0.197,4.369,0.676,252.7,12.21,41.89,0.565,0.1579,0.2421,0.2517,1,1
GRID_0938,21.877154,80.017282,Gneiss,Gneiss,Gneiss,Other,Mixed Terrain,2.187,4.14,0.934,343.51,4.36,298.27,0.41,0.0298,0.3345,0.2607,0,1
GRID_0939,21.200088,80.53311,Alluvium,Alluvium,Alluvium,Other,Mixed Terrain,2.214,0.162,3.161,518.6,11.02,89.04,0.2502,0.1308,0.1575,0.2439,1,1
GRID_0940,21.590039,79.259391,Other Metasedimentary,Schist,Schist,Stratiform/Stratabound,Metamorphic Terrain,9.583,4.947,0.489,433.04,6.19,188.7,0.6258,0.1206,0.2268,0.28,1,1
GRID_0941,21.332947,79.571457,Granite,Granite,Granite,Other,Mixed Terrain,2.651,2.271,1.642,368.82,5.69,214.54,0.3363,-0.0283,0.2934,0.1861,1,1
GRID_0942,21.571051,80.042175,Granite,Granite,Granite,Other,Mixed Terrain,2.334,0.372,0.344,468.46,13.7,130.5,0.3451,0.3188,0.3786,0.2025,0,1
GRID_0943,21.653707,79.615184,Other Metasedimentary,Quartzite,Quartzite,Stratiform/Stratabound,Metamorphic Terrain,1.632,1.059,1.184,378.35,7.87,238.99,0.4669,0.0314,0.3057,0.2191,1,1
GRID_0944,21.805281,80.200194,Granite,Granite,Granite,Other,Mixed Terrain,2.254,7.505,1.078,324.0,11.47,90.08,0.221,0.3628,0.2256,0.1548,0,1
GRID_0945,21.275458,80.262607,Alluvium,Alluvium,Alluvium,Other,Mixed Terrain,6.569,0.453,1.091,516.42,0.2,12.46,0.4683,0.2015,0.2008,0.1158,0,1
GRID_0946,21.109346,79.343522,Other Metasedimentary,Schist,Schist,Stratiform/Stratabound,Metamorphic Terrain,6.558,1.457,1.471,529.24,5.56,345.34,0.5816,0.0901,0.319,0.1887,1,1
GRID_0947,21.216353,79.919396,Gneiss,Gneiss,Gneiss,Other,Mixed Terrain,2.979,3.171,5.167,470.9,10.85,115.22,0.6828,0.2343,0.3018,0.152,0,1
GRID_0948,21.865016,79.912447,Alluvium,Alluvium,Alluvium,Other,Mixed Terrain,0.755,2.98,1.082,299.56,8.5,256.85,0.5484,0.1614,0.2411,0.3101,0,1
GRID_0949,21.842807,79.716993,Other Metasedimentary,Schist,Schist,Stratiform/Stratabound,Metamorphic Terrain,2.476,3.607,1.856,587.26,7.26,182.71,0.6017,0.3654,0.2255,0.0906,0,1
GRID_0950,21.607801,80.506095,Other Metasedimentary,Quartzite,Quartzite,Stratiform/Stratabound,Metamorphic Terrain,0.546,1.959,0.898,584.36,10.42,240.84,0.3277,0.4769,0.3812,0.1765,1,1
GRID_0951,21.610439,80.358509,Granite,Granite,Granite,Other,Mixed Terrain,4.283,5.693,0.538,538.21,4.67,39.94,0.5621,0.235,0.3705,0.1974,0,1
GRID_0952,21.665281,80.176093,Sausar Group,Mica Schist,Mica Schist,Stratiform/Stratabound,Metamorphic Terrain,1.657,0.653,0.486,455.82,12.87,186.79,0.3994,0.155,0.2674,0.1302,1,1
GRID_0953,21.249066,80.200057,Granite,Granite,Granite,Other,Mixed Terrain,0.299,0.76,3.891,437.74,7.15,141.2,0.6155,0.4044,0.2544,0.1525,0,1
GRID_0954,21.87725,79.846403,Gneiss,Gneiss,Gneiss,Other,Mixed Terrain,1.225,0.911,2.131,467.17,4.74,162.67,0.4464,0.1513,0.1596,0.1836,1,1
GRID_0955,21.455955,80.489392,Granite,Granite,Granite,Other,Mixed Terrain,3.173,4.868,0.682,332.96,5.0,347.83,0.6024,0.1062,0.2431,0.1104,1,1
GRID_0956,21.425668,80.172434,Alluvium,Alluvium,Alluvium,Other,Mixed Terrain,5.302,2.901,0.224,383.68,7.67,49.06,0.4558,0.3523,0.3246,0.2045,1,1
GRID_0957,21.54108,80.220573,Granite,Granite,Granite,Other,Mixed Terrain,2.561,0.736,2.668,380.17,6.29,271.69,0.3072,0.2975,0.1048,0.2747,1,1
GRID_0958,21.139921,80.406367,Gneiss,Gneiss,Gneiss,Other,Mixed Terrain,3.765,1.467,1.121,481.61,10.1,118.92,0.4363,0.108,0.2822,0.1573,1,1
GRID_0959,21.241341,79.5837,Sausar Group,Marble,Marble,Stratiform/Stratabound,Metamorphic Terrain,5.014,2.636,1.844,451.0,7.81,104.53,0.3771,0.2241,0.2882,0.2261,0,1
GRID_0960,21.727329,80.329899,Alluvium,Alluvium,Alluvium,Other,Mixed Terrain,3.615,1.587,0.684,348.55,6.58,97.48,0.6376,0.1319,0.2884,0.2825,0,1
GRID_0961,21.170379,79.473337,Gneiss,Gneiss,Gneiss,Other,Mixed Terrain,3.693,4.893,0.949,294.63,9.41,125.56,0.213,0.2646,0.1943,0.2404,0,1
GRID_0962,21.612679,79.683479,Sausar Group,Marble,Marble,Stratiform/Stratabound,Metamorphic Terrain,2.0,1.015,0.67,460.23,5.88,128.56,0.1616,0.2506,0.2175,0.1364,1,1
GRID_0963,21.308547,79.669855,Sausar Group,Schist,Schist,Stratiform/Stratabound,Metamorphic Terrain,2.376,3.991,1.322,339.63,9.97,97.47,0.4768,0.001,0.1966,0.0877,1,1
GRID_0964,21.430901,80.569936,Alluvium,Alluvium,Alluvium,Other,Mixed Terrain,2.428,2.557,2.184,323.31,9.31,240.3,0.3783,0.1858,0.3792,0.1613,0,1
GRID_0965,21.34539,80.399152,Granite,Granite,Granite,Other,Mixed Terrain,0.638,1.775,1.719,608.2,9.14,17.18,0.2467,-0.0277,0.349,0.1835,0,1
GRID_0966,21.402322,80.181638,Sausar Group,Marble,Marble,Stratiform/Stratabound,Metamorphic Terrain,2.41,0.332,1.967,626.32,6.57,119.63,0.4244,-0.0192,0.2661,0.0558,1,1
GRID_0967,21.711189,80.217879,Other Metasedimentary,Phyllite,Phyllite,Stratiform/Stratabound,Metamorphic Terrain,1.262,2.44,4.062,391.83,5.48,100.87,0.4726,0.1109,0.2423,0.1817,0,1
GRID_0968,21.352553,79.986902,Alluvium,Alluvium,Alluvium,Other,Mixed Terrain,2.135,5.835,1.828,275.01,11.23,270.51,0.6266,0.0964,0.2394,0.1304,0,1
GRID_0969,21.581444,80.525927,Other Metasedimentary,Quartzite,Quartzite,Stratiform/Stratabound,Metamorphic Terrain,4.103,1.349,0.696,532.92,10.46,52.74,0.1336,-0.0594,0.2181,0.1729,1,1
GRID_0970,21.504643,79.894762,Granite,Granite,Granite,Other,Mixed Terrain,1.098,1.943,0.659,458.57,3.97,338.65,0.4597,0.0139,0.1085,0.1613,0,1
GRID_0971,21.66412,79.732725,Granite,Granite,Granite,Other,Mixed Terrain,2.785,0.649,2.167,495.45,6.27,61.39,0.6926,-0.0358,0.2428,0.1676,1,1
GRID_0972,21.896305,79.428249,Other Metasedimentary,Schist,Schist,Stratiform/Stratabound,Metamorphic Terrain,3.276,0.526,1.943,376.05,13.36,133.21,0.685,0.0762,0.3819,0.2251,1,1
GRID_0973,21.722686,80.300688,Granite,Granite,Granite,Other,Mixed Terrain,3.471,1.678,3.58,341.74,11.94,71.89,0.4448,0.2537,0.2605,0.12,0,1
GRID_0974,21.282699,80.228222,Alluvium,Alluvium,Alluvium,Other,Mixed Terrain,1.617,1.497,0.663,409.65,3.32,103.21,0.3355,0.3867,0.1967,0.0702,0,1
GRID_0975,21.126506,79.738097,Sausar Group,Mica Schist,Mica Schist,Stratiform/Stratabound,Metamorphic Terrain,3.349,1.945,1.544,444.81,8.05,273.97,0.3869,0.3281,0.2581,0.2298,0,1
GRID_0976,21.322924,79.235271,Granite,Granite,Granite,Other,Mixed Terrain,5.822,0.526,0.995,367.83,9.68,171.51,0.2724,0.2408,0.2246,0.2188,1,1
GRID_0977,21.605816,80.374596,Sausar Group,Schist,Schist,Stratiform/Stratabound,Metamorphic Terrain,4.303,2.309,0.259,540.22,11.97,58.53,0.3594,0.2328,0.1703,0.2123,1,1
GRID_0978,21.143712,79.215985,Sausar Group,Quartzite,Quartzite,Stratiform/Stratabound,Metamorphic Terrain,2.554,0.794,0.538,282.32,8.51,16.79,0.4425,0.1652,0.1616,0.1269,1,1
GRID_0979,21.521911,80.18518,Sausar Group,Marble,Marble,Stratiform/Stratabound,Metamorphic Terrain,4.152,2.121,0.942,464.79,9.94,82.77,0.5053,0.166,0.2425,0.2167,1,1
GRID_0980,21.607316,80.55836,Sausar Group,Mica Schist,Mica Schist,Stratiform/Stratabound,Metamorphic Terrain,0.231,1.811,0.388,440.73,11.73,340.42,0.5665,0.3738,0.1377,0.1032,1,1
GRID_0981,21.384107,79.812726,Other Metasedimentary,Schist,Schist,Stratiform/Stratabound,Metamorphic Terrain,3.771,0.36,0.708,533.6,12.26,304.31,0.4123,0.2666,0.2412,0.1619,1,1
GRID_0982,21.755275,79.528963,Sausar Group,Marble,Marble,Stratiform/Stratabound,Metamorphic Terrain,0.293,4.294,3.053,348.46,7.28,158.46,0.4005,0.2079,0.234,0.271,1,1
GRID_0983,21.190609,80.186819,Gneiss,Gneiss,Gneiss,Other,Mixed Terrain,0.633,3.854,2.556,490.0,8.18,173.52,0.5702,-0.0658,0.2904,0.2159,0,1
GRID_0984,21.163867,80.343979,Other Metasedimentary,Schist,Schist,Stratiform/Stratabound,Metamorphic Terrain,2.956,4.505,0.866,470.55,4.97,323.77,0.3751,0.282,0.2288,0.1756,1,1
GRID_0985,21.71896,79.965002,Gneiss,Gneiss,Gneiss,Other,Mixed Terrain,1.838,1.26,0.687,450.75,6.91,212.88,0.5418,0.2838,0.1664,0.1714,0,1
GRID_0986,21.521168,80.553849,Sausar Group,Mica Schist,Mica Schist,Stratiform/Stratabound,Metamorphic Terrain,1.33,0.729,0.02,354.64,6.37,317.08,0.1657,0.0932,0.2508,0.1139,0,1
GRID_0987,21.685142,79.272336,Alluvium,Alluvium,Alluvium,Other,Mixed Terrain,2.341,3.252,0.261,364.29,7.25,177.06,0.5047,0.2117,0.3131,0.2772,0,1
GRID_0988,21.469603,79.906714,Gneiss,Gneiss,Gneiss,Other,Mixed Terrain,1.04,3.112,1.139,404.81,7.62,72.04,0.7681,0.1613,0.203,0.2406,1,1
GRID_0989,21.309442,80.205836,Alluvium,Alluvium,Alluvium,Other,Mixed Terrain,1.586,6.462,1.239,387.27,11.25,261.33,0.2818,0.1046,0.3525,0.2279,1,1
GRID_0990,21.796237,80.407697,Alluvium,Alluvium,Alluvium,Other,Mixed Terrain,3.376,0.658,0.1,537.11,9.4,189.5,0.6593,0.2374,0.2481,0.1744,0,1
GRID_0991,21.779503,79.450958,Other Metasedimentary,Schist,Schist,Stratiform/Stratabound,Metamorphic Terrain,0.189,4.046,1.096,441.52,2.88,240.64,0.541,0.0287,0.215,0.1581,1,1
GRID_0992,21.690492,80.320005,Gneiss,Gneiss,Gneiss,Other,Mixed Terrain,0.658,1.265,2.215,497.55,10.2,56.6,0.5699,0.4654,0.1962,0.1344,0,1
GRID_0993,21.331323,79.97379,Granite,Granite,Granite,Other,Mixed Terrain,1.809,1.314,1.428,306.65,5.8,233.14,0.5371,0.2544,0.2537,0.2659,1,1
GRID_0994,21.601696,79.755175,Gneiss,Gneiss,Gneiss,Other,Mixed Terrain,6.204,4.164,1.456,273.43,3.64,137.61,0.3284,0.1646,0.2335,0.0712,0,1
GRID_0995,21.406828,79.384401,Sausar Group,Schist,Schist,Stratiform/Stratabound,Metamorphic Terrain,3.741,3.73,1.119,414.89,3.43,119.52,0.2214,0.3142,0.15,0.214,0,1
GRID_0996,21.177845,80.411414,Other Metasedimentary,Schist,Schist,Stratiform/Stratabound,Metamorphic Terrain,3.238,1.606,1.482,321.35,8.68,241.73,0.5059,0.2897,0.3514,0.0854,1,1
GRID_0997,21.879717,79.420182,Sausar Group,Marble,Marble,Stratiform/Stratabound,Metamorphic Terrain,4.622,1.317,2.788,433.39,12.24,213.21,0.4104,0.0757,0.2164,0.1678,1,1
GRID_0998,21.216296,79.633703,Sausar Group,Mica Schist,Mica Schist,Stratiform/Stratabound,Metamorphic Terrain,1.672,1.439,1.646,358.34,7.16,233.68,0.2073,0.1093,0.3508,0.1785,0,1
GRID_0999,21.907702,79.606064,Other Metasedimentary,Phyllite,Phyllite,Stratiform/Stratabound,Metamorphic Terrain,4.615,3.65,0.501,456.03,11.75,347.52,0.3574,-0.1402,0.1636,0.1032,0,1
GRID_1000,21.479105,80.41998,Gneiss,Gneiss,Gneiss,Other,Mixed Terrain,1.487,3.169,2.118,363.46,8.34,252.43,0.2614,0.0299,0.3073,0.1287,0,1
GRID_1001,21.257363,80.141784,Granite,Granite,Granite,Other,Mixed Terrain,2.945,2.333,0.926,477.69,0.2,230.72,0.7369,0.2734,0.3349,0.2237,0,1
GRID_1002,21.560616,80.315354,Granite,Granite,Granite,Other,Mixed Terrain,0.926,0.922,0.631,355.12,10.45,220.88,0.5647,0.2057,0.3291,0.2687,0,1
GRID_1003,21.842004,79.550655,Other Metasedimentary,Phyllite,Phyllite,Stratiform/Stratabound,Metamorphic Terrain,6.008,1.427,5.317,271.53,5.83,143.54,0.2735,0.1109,0.268,0.1987,1,1
GRID_1004,21.722391,80.074824,Granite,Granite,Granite,Other,Mixed Terrain,1.767,2.274,1.104,502.48,4.76,302.11,0.5102,0.2286,0.3097,0.1388,0,1
GRID_1005,21.785577,80.000444,Other Metasedimentary,Phyllite,Phyllite,Stratiform/Stratabound,Metamorphic Terrain,1.269,0.709,0.544,364.66,10.47,137.14,0.2446,0.1055,0.2728,0.1219,1,1
GRID_1006,21.659966,80.365963,Sausar Group,Quartzite,Quartzite,Stratiform/Stratabound,Metamorphic Terrain,3.53,4.774,0.82,546.66,8.54,252.09,0.1391,-0.0231,0.1679,0.1356,1,1
GRID_1007,21.688435,80.468522,Alluvium,Alluvium,Alluvium,Other,Mixed Terrain,1.539,0.288,0.927,375.47,7.73,105.53,0.3183,0.0475,0.2689,0.1787,0,1
GRID_1008,21.821816,79.217019,Other Metasedimentary,Schist,Schist,Stratiform/Stratabound,Metamorphic Terrain,1.278,4.523,1.822,360.07,8.39,53.19,0.4059,0.5013,0.1636,0.1955,1,1
GRID_1009,21.312218,80.143628,Sausar Group,Schist,Schist,Stratiform/Stratabound,Metamorphic Terrain,0.51,1.736,1.564,405.86,4.61,46.71,0.4912,0.1587,0.1542,0.2537,0,1
GRID_1010,21.516011,79.27257,Granite,Granite,Granite,Other,Mixed Terrain,3.223,5.001,1.977,382.37,15.08,228.44,0.5692,0.1668,0.2596,0.1756,0,1
GRID_1011,21.288028,79.968402,Sausar Group,Mica Schist,Mica Schist,Stratiform/Stratabound,Metamorphic Terrain,2.963,0.977,2.617,440.72,8.69,118.06,0.3727,0.2533,0.1986,0.1402,1,1
GRID_1012,21.939518,79.602686,Alluvium,Alluvium,Alluvium,Other,Mixed Terrain,1.365,4.355,3.108,464.22,8.63,99.02,0.5378,0.317,0.3513,0.1124,0,1
GRID_1013,21.90245,79.629487,Granite,Granite,Granite,Other,Mixed Terrain,0.821,4.313,2.926,477.11,7.65,213.14,0.1744,0.1484,0.3579,0.1675,0,1
GRID_1014,21.133513,79.694142,Gneiss,Gneiss,Gneiss,Other,Mixed Terrain,5.881,3.303,0.161,422.71,1.53,9.24,0.6646,0.3353,0.4317,0.0811,1,1
GRID_1015,21.699739,80.069809,Sausar Group,Schist,Schist,Stratiform/Stratabound,Metamorphic Terrain,5.404,2.295,3.919,302.44,5.3,88.64,0.18,0.1492,0.1445,0.1437,1,1
GRID_1016,21.886461,79.66767,Sausar Group,Quartzite,Quartzite,Stratiform/Stratabound,Metamorphic Terrain,2.606,1.735,0.658,576.49,3.1,122.6,0.351,0.1785,0.1609,0.1044,0,1
GRID_1017,21.253489,80.225779,Sausar Group,Marble,Marble,Stratiform/Stratabound,Metamorphic Terrain,5.879,2.19,1.744,398.61,2.72,255.01,0.3173,0.1125,0.3008,0.1644,1,1
GRID_1018,21.582753,79.766338,Sausar Group,Mica Schist,Mica Schist,Stratiform/Stratabound,Metamorphic Terrain,7.812,3.491,1.797,394.17,1.83,196.2,0.2,0.2876,0.2179,0.2074,0,1
GRID_1019,21.878165,79.295694,Gneiss,Gneiss,Gneiss,Other,Mixed Terrain,3.435,5.187,1.043,422.45,5.46,308.16,0.483,-0.0134,0.1894,0.2028,0,1
GRID_1020,21.128854,80.297264,Other Metasedimentary,Schist,Schist,Stratiform/Stratabound,Metamorphic Terrain,1.231,3.58,0.667,407.79,8.08,120.42,0.7031,0.2121,0.2132,0.221,1,1
GRID_1021,21.692807,79.600062,Gneiss,Gneiss,Gneiss,Other,Mixed Terrain,1.506,6.159,0.302,281.33,2.31,106.72,0.1398,0.2629,0.2349,0.1245,1,1
GRID_1022,21.352747,79.805874,Granite,Granite,Granite,Other,Mixed Terrain,0.952,2.893,1.228,478.87,10.8,11.95,0.0632,0.3235,0.2864,0.2651,1,1
GRID_1023,21.885737,80.159621,Other Metasedimentary,Phyllite,Phyllite,Stratiform/Stratabound,Metamorphic Terrain,6.13,0.928,1.077,360.26,9.19,342.62,0.29,0.2565,0.1131,0.22,1,1
GRID_1024,21.9254,79.665439,Alluvium,Alluvium,Alluvium,Other,Mixed Terrain,1.917,0.905,0.411,402.48,7.07,180.54,0.3924,0.0512,0.2686,0.2178,0,1
GRID_1025,21.902627,79.27922,Other Metasedimentary,Phyllite,Phyllite,Stratiform/Stratabound,Metamorphic Terrain,6.286,0.689,1.145,579.54,16.65,180.91,0.5527,0.2608,0.2266,0.2476,1,1
GRID_1026,21.503082,79.723489,Granite,Granite,Granite,Other,Mixed Terrain,4.222,0.495,1.672,510.28,7.04,332.44,0.3532,0.2836,0.1845,0.1906,1,1
GRID_1027,21.832736,80.522228,Sausar Group,Quartzite,Quartzite,Stratiform/Stratabound,Metamorphic Terrain,3.38,1.015,4.479,567.04,11.19,104.37,0.1351,0.2709,0.3372,0.1731,1,1
GRID_1028,21.817867,80.098428,Sausar Group,Quartzite,Quartzite,Stratiform/Stratabound,Metamorphic Terrain,8.636,2.25,0.734,372.45,8.84,119.56,0.6353,0.1465,0.2099,0.2609,1,1
GRID_1029,21.371235,80.140071,Alluvium,Alluvium,Alluvium,Other,Mixed Terrain,1.389,3.859,0.77,492.05,13.75,236.29,0.2836,0.1586,0.216,0.1299,0,1
GRID_1030,21.804578,80.085195,Sausar Group,Marble,Marble,Stratiform/Stratabound,Metamorphic Terrain,1.183,3.663,2.611,464.28,12.34,282.66,0.5309,0.3194,0.2204,0.1673,1,1
GRID_1031,21.131456,79.478589,Sausar Group,Schist,Schist,Stratiform/Stratabound,Metamorphic Terrain,2.801,5.166,1.275,425.36,6.8,251.75,0.2479,0.1803,0.3493,0.2494,1,1
GRID_1032,21.606829,79.785667,Granite,Granite,Granite,Other,Mixed Terrain,4.659,4.855,0.241,366.2,6.95,283.94,0.4007,0.0464,0.2476,0.1675,0,1
GRID_1033,21.295508,80.251316,Gneiss,Gneiss,Gneiss,Other,Mixed Terrain,0.258,1.976,0.683,522.19,2.63,207.04,0.4869,0.1227,0.2351,0.1448,1,1
GRID_1034,21.202482,79.341922,Gneiss,Gneiss,Gneiss,Other,Mixed Terrain,4.174,3.458,0.759,386.3,8.46,310.62,0.293,0.3888,0.3019,0.1233,0,1
GRID_1035,21.16541,79.588994,Sausar Group,Mica Schist,Mica Schist,Stratiform/Stratabound,Metamorphic Terrain,0.867,0.864,1.431,441.58,10.62,198.04,0.498,-0.0081,0.0837,0.1943,1,1
GRID_1036,21.691845,79.586847,Granite,Granite,Granite,Other,Mixed Terrain,0.131,0.983,0.396,507.61,7.75,82.56,0.3726,0.362,0.2542,0.1543,1,1
GRID_1037,21.388894,79.804826,Gneiss,Gneiss,Gneiss,Other,Mixed Terrain,4.061,1.233,0.303,346.98,13.6,195.01,0.3569,0.1834,0.2552,0.2093,0,1
GRID_1038,21.716052,80.572516,Other Metasedimentary,Schist,Schist,Stratiform/Stratabound,Metamorphic Terrain,8.296,0.05,0.786,337.47,8.58,256.66,0.6714,-0.0056,0.2979,0.2785,0,1
GRID_1039,21.155553,79.294504,Alluvium,Alluvium,Alluvium,Other,Mixed Terrain,1.496,0.499,0.824,643.87,12.99,235.29,0.4868,0.2909,0.2606,0.2444,0,1
GRID_1040,21.367997,79.926181,Other Metasedimentary,Quartzite,Quartzite,Stratiform/Stratabound,Metamorphic Terrain,3.539,0.594,0.474,356.89,7.35,87.49,0.5082,0.0804,0.1609,0.0406,1,1
GRID_1041,21.558568,79.451111,Alluvium,Alluvium,Alluvium,Other,Mixed Terrain,5.674,1.338,0.397,567.42,3.36,14.79,0.5478,0.1931,0.1239,0.223,1,1
GRID_1042,21.772115,80.558947,Gneiss,Gneiss,Gneiss,Other,Mixed Terrain,4.716,2.954,2.26,425.49,5.5,90.89,0.5221,-0.0772,0.2846,0.2272,0,1
GRID_1043,21.37094,79.358625,Sausar Group,Quartzite,Quartzite,Stratiform/Stratabound,Metamorphic Terrain,3.688,5.478,0.887,393.8,7.87,354.26,0.4871,0.3683,0.2056,0.1621,1,1
GRID_1044,21.632008,79.765041,Gneiss,Gneiss,Gneiss,Other,Mixed Terrain,5.86,2.523,2.191,402.23,5.0,66.41,0.6285,0.1388,0.217,0.2546,0,1
GRID_1045,21.853081,80.233039,Gneiss,Gneiss,Gneiss,Other,Mixed Terrain,2.396,1.32,1.808,424.71,1.38,167.17,0.28,0.0941,0.18,0.1977,1,1
GRID_1046,21.623484,80.186376,Gneiss,Gneiss,Gneiss,Other,Mixed Terrain,3.064,2.651,0.659,543.72,0.2,229.8,0.4537,0.2068,0.241,0.0634,1,1
GRID_1047,21.298016,79.79182,Granite,Granite,Granite,Other,Mixed Terrain,0.496,1.971,0.55,494.27,12.06,316.61,0.3804,0.3039,0.2349,0.1885,0,1
GRID_1048,21.120741,79.685134,Granite,Granite,Granite,Other,Mixed Terrain,5.677,0.436,2.765,412.01,9.54,273.69,0.4526,0.1536,0.1545,0.1637,0,1
GRID_1049,21.839584,79.756657,Sausar Group,Quartzite,Quartzite,Stratiform/Stratabound,Metamorphic Terrain,0.32,2.009,1.828,271.4,9.1,327.22,0.3183,0.2995,0.294,0.1423,1,1
GRID_1050,21.118079,79.569987,Granite,Granite,Granite,Other,Mixed Terrain,0.339,1.551,1.109,431.75,8.67,217.58,0.1704,0.1764,0.19,0.2018,0,1
GRID_1051,21.843496,79.487466,Sausar Group,Mica Schist,Mica Schist,Stratiform/Stratabound,Metamorphic Terrain,0.402,2.608,2.345,441.29,5.81,311.51,0.558,0.1923,0.3398,0.219,1,1
GRID_1052,21.549597,79.876256,Other Metasedimentary,Quartzite,Quartzite,Stratiform/Stratabound,Metamorphic Terrain,10.0,4.235,0.378,536.97,11.18,94.98,0.816,0.0679,0.2548,0.2202,0,1
GRID_1053,21.898208,79.575947,Sausar Group,Quartzite,Quartzite,Stratiform/Stratabound,Metamorphic Terrain,1.977,6.12,3.664,305.04,1.04,155.0,0.6022,0.3279,0.2339,0.222,1,1
GRID_1054,21.778966,79.602446,Sausar Group,Quartzite,Quartzite,Stratiform/Stratabound,Metamorphic Terrain,3.274,1.594,0.727,388.05,0.2,303.76,0.5688,0.2739,0.1344,0.1107,1,1
GRID_1055,21.948244,80.119458,Granite,Granite,Granite,Other,Mixed Terrain,3.407,0.692,0.334,385.37,7.19,117.2,0.4708,0.2569,0.2778,0.1163,0,1
GRID_1056,21.398105,80.555952,Gneiss,Gneiss,Gneiss,Other,Mixed Terrain,2.043,0.754,0.916,425.25,8.52,313.64,0.4052,0.3294,0.2372,0.1962,1,1
GRID_1057,21.75211,80.045092,Granite,Granite,Granite,Other,Mixed Terrain,3.662,0.594,0.428,437.74,4.46,130.72,0.4147,0.0331,0.252,0.2447,1,1
GRID_1058,21.441641,79.307771,Sausar Group,Quartzite,Quartzite,Stratiform/Stratabound,Metamorphic Terrain,2.547,0.761,1.346,467.26,1.63,130.82,0.4127,0.19,0.3322,0.2012,1,1
GRID_1059,21.507894,79.305817,Gneiss,Gneiss,Gneiss,Other,Mixed Terrain,1.21,8.0,0.898,268.94,10.36,111.25,0.3263,0.3352,0.3009,0.0536,0,1
GRID_1060,21.63338,80.531993,Granite,Granite,Granite,Other,Mixed Terrain,3.5,0.665,0.885,444.7,6.35,196.9,0.1652,0.1751,0.318,0.2128,0,1
GRID_1061,21.842626,79.616207,Other Metasedimentary,Schist,Schist,Stratiform/Stratabound,Metamorphic Terrain,2.003,0.372,4.096,450.88,10.78,46.46,0.4618,0.2007,0.0712,0.0865,1,1
GRID_1062,21.936471,79.328894,Other Metasedimentary,Quartzite,Quartzite,Stratiform/Stratabound,Metamorphic Terrain,3.623,1.558,1.661,436.39,13.22,13.18,0.3854,0.1967,0.2254,0.2211,1,1
GRID_1063,21.753032,80.038662,Granite,Granite,Granite,Other,Mixed Terrain,0.974,3.81,0.621,414.9,1.59,323.07,0.6123,0.2462,0.1286,0.1465,0,1
GRID_1064,21.455102,80.073108,Sausar Group,Quartzite,Quartzite,Stratiform/Stratabound,Metamorphic Terrain,2.399,2.687,1.19,250.0,8.85,334.42,0.5483,-0.0893,0.273,0.1981,1,1
GRID_1065,21.458153,80.107907,Alluvium,Alluvium,Alluvium,Other,Mixed Terrain,2.698,1.421,2.785,478.29,9.0,27.42,0.105,0.1967,0.1083,0.3062,1,1
GRID_1066,21.726945,79.574363,Sausar Group,Schist,Schist,Stratiform/Stratabound,Metamorphic Terrain,7.347,1.419,0.856,347.28,10.98,197.89,0.7042,0.2356,0.3137,0.1588,0,1
GRID_1067,21.302961,79.221155,Granite,Granite,Granite,Other,Mixed Terrain,4.716,2.941,1.236,482.17,5.87,194.29,0.3474,0.235,0.3499,0.1347,0,1
GRID_1068,21.193903,80.551022,Sausar Group,Schist,Schist,Stratiform/Stratabound,Metamorphic Terrain,4.246,0.712,0.716,536.26,8.22,134.08,0.3722,0.404,0.2271,0.154,1,1
GRID_1069,21.401429,79.55125,Other Metasedimentary,Phyllite,Phyllite,Stratiform/Stratabound,Metamorphic Terrain,6.793,1.038,2.315,287.53,10.93,204.81,0.1616,0.0981,0.264,0.0898,1,1
GRID_1070,21.344153,80.146437,Sausar Group,Quartzite,Quartzite,Stratiform/Stratabound,Metamorphic Terrain,1.657,1.455,1.196,479.58,9.75,164.92,0.4726,0.4107,0.3486,0.1198,1,1
GRID_1071,21.351862,80.189282,Gneiss,Gneiss,Gneiss,Other,Mixed Terrain,1.707,3.717,3.002,324.98,14.24,176.27,0.4958,0.1292,0.3862,0.2439,0,1
GRID_1072,21.298567,80.05401,Alluvium,Alluvium,Alluvium,Other,Mixed Terrain,2.158,0.476,1.401,426.4,4.53,271.92,0.7042,-0.0089,0.358,0.0616,0,1
GRID_1073,21.135779,79.63807,Granite,Granite,Granite,Other,Mixed Terrain,4.269,1.304,0.935,419.29,8.83,189.35,0.5662,0.3908,0.2777,0.1423,0,1
GRID_1074,21.115193,79.579535,Sausar Group,Quartzite,Quartzite,Stratiform/Stratabound,Metamorphic Terrain,2.152,0.375,1.022,494.3,7.65,116.52,0.3494,0.3274,0.353,0.1944,1,1
GRID_1075,21.939564,80.036736,Other Metasedimentary,Quartzite,Quartzite,Stratiform/Stratabound,Metamorphic Terrain,2.576,2.415,3.737,481.67,7.17,209.32,0.1463,0.1991,0.1724,0.1554,0,1
GRID_1076,21.463607,80.412534,Granite,Granite,Granite,Other,Mixed Terrain,6.415,0.699,1.279,452.28,10.35,230.67,0.3378,0.098,0.1921,0.261,0,1
GRID_1077,21.426678,80.525427,Gneiss,Gneiss,Gneiss,Other,Mixed Terrain,1.508,1.538,0.606,290.31,8.46,238.43,0.597,0.1508,0.3055,0.17,0,1
GRID_1078,21.6777,79.348268,Sausar Group,Mica Schist,Mica Schist,Stratiform/Stratabound,Metamorphic Terrain,0.859,3.995,0.888,250.0,3.74,222.59,0.3664,0.2158,0.2419,0.1597,1,1
GRID_1079,21.285516,79.41676,Granite,Granite,Granite,Other,Mixed Terrain,1.847,2.884,3.591,507.54,11.81,239.26,0.255,0.3743,0.2872,0.189,0,1
GRID_1080,21.907467,80.522631,Granite,Granite,Granite,Other,Mixed Terrain,1.386,2.093,0.375,493.45,10.36,111.63,0.4571,-0.0043,0.3041,0.1963,0,1
GRID_1081,21.768393,80.231149,Sausar Group,Quartzite,Quartzite,Stratiform/Stratabound,Metamorphic Terrain,3.882,2.736,0.686,345.21,13.9,160.61,0.3765,0.1506,0.3052,0.18,0,1
GRID_1082,21.175999,80.436191,Sausar Group,Marble,Marble,Stratiform/Stratabound,Metamorphic Terrain,0.249,3.212,2.593,459.52,10.91,240.73,0.357,0.1431,0.1104,0.1757,1,1
GRID_1083,21.454944,79.483686,Other Metasedimentary,Schist,Schist,Stratiform/Stratabound,Metamorphic Terrain,5.562,0.283,1.912,412.21,7.15,271.57,0.3103,0.1122,0.2877,0.0628,1,1
GRID_1084,21.847251,80.02262,Sausar Group,Mica Schist,Mica Schist,Stratiform/Stratabound,Metamorphic Terrain,1.413,0.872,0.549,522.35,7.18,156.29,0.4474,0.0893,0.1958,0.1122,0,1
GRID_1085,21.903022,80.181595,Sausar Group,Schist,Schist,Stratiform/Stratabound,Metamorphic Terrain,0.568,1.281,0.945,437.1,12.14,131.52,0.5941,0.405,0.2579,0.2146,1,1
GRID_1086,21.497291,80.152157,Granite,Granite,Granite,Other,Mixed Terrain,3.663,1.817,0.708,506.53,4.93,257.72,0.5123,0.0677,0.2089,0.2405,0,1
GRID_1087,21.6214,79.771412,Alluvium,Alluvium,Alluvium,Other,Mixed Terrain,6.656,0.811,3.579,377.85,4.38,79.98,0.1216,0.1989,0.2104,0.2566,1,1
GRID_1088,21.241979,79.221553,Sausar Group,Quartzite,Quartzite,Stratiform/Stratabound,Metamorphic Terrain,2.774,0.453,1.522,454.23,8.88,3.42,0.6782,0.0148,0.1966,0.0934,0,1
GRID_1089,21.942493,80.016096,Gneiss,Gneiss,Gneiss,Other,Mixed Terrain,0.449,0.895,0.963,394.92,2.02,169.62,0.5502,0.3015,0.2932,0.1298,0,1
GRID_1090,21.296921,79.554342,Sausar Group,Quartzite,Quartzite,Stratiform/Stratabound,Metamorphic Terrain,3.43,2.924,1.01,377.43,9.39,62.41,0.4786,0.111,0.2282,0.2698,1,1
GRID_1091,21.901322,79.830356,Sausar Group,Quartzite,Quartzite,Stratiform/Stratabound,Metamorphic Terrain,0.526,0.116,0.724,250.0,9.88,136.18,0.4979,-0.1285,0.2226,0.1571,1,1
GRID_1092,21.6522,80.540613,Sausar Group,Marble,Marble,Stratiform/Stratabound,Metamorphic Terrain,1.453,0.916,2.553,508.5,7.01,104.84,0.5235,0.3163,0.2167,0.2171,1,1
GRID_1093,21.616576,79.758649,Other Metasedimentary,Phyllite,Phyllite,Stratiform/Stratabound,Metamorphic Terrain,5.195,0.848,1.876,578.72,13.63,279.81,0.4923,0.1024,0.2811,0.382,0,1
GRID_1094,21.535785,80.375722,Sausar Group,Mica Schist,Mica Schist,Stratiform/Stratabound,Metamorphic Terrain,1.665,0.765,2.525,312.02,12.51,119.31,0.2762,0.3635,0.1802,0.243,1,1
GRID_1095,21.296069,79.463957,Sausar Group,Schist,Schist,Stratiform/Stratabound,Metamorphic Terrain,2.489,2.939,1.014,488.96,4.89,230.64,0.5112,0.3325,0.3513,0.167,1,1
GRID_1096,21.250049,80.141445,Granite,Granite,Granite,Other,Mixed Terrain,2.864,0.863,0.775,485.41,10.62,242.61,0.4561,0.1644,0.1941,0.1715,0,1
GRID_1097,21.287413,80.56781,Other Metasedimentary,Quartzite,Quartzite,Stratiform/Stratabound,Metamorphic Terrain,1.406,0.72,1.688,386.26,11.94,164.32,0.4969,0.2355,0.2094,0.2116,1,1
GRID_1098,21.258473,79.34265,Sausar Group,Quartzite,Quartzite,Stratiform/Stratabound,Metamorphic Terrain,3.461,2.685,1.328,367.31,8.33,29.19,0.3283,0.1932,0.2415,0.0648,1,1
GRID_1099,21.762647,79.211648,Granite,Granite,Granite,Other,Mixed Terrain,0.615,2.803,4.505,530.34,6.27,252.13,0.6047,-0.0161,0.2732,0.2065,0,1
GRID_1100,21.397606,79.807016,Sausar Group,Quartzite,Quartzite,Stratiform/Stratabound,Metamorphic Terrain,4.742,2.271,0.971,521.38,3.56,27.06,0.3403,0.3793,0.2271,0.1634,1,1
GRID_1101,21.149166,79.329676,Granite,Granite,Granite,Other,Mixed Terrain,0.851,0.791,0.783,468.38,5.77,35.72,0.4223,0.1442,0.2236,0.1754,0,1
GRID_1102,21.923737,80.247738,Gneiss,Gneiss,Gneiss,Other,Mixed Terrain,1.196,3.861,1.281,385.8,3.65,70.56,0.3487,0.1833,0.3158,0.1863,0,1
GRID_1103,21.851218,80.480368,Gneiss,Gneiss,Gneiss,Other,Mixed Terrain,1.997,2.286,0.578,522.6,11.65,100.94,0.2704,0.1853,0.081,0.2739,0,1
GRID_1104,21.888589,79.807629,Sausar Group,Quartzite,Quartzite,Stratiform/Stratabound,Metamorphic Terrain,3.379,0.339,1.698,358.89,6.98,304.72,0.5445,0.1484,0.1997,0.1954,1,1
GRID_1105,21.945672,79.562196,Sausar Group,Marble,Marble,Stratiform/Stratabound,Metamorphic Terrain,2.868,4.767,0.479,550.75,10.09,242.97,0.3498,0.2695,0.1822,0.1941,1,1
GRID_1106,21.247811,79.808165,Sausar Group,Schist,Schist,Stratiform/Stratabound,Metamorphic Terrain,0.378,3.771,1.545,568.74,13.04,139.4,0.4534,0.1664,0.2116,0.2229,1,1
GRID_1107,21.436806,80.212827,Granite,Granite,Granite,Other,Mixed Terrain,1.635,0.649,1.309,530.43,8.85,352.31,0.2076,0.1082,0.3375,0.1844,1,1
GRID_1108,21.744503,79.212676,Sausar Group,Schist,Schist,Stratiform/Stratabound,Metamorphic Terrain,0.443,1.594,3.79,459.14,12.71,87.7,0.1391,0.122,0.1922,0.2197,0,1
GRID_1109,21.691618,80.025236,Alluvium,Alluvium,Alluvium,Other,Mixed Terrain,5.792,2.052,1.471,250.0,6.6,219.53,0.7069,0.4128,0.2334,0.1732,0,1
GRID_1110,21.230812,80.058608,Other Metasedimentary,Phyllite,Phyllite,Stratiform/Stratabound,Metamorphic Terrain,6.759,1.373,0.607,414.29,9.55,305.0,0.6838,0.1883,0.2783,0.2498,1,1
GRID_1111,21.793458,80.092764,Other Metasedimentary,Quartzite,Quartzite,Stratiform/Stratabound,Metamorphic Terrain,1.689,3.853,1.895,580.01,8.82,288.73,0.3333,0.4075,0.1851,0.2567,1,1
GRID_1112,21.290774,79.538831,Other Metasedimentary,Schist,Schist,Stratiform/Stratabound,Metamorphic Terrain,1.664,0.642,0.635,509.65,5.19,32.51,0.5029,0.0461,0.0799,0.2204,0,1
GRID_1113,21.290245,80.199674,Gneiss,Gneiss,Gneiss,Other,Mixed Terrain,2.131,2.009,1.748,467.0,6.76,251.02,0.3587,0.0896,0.0609,0.0424,1,1
GRID_1114,21.556428,79.327948,Alluvium,Alluvium,Alluvium,Other,Mixed Terrain,5.461,8.0,0.964,372.13,13.66,92.83,0.5368,0.1123,0.3332,0.1905,0,1
GRID_1115,21.603999,79.478978,Sausar Group,Schist,Schist,Stratiform/Stratabound,Metamorphic Terrain,0.57,3.21,0.518,517.07,6.62,128.06,0.2569,0.1685,0.2717,0.0646,1,1
GRID_1116,21.593073,80.428458,Gneiss,Gneiss,Gneiss,Other,Mixed Terrain,2.168,0.931,0.401,296.3,1.35,176.04,0.2416,0.08,0.2171,0.2029,0,1
GRID_1117,21.177764,80.234212,Granite,Granite,Granite,Other,Mixed Terrain,2.369,3.046,3.29,415.48,6.62,284.67,0.4335,0.162,0.216,0.2762,0,1
GRID_1118,21.845842,79.219244,Granite,Granite,Granite,Other,Mixed Terrain,0.76,1.769,0.347,577.89,4.99,59.83,0.4912,0.2082,0.1805,0.2485,0,1
GRID_1119,21.32576,79.547727,Alluvium,Alluvium,Alluvium,Other,Mixed Terrain,0.094,2.104,1.382,361.63,9.82,39.08,0.3183,0.3207,0.2513,0.1639,0,1
GRID_1120,21.210088,79.500169,Sausar Group,Marble,Marble,Stratiform/Stratabound,Metamorphic Terrain,2.971,2.162,2.639,481.78,10.46,55.24,0.2213,-0.008,0.2906,0.1704,0,1
GRID_1121,21.855436,79.579129,Sausar Group,Mica Schist,Mica Schist,Stratiform/Stratabound,Metamorphic Terrain,2.003,1.504,0.616,280.64,9.43,78.56,0.6313,0.31,0.1773,0.0697,1,1
GRID_1122,21.912304,79.546584,Other Metasedimentary,Quartzite,Quartzite,Stratiform/Stratabound,Metamorphic Terrain,3.735,1.334,0.977,374.56,6.36,21.42,0.3557,0.2834,0.2581,0.1808,1,1
GRID_1123,21.832808,79.287537,Sausar Group,Mica Schist,Mica Schist,Stratiform/Stratabound,Metamorphic Terrain,5.411,0.527,3.371,445.25,8.24,333.49,0.3573,0.0436,0.1796,0.1677,1,1
GRID_1124,21.788089,79.842517,Granite,Granite,Granite,Other,Mixed Terrain,6.976,1.025,0.887,460.06,6.74,114.87,0.6272,0.0696,0.2336,0.1046,0,1
GRID_1125,21.656956,80.225827,Other Metasedimentary,Schist,Schist,Stratiform/Stratabound,Metamorphic Terrain,4.023,0.821,0.767,605.73,2.21,63.71,0.7887,0.2302,0.2007,0.1211,1,1
GRID_1126,21.568229,80.049424,Gneiss,Gneiss,Gneiss,Other,Mixed Terrain,1.316,2.788,0.72,387.16,7.55,229.62,0.4824,0.0918,0.3036,0.1081,0,1
GRID_1127,21.173939,80.14202,Gneiss,Gneiss,Gneiss,Other,Mixed Terrain,0.506,3.061,2.271,480.53,18.55,283.32,0.5707,0.3719,0.2405,0.3089,0,1
GRID_1128,21.447185,79.313609,Sausar Group,Mica Schist,Mica Schist,Stratiform/Stratabound,Metamorphic Terrain,1.169,0.905,1.455,478.14,3.88,271.16,0.2479,0.1791,0.1594,0.1872,1,1
GRID_1129,21.416785,80.532087,Granite,Granite,Granite,Other,Mixed Terrain,10.0,0.613,1.045,379.95,0.58,258.73,0.5469,0.0106,0.2342,0.2252,0,1
GRID_1130,21.320791,80.373889,Other Metasedimentary,Quartzite,Quartzite,Stratiform/Stratabound,Metamorphic Terrain,2.809,3.044,2.21,511.26,13.7,18.19,0.5667,0.0236,0.3091,0.235,0,1
GRID_1131,21.714907,80.327126,Gneiss,Gneiss,Gneiss,Other,Mixed Terrain,1.194,0.269,2.593,486.79,9.79,281.58,0.2768,-0.0286,0.1554,0.2767,1,1
GRID_1132,21.521494,80.352177,Granite,Granite,Granite,Other,Mixed Terrain,3.896,0.395,0.677,406.75,9.19,180.68,0.3445,0.1653,0.2207,0.2748,0,1
GRID_1133,21.168889,80.505795,Sausar Group,Schist,Schist,Stratiform/Stratabound,Metamorphic Terrain,3.083,2.066,0.475,446.55,6.57,233.67,0.6257,0.172,0.2122,0.2366,1,1
GRID_1134,21.287156,79.961956,Sausar Group,Mica Schist,Mica Schist,Stratiform/Stratabound,Metamorphic Terrain,0.911,0.827,1.192,348.44,8.91,344.31,0.3858,0.2518,0.2547,0.0887,1,1
GRID_1135,21.68077,79.480395,Other Metasedimentary,Phyllite,Phyllite,Stratiform/Stratabound,Metamorphic Terrain,1.927,0.77,2.785,354.73,8.21,291.84,0.6578,0.3568,0.2251,0.2372,0,1
GRID_1136,21.164711,80.063497,Granite,Granite,Granite,Other,Mixed Terrain,2.258,6.734,1.057,428.17,13.24,297.13,0.4331,0.1817,0.2656,0.156,1,1
GRID_1137,21.823526,80.240034,Gneiss,Gneiss,Gneiss,Other,Mixed Terrain,1.688,1.968,1.79,493.54,11.67,65.33,0.4253,0.3574,0.1899,0.1042,0,1
GRID_1138,21.520875,80.233084,Sausar Group,Quartzite,Quartzite,Stratiform/Stratabound,Metamorphic Terrain,1.482,1.635,0.447,401.65,10.41,171.51,0.5862,0.0779,0.2279,0.1577,0,1
GRID_1139,21.508499,79.930029,Gneiss,Gneiss,Gneiss,Other,Mixed Terrain,2.828,0.629,1.186,377.6,5.27,341.76,0.7584,-0.0261,0.2256,0.1892,0,1
GRID_1140,21.603547,79.295842,Other Metasedimentary,Phyllite,Phyllite,Stratiform/Stratabound,Metamorphic Terrain,0.399,0.371,2.344,410.39,8.92,209.77,0.5356,0.291,0.3653,0.04,1,1
GRID_1141,21.800979,79.719558,Gneiss,Gneiss,Gneiss,Other,Mixed Terrain,3.712,1.336,2.932,500.43,5.54,36.93,0.458,0.2815,0.2619,0.204,0,1
GRID_1142,21.395638,80.489073,Sausar Group,Schist,Schist,Stratiform/Stratabound,Metamorphic Terrain,3.075,2.222,1.649,315.09,12.91,263.46,0.6326,0.2154,0.2991,0.2482,1,1
GRID_1143,21.676314,80.018228,Gneiss,Gneiss,Gneiss,Other,Mixed Terrain,1.275,2.443,1.264,503.21,5.14,15.45,0.6437,0.2754,0.3689,0.1852,0,1
GRID_1144,21.580872,79.953665,Alluvium,Alluvium,Alluvium,Other,Mixed Terrain,5.47,0.972,1.38,473.52,7.46,267.23,0.5155,-0.1432,0.2576,0.1151,0,1
GRID_1145,21.326974,79.576395,Granite,Granite,Granite,Other,Mixed Terrain,4.174,0.437,2.117,314.69,3.65,316.72,0.4905,0.1143,0.2239,0.2166,0,1
GRID_1146,21.846835,79.715828,Other Metasedimentary,Phyllite,Phyllite,Stratiform/Stratabound,Metamorphic Terrain,1.228,5.753,1.636,410.0,6.01,153.09,0.5422,0.3366,0.1709,0.1784,0,1
GRID_1147,21.777812,80.453485,Gneiss,Gneiss,Gneiss,Other,Mixed Terrain,3.46,2.087,0.507,484.07,5.96,148.9,0.2012,0.1439,0.1537,0.2845,0,1
GRID_1148,21.659684,80.133048,Other Metasedimentary,Phyllite,Phyllite,Stratiform/Stratabound,Metamorphic Terrain,1.334,6.432,0.384,267.61,7.39,109.52,0.2625,0.2711,0.0889,0.0421,0,1
GRID_1149,21.822994,80.302342,Gneiss,Gneiss,Gneiss,Other,Mixed Terrain,2.169,8.0,0.613,342.0,4.4,315.7,0.4685,0.5444,0.3019,0.04,0,1
GRID_1150,21.8372,79.836084,Sausar Group,Mica Schist,Mica Schist,Stratiform/Stratabound,Metamorphic Terrain,2.782,2.922,0.813,300.55,12.86,197.2,0.3068,0.3231,0.272,0.1741,1,1
GRID_1151,21.702109,80.082346,Sausar Group,Mica Schist,Mica Schist,Stratiform/Stratabound,Metamorphic Terrain,1.196,5.352,3.653,380.87,7.25,208.53,0.4358,0.1296,0.2237,0.1523,1,1
GRID_1152,21.811461,79.547737,Sausar Group,Mica Schist,Mica Schist,Stratiform/Stratabound,Metamorphic Terrain,3.907,1.923,2.852,518.21,5.87,238.21,0.4626,-0.0673,0.2219,0.1962,1,1
GRID_1153,21.692851,80.187645,Other Metasedimentary,Phyllite,Phyllite,Stratiform/Stratabound,Metamorphic Terrain,2.401,0.761,1.109,497.85,11.08,108.08,0.2729,0.2802,0.17,0.205,1,1
GRID_1154,21.67812,79.798642,Alluvium,Alluvium,Alluvium,Other,Mixed Terrain,2.56,2.864,1.417,387.04,16.65,155.8,0.5254,-0.1033,0.2747,0.2712,0,1
GRID_1155,21.62582,79.819564,Gneiss,Gneiss,Gneiss,Other,Mixed Terrain,2.394,1.599,0.912,517.46,6.38,266.98,0.1255,0.0694,0.1979,0.1655,0,1
GRID_1156,21.739809,80.109051,Sausar Group,Schist,Schist,Stratiform/Stratabound,Metamorphic Terrain,4.586,4.216,0.685,486.39,7.02,354.78,0.3785,0.0764,0.2216,0.207,0,1
GRID_1157,21.234814,80.510793,Sausar Group,Quartzite,Quartzite,Stratiform/Stratabound,Metamorphic Terrain,5.313,0.926,2.318,538.39,5.05,12.35,0.1848,0.1631,0.1623,0.1011,0,1
GRID_1158,21.84874,79.289609,Alluvium,Alluvium,Alluvium,Other,Mixed Terrain,6.608,1.869,0.348,422.47,10.65,15.35,0.3784,0.2185,0.1745,0.3279,0,1
GRID_1159,21.841067,80.354641,Granite,Granite,Granite,Other,Mixed Terrain,10.0,1.723,2.199,475.82,11.82,154.11,0.583,0.0592,0.3052,0.2464,0,1
GRID_1160,21.12486,79.609336,Sausar Group,Marble,Marble,Stratiform/Stratabound,Metamorphic Terrain,0.859,3.119,1.032,700.0,7.81,237.46,0.3113,0.3274,0.3179,0.233,1,1
GRID_1161,21.801944,79.821487,Gneiss,Gneiss,Gneiss,Other,Mixed Terrain,2.211,1.342,0.646,403.69,6.25,139.09,0.1062,0.3786,0.1534,0.1316,1,1
GRID_1162,21.209539,79.230679,Sausar Group,Mica Schist,Mica Schist,Stratiform/Stratabound,Metamorphic Terrain,2.367,2.551,0.292,424.48,10.14,359.87,0.3925,0.1461,0.2816,0.2617,1,1
GRID_1163,21.384851,79.621465,Sausar Group,Quartzite,Quartzite,Stratiform/Stratabound,Metamorphic Terrain,1.148,1.524,0.878,416.49,10.96,70.33,0.2971,0.3301,0.1882,0.2408,1,1
GRID_1164,21.731982,79.903684,Granite,Granite,Granite,Other,Mixed Terrain,0.737,1.631,0.856,422.31,14.22,2.85,0.4303,0.0834,0.2051,0.2184,0,1
GRID_1165,21.236646,79.278647,Sausar Group,Schist,Schist,Stratiform/Stratabound,Metamorphic Terrain,2.264,2.578,1.675,477.44,5.67,68.45,0.3923,0.0349,0.3241,0.1739,1,1
GRID_1166,21.795272,79.887534,Other Metasedimentary,Quartzite,Quartzite,Stratiform/Stratabound,Metamorphic Terrain,6.548,0.687,1.683,434.94,11.41,319.26,0.4581,0.3313,0.22,0.1169,1,1
GRID_1167,21.807314,80.497955,Sausar Group,Mica Schist,Mica Schist,Stratiform/Stratabound,Metamorphic Terrain,1.114,1.167,0.486,313.99,8.42,52.25,0.6176,0.2173,0.2194,0.1766,0,1
GRID_1168,21.531348,79.347551,Sausar Group,Marble,Marble,Stratiform/Stratabound,Metamorphic Terrain,0.697,1.332,1.122,431.53,1.06,172.43,0.3697,0.2349,0.1251,0.1328,1,1
GRID_1169,21.105428,80.270217,Sausar Group,Marble,Marble,Stratiform/Stratabound,Metamorphic Terrain,2.732,2.129,3.166,385.26,14.09,150.94,0.4438,0.4377,0.2163,0.203,0,1
GRID_1170,21.343982,79.773539,Alluvium,Alluvium,Alluvium,Other,Mixed Terrain,4.169,0.617,0.903,283.08,9.19,239.66,0.3783,0.2733,0.1962,0.1139,0,1
GRID_1171,21.624388,80.117243,Granite,Granite,Granite,Other,Mixed Terrain,2.069,0.469,0.405,527.33,10.43,19.65,0.5916,0.5163,0.2721,0.1369,0,1
GRID_1172,21.934008,79.564331,Gneiss,Gneiss,Gneiss,Other,Mixed Terrain,3.295,0.498,5.159,384.79,11.79,237.15,0.4551,0.193,0.202,0.055,0,1
GRID_1173,21.637041,79.423289,Sausar Group,Mica Schist,Mica Schist,Stratiform/Stratabound,Metamorphic Terrain,2.91,6.85,0.457,462.59,10.38,127.71,0.5131,0.3916,0.3257,0.2119,1,1
GRID_1174,21.320833,79.424648,Sausar Group,Marble,Marble,Stratiform/Stratabound,Metamorphic Terrain,2.332,3.964,2.526,250.0,4.13,333.37,0.5516,0.1728,0.2677,0.206,0,1
GRID_1175,21.638905,79.298689,Granite,Granite,Granite,Other,Mixed Terrain,0.797,3.97,1.765,472.41,10.7,305.6,0.1189,0.0185,0.2538,0.1496,0,1
GRID_1176,21.558988,79.459905,Other Metasedimentary,Phyllite,Phyllite,Stratiform/Stratabound,Metamorphic Terrain,0.529,4.166,0.916,403.36,9.99,143.82,0.5559,0.2965,0.2892,0.04,0,1
GRID_1177,21.762869,80.129907,Other Metasedimentary,Phyllite,Phyllite,Stratiform/Stratabound,Metamorphic Terrain,1.76,0.909,0.411,297.84,1.32,357.44,0.4909,0.1748,0.254,0.0787,0,1
GRID_1178,21.190934,80.434367,Sausar Group,Marble,Marble,Stratiform/Stratabound,Metamorphic Terrain,0.992,5.091,1.542,383.09,14.66,18.7,0.3221,0.4704,0.2909,0.186,1,1
GRID_1179,21.746874,80.339776,Granite,Granite,Granite,Other,Mixed Terrain,6.831,0.409,1.575,371.66,6.49,283.91,0.6361,0.2589,0.2297,0.24,0,1
GRID_1180,21.560077,80.159188,Other Metasedimentary,Schist,Schist,Stratiform/Stratabound,Metamorphic Terrain,4.021,1.541,1.898,493.81,11.98,156.18,0.5879,0.3132,0.2338,0.1205,1,1
GRID_1181,21.918543,79.354605,Granite,Granite,Granite,Other,Mixed Terrain,2.202,0.877,0.915,437.69,6.66,155.99,0.3996,-0.0396,0.1837,0.2526,1,1
GRID_1182,21.390591,79.604862,Other Metasedimentary,Schist,Schist,Stratiform/Stratabound,Metamorphic Terrain,4.701,5.959,0.432,300.59,5.87,61.25,0.0988,0.2815,0.19,0.2808,1,1
GRID_1183,21.637729,79.63373,Sausar Group,Mica Schist,Mica Schist,Stratiform/Stratabound,Metamorphic Terrain,4.484,2.623,2.333,467.27,7.68,185.36,0.4208,0.1701,0.331,0.2073,1,1
GRID_1184,21.892224,79.54994,Other Metasedimentary,Schist,Schist,Stratiform/Stratabound,Metamorphic Terrain,2.832,2.42,0.684,253.99,16.49,30.5,0.2702,0.0713,0.2727,0.2426,1,1
GRID_1185,21.187133,79.921008,Alluvium,Alluvium,Alluvium,Other,Mixed Terrain,5.681,0.86,0.601,334.37,16.05,221.97,0.0788,0.3766,0.1323,0.1124,0,1
GRID_1186,21.896644,79.949775,Other Metasedimentary,Quartzite,Quartzite,Stratiform/Stratabound,Metamorphic Terrain,0.242,1.058,1.971,431.25,5.86,86.97,0.5231,-0.001,0.314,0.0731,1,1
GRID_1187,21.684703,79.69964,Gneiss,Gneiss,Gneiss,Other,Mixed Terrain,4.784,0.886,0.948,376.93,12.99,260.95,0.6743,0.2297,0.2488,0.2917,1,1
GRID_1188,21.157662,79.695305,Granite,Granite,Granite,Other,Mixed Terrain,0.911,1.905,1.452,531.3,8.09,218.65,0.415,0.094,0.1845,0.1206,0,1
GRID_1189,21.355819,80.359978,Other Metasedimentary,Quartzite,Quartzite,Stratiform/Stratabound,Metamorphic Terrain,3.516,1.274,1.701,444.39,16.07,268.71,0.4715,0.2183,0.365,0.2491,1,1
GRID_1190,21.701946,80.30501,Sausar Group,Schist,Schist,Stratiform/Stratabound,Metamorphic Terrain,1.196,1.842,3.047,483.21,12.61,269.91,0.6448,0.1408,0.3281,0.2052,1,1
GRID_1191,21.157248,79.630914,Sausar Group,Quartzite,Quartzite,Stratiform/Stratabound,Metamorphic Terrain,7.318,3.406,1.201,486.67,9.12,70.82,0.4585,0.1547,0.2929,0.2856,0,1
GRID_1192,21.594845,80.479304,Alluvium,Alluvium,Alluvium,Other,Mixed Terrain,3.135,3.345,2.292,392.33,8.33,0.24,0.3325,0.1881,0.2511,0.2265,0,1
GRID_1193,21.394001,80.533941,Alluvium,Alluvium,Alluvium,Other,Mixed Terrain,3.461,2.908,0.962,339.44,10.43,131.67,0.0734,0.0457,0.2638,0.1096,0,1
GRID_1194,21.627778,79.65744,Other Metasedimentary,Quartzite,Quartzite,Stratiform/Stratabound,Metamorphic Terrain,3.435,3.404,2.895,425.75,9.93,330.86,0.5604,0.3238,0.0883,0.1592,1,1
GRID_1195,21.138881,79.696195,Sausar Group,Marble,Marble,Stratiform/Stratabound,Metamorphic Terrain,8.343,3.843,3.773,503.71,3.59,208.04,0.4969,0.2732,0.2924,0.2221,0,1
GRID_1196,21.840806,79.907888,Alluvium,Alluvium,Alluvium,Other,Mixed Terrain,1.08,5.733,6.0,410.21,8.83,261.9,0.5784,0.0417,0.2527,0.1471,0,1
GRID_1197,21.927466,80.517569,Alluvium,Alluvium,Alluvium,Other,Mixed Terrain,2.265,5.554,1.235,480.23,5.39,316.65,0.0384,0.3776,0.257,0.2428,1,1
GRID_1198,21.923546,80.426847,Sausar Group,Marble,Marble,Stratiform/Stratabound,Metamorphic Terrain,6.34,2.999,2.351,427.68,5.88,326.18,0.7623,0.2865,0.2555,0.1858,0,1
GRID_1199,21.737204,79.343595,Granite,Granite,Granite,Other,Mixed Terrain,1.535,5.633,1.634,297.98,12.46,190.45,0.3035,0.1943,0.2072,0.244,0,1
GRID_1200,21.210573,79.749823,Sausar Group,Mica Schist,Mica Schist,Stratiform/Stratabound,Metamorphic Terrain,2.572,1.237,1.146,305.21,8.81,194.74,0.6048,-0.019,0.1735,0.2477,1,1
GRID_1201,21.744524,79.97472,Sausar Group,Quartzite,Quartzite,Stratiform/Stratabound,Metamorphic Terrain,0.741,8.0,0.647,562.81,6.18,306.34,0.126,0.0897,0.2465,0.1986,1,1
GRID_1202,21.120899,79.904385,Other Metasedimentary,Quartzite,Quartzite,Stratiform/Stratabound,Metamorphic Terrain,5.432,7.472,0.733,330.76,3.15,290.69,0.306,-0.0842,0.1467,0.1719,0,1
GRID_1203,21.118805,79.471408,Gneiss,Gneiss,Gneiss,Other,Mixed Terrain,1.543,0.916,1.013,375.8,4.9,251.59,0.3429,0.2052,0.2597,0.1479,0,1
GRID_1204,21.375069,80.402343,Alluvium,Alluvium,Alluvium,Other,Mixed Terrain,2.856,0.921,2.517,507.99,7.76,217.61,0.2665,0.2985,0.168,0.1113,0,1
GRID_1205,21.515347,80.147717,Other Metasedimentary,Schist,Schist,Stratiform/Stratabound,Metamorphic Terrain,2.784,0.296,0.502,328.63,14.74,222.2,0.2984,0.0787,0.3076,0.2832,1,1
GRID_1206,21.754846,80.373072,Granite,Granite,Granite,Other,Mixed Terrain,6.461,0.166,1.129,371.9,3.8,130.65,0.6892,0.1808,0.1402,0.1848,0,1
GRID_1207,21.680801,80.40227,Other Metasedimentary,Quartzite,Quartzite,Stratiform/Stratabound,Metamorphic Terrain,0.769,0.373,1.109,412.01,9.18,302.73,0.3757,0.319,0.2369,0.1651,1,1
GRID_1208,21.479017,80.247698,Granite,Granite,Granite,Other,Mixed Terrain,1.696,4.716,0.812,400.9,9.63,222.4,0.7706,0.0927,0.2452,0.166,0,1
GRID_1209,21.332583,79.814895,Other Metasedimentary,Phyllite,Phyllite,Stratiform/Stratabound,Metamorphic Terrain,1.855,3.926,0.509,347.51,12.89,80.47,0.5989,0.2581,0.3254,0.1768,0,1
GRID_1210,21.947556,80.054765,Sausar Group,Quartzite,Quartzite,Stratiform/Stratabound,Metamorphic Terrain,1.451,2.754,1.135,413.55,8.5,86.34,0.1093,0.4746,0.2579,0.1506,1,1
GRID_1211,21.462254,79.424512,Other Metasedimentary,Schist,Schist,Stratiform/Stratabound,Metamorphic Terrain,2.824,0.22,0.041,487.72,9.63,310.18,0.3752,0.2831,0.1831,0.1457,1,1
GRID_1212,21.483679,80.143104,Sausar Group,Mica Schist,Mica Schist,Stratiform/Stratabound,Metamorphic Terrain,1.513,0.5,3.239,419.55,12.73,225.25,0.3682,0.0356,0.1776,0.0981,1,1
GRID_1213,21.23908,79.450955,Sausar Group,Mica Schist,Mica Schist,Stratiform/Stratabound,Metamorphic Terrain,3.671,7.931,0.163,374.03,4.89,143.53,0.2785,0.1765,0.3413,0.1828,1,1
GRID_1214,21.775588,80.171529,Alluvium,Alluvium,Alluvium,Other,Mixed Terrain,1.817,1.576,0.349,510.42,11.16,67.36,0.6252,0.2814,0.2374,0.2584,0,1
GRID_1215,21.68963,79.521437,Granite,Granite,Granite,Other,Mixed Terrain,2.701,2.107,2.312,575.05,2.42,219.68,0.5679,0.25,0.2264,0.1366,0,1
GRID_1216,21.287654,79.364572,Gneiss,Gneiss,Gneiss,Other,Mixed Terrain,1.978,3.516,0.793,511.19,8.26,66.35,0.7751,0.0298,0.1914,0.2131,0,1
GRID_1217,21.170024,79.431398,Granite,Granite,Granite,Other,Mixed Terrain,5.934,2.006,1.438,334.52,7.05,169.26,0.3566,0.2414,0.1551,0.2145,1,1
GRID_1218,21.678424,79.202789,Alluvium,Alluvium,Alluvium,Other,Mixed Terrain,1.307,0.382,2.59,336.78,5.11,243.9,0.5001,0.1503,0.373,0.2041,0,1
GRID_1219,21.656335,80.206235,Sausar Group,Marble,Marble,Stratiform/Stratabound,Metamorphic Terrain,2.501,1.398,0.398,467.14,11.89,203.55,0.3736,0.1163,0.2444,0.2925,1,1
GRID_1220,21.332271,80.225361,Sausar Group,Marble,Marble,Stratiform/Stratabound,Metamorphic Terrain,0.749,2.287,0.332,444.54,12.11,331.96,0.3663,0.2574,0.1629,0.2161,1,1
GRID_1221,21.908234,79.920907,Sausar Group,Marble,Marble,Stratiform/Stratabound,Metamorphic Terrain,7.08,3.663,1.124,325.89,12.28,14.3,0.5598,0.4269,0.292,0.184,1,1
GRID_1222,21.228399,79.425908,Granite,Granite,Granite,Other,Mixed Terrain,3.77,0.589,0.831,454.35,9.52,100.73,0.7822,0.0756,0.2818,0.2001,0,1
GRID_1223,21.467485,79.316976,Sausar Group,Mica Schist,Mica Schist,Stratiform/Stratabound,Metamorphic Terrain,0.182,0.636,0.443,438.4,3.07,20.55,0.5875,0.2434,0.1526,0.2308,1,1
GRID_1224,21.902074,79.226781,Granite,Granite,Granite,Other,Mixed Terrain,1.111,6.561,0.653,555.62,6.68,70.06,0.5704,0.1687,0.1991,0.2844,0,1
GRID_1225,21.456768,79.432047,Granite,Granite,Granite,Other,Mixed Terrain,5.431,0.809,0.133,392.98,12.02,44.63,0.4206,0.2654,0.2721,0.1656,1,1
GRID_1226,21.642747,80.447198,Sausar Group,Marble,Marble,Stratiform/Stratabound,Metamorphic Terrain,8.293,0.815,2.198,547.86,11.97,263.76,0.5656,0.195,0.2908,0.1908,1,1
GRID_1227,21.437955,79.538152,Gneiss,Gneiss,Gneiss,Other,Mixed Terrain,2.861,3.31,2.196,551.59,12.79,132.98,0.6185,0.0992,0.1867,0.3637,0,1
GRID_1228,21.333083,79.69598,Other Metasedimentary,Quartzite,Quartzite,Stratiform/Stratabound,Metamorphic Terrain,2.725,0.246,0.764,372.79,9.26,333.02,0.2926,0.0937,0.1094,0.1771,1,1
GRID_1229,21.936381,79.347484,Sausar Group,Mica Schist,Mica Schist,Stratiform/Stratabound,Metamorphic Terrain,1.401,2.7,1.185,460.09,7.27,8.42,0.4367,0.2446,0.2572,0.1746,0,1
GRID_1230,21.447934,79.511306,Gneiss,Gneiss,Gneiss,Other,Mixed Terrain,1.981,2.188,1.511,412.03,0.2,235.05,0.3781,0.1982,0.3,0.1296,0,1
GRID_1231,21.859984,79.926914,Gneiss,Gneiss,Gneiss,Other,Mixed Terrain,2.757,0.311,1.371,408.54,11.45,349.4,0.3288,0.267,0.2359,0.185,0,1
GRID_1232,21.295461,80.050854,Granite,Granite,Granite,Other,Mixed Terrain,1.433,0.57,1.898,450.93,7.6,63.3,0.5873,-0.0435,0.2186,0.1755,1,1
GRID_1233,21.281139,79.543493,Alluvium,Alluvium,Alluvium,Other,Mixed Terrain,0.433,4.305,0.714,362.86,2.98,159.28,0.3923,0.333,0.3511,0.2036,0,1
GRID_1234,21.126464,79.280825,Granite,Granite,Granite,Other,Mixed Terrain,1.844,0.842,2.451,294.4,11.05,252.68,0.5059,0.3782,0.0992,0.1962,0,1
GRID_1235,21.653917,79.747446,Granite,Granite,Granite,Other,Mixed Terrain,4.082,0.663,2.31,384.78,13.68,227.93,0.5072,0.2013,0.2907,0.0616,0,1
GRID_1236,21.413247,79.527885,Sausar Group,Schist,Schist,Stratiform/Stratabound,Metamorphic Terrain,1.521,2.642,0.915,530.37,11.47,203.77,0.3869,0.2725,0.2948,0.1016,0,1
GRID_1237,21.834705,79.507375,Gneiss,Gneiss,Gneiss,Other,Mixed Terrain,4.241,0.814,1.246,412.72,10.7,117.63,0.1971,0.3167,0.186,0.1703,1,1
GRID_1238,21.502228,80.543808,Gneiss,Gneiss,Gneiss,Other,Mixed Terrain,0.427,1.587,2.774,428.02,11.73,262.15,0.3739,0.1547,0.0781,0.1545,0,1
GRID_1239,21.922964,80.062821,Sausar Group,Mica Schist,Mica Schist,Stratiform/Stratabound,Metamorphic Terrain,1.984,1.623,1.322,497.38,0.2,235.17,0.5145,0.2125,0.2931,0.1179,1,1
GRID_1240,21.257697,79.97963,Granite,Granite,Granite,Other,Mixed Terrain,1.306,1.964,1.256,294.24,14.88,58.61,0.4784,0.248,0.2625,0.0696,0,1
GRID_1241,21.83833,79.782085,Other Metasedimentary,Quartzite,Quartzite,Stratiform/Stratabound,Metamorphic Terrain,1.635,3.534,0.848,467.32,4.83,347.07,0.1178,0.1067,0.3395,0.2775,1,1
GRID_1242,21.760107,79.800522,Granite,Granite,Granite,Other,Mixed Terrain,2.874,1.461,1.692,571.94,5.18,200.04,0.5598,0.1992,0.2005,0.2764,0,1
GRID_1243,21.755284,79.957267,Granite,Granite,Granite,Other,Mixed Terrain,2.59,0.341,0.701,437.78,6.12,189.17,0.3414,-0.1027,0.2522,0.2254,0,1
GRID_1244,21.818066,80.175002,Other Metasedimentary,Quartzite,Quartzite,Stratiform/Stratabound,Metamorphic Terrain,0.05,2.03,2.506,266.55,6.57,305.37,0.5216,0.0925,0.1225,0.1449,0,1
GRID_1245,21.74687,80.183005,Alluvium,Alluvium,Alluvium,Other,Mixed Terrain,1.129,5.249,0.321,423.51,14.0,230.55,0.5604,0.3851,0.2906,0.2682,1,1
GRID_1246,21.632287,79.440371,Gneiss,Gneiss,Gneiss,Other,Mixed Terrain,3.428,1.244,1.514,481.87,10.18,26.81,0.5052,0.2341,0.1328,0.1369,0,1
GRID_1247,21.211558,79.900158,Alluvium,Alluvium,Alluvium,Other,Mixed Terrain,0.635,2.324,0.778,439.53,5.29,182.37,0.7311,0.0685,0.2374,0.2061,0,1
GRID_1248,21.127647,79.776741,Other Metasedimentary,Phyllite,Phyllite,Stratiform/Stratabound,Metamorphic Terrain,3.121,1.037,0.603,453.16,5.89,281.01,0.5899,0.0073,0.1671,0.1326,1,1
GRID_1249,21.882721,80.418738,Granite,Granite,Granite,Other,Mixed Terrain,1.169,1.247,3.118,463.37,17.98,251.99,0.3574,0.5332,0.2637,0.1815,0,1
GRID_1250,21.624153,80.083986,Granite,Granite,Granite,Other,Mixed Terrain,2.769,0.434,2.339,350.76,9.41,349.48,0.3738,0.0818,0.2268,0.2092,0,1
GRID_1251,21.777057,79.945506,Granite,Granite,Granite,Other,Mixed Terrain,3.666,2.337,0.511,361.38,6.27,8.97,0.418,0.1103,0.224,0.0902,0,1
GRID_1252,21.509294,79.361552,Other Metasedimentary,Schist,Schist,Stratiform/Stratabound,Metamorphic Terrain,2.45,1.065,1.631,398.58,1.51,94.04,0.3738,0.2639,0.2357,0.1547,1,1
GRID_1253,21.199712,80.047893,Gneiss,Gneiss,Gneiss,Other,Mixed Terrain,2.509,2.027,1.8,463.38,1.3,197.7,0.4891,0.0637,0.2422,0.1951,0,1
GRID_1254,21.206408,79.364085,Sausar Group,Marble,Marble,Stratiform/Stratabound,Metamorphic Terrain,1.543,1.297,0.222,328.93,3.53,223.02,0.2486,0.2327,0.3384,0.1047,1,1
GRID_1255,21.68273,79.672089,Other Metasedimentary,Quartzite,Quartzite,Stratiform/Stratabound,Metamorphic Terrain,1.636,1.477,1.515,604.79,8.38,98.77,0.6512,0.184,0.273,0.1234,1,1
GRID_1256,21.46576,79.399979,Granite,Granite,Granite,Other,Mixed Terrain,1.174,2.311,2.228,250.0,12.44,297.65,0.4366,0.0158,0.1921,0.1951,1,1
GRID_1257,21.270446,80.168903,Sausar Group,Quartzite,Quartzite,Stratiform/Stratabound,Metamorphic Terrain,3.857,2.324,1.652,284.93,10.46,59.17,0.6465,0.187,0.1977,0.1479,1,1
GRID_1258,21.517855,79.488753,Gneiss,Gneiss,Gneiss,Other,Mixed Terrain,0.704,3.753,0.58,477.06,12.7,0.31,0.2406,0.2257,0.311,0.1062,0,1
GRID_1259,21.154578,79.748603,Granite,Granite,Granite,Other,Mixed Terrain,2.219,4.128,2.239,469.74,10.26,342.86,0.2412,0.032,0.165,0.1818,0,1
GRID_1260,21.594676,80.453945,Other Metasedimentary,Phyllite,Phyllite,Stratiform/Stratabound,Metamorphic Terrain,0.422,1.441,1.025,423.85,3.1,140.96,0.6027,0.2529,0.2409,0.2061,0,1
GRID_1261,21.328644,79.486043,Sausar Group,Quartzite,Quartzite,Stratiform/Stratabound,Metamorphic Terrain,1.078,3.036,0.739,487.48,9.7,344.7,0.3264,0.2776,0.1218,0.3147,0,1
GRID_1262,21.777925,79.910927,Other Metasedimentary,Quartzite,Quartzite,Stratiform/Stratabound,Metamorphic Terrain,1.593,0.841,0.799,478.25,9.87,100.06,0.2705,0.0368,0.2318,0.1851,1,1
GRID_1263,21.363808,79.78698,Gneiss,Gneiss,Gneiss,Other,Mixed Terrain,0.891,1.364,0.85,430.01,7.52,22.84,0.6163,0.248,0.1628,0.1807,0,1
GRID_1264,21.486937,79.225374,Sausar Group,Marble,Marble,Stratiform/Stratabound,Metamorphic Terrain,1.615,1.929,0.877,452.8,6.78,278.11,0.3001,0.2122,0.1945,0.1629,1,1
GRID_1265,21.109877,80.309861,Other Metasedimentary,Quartzite,Quartzite,Stratiform/Stratabound,Metamorphic Terrain,1.454,0.64,3.417,250.0,7.41,300.9,0.427,0.1319,0.2532,0.2489,1,1
GRID_1266,21.16158,79.296664,Granite,Granite,Granite,Other,Mixed Terrain,6.71,1.78,2.757,418.68,1.81,177.15,0.3434,0.1437,0.2824,0.1996,0,1
GRID_1267,21.43362,79.863957,Sausar Group,Mica Schist,Mica Schist,Stratiform/Stratabound,Metamorphic Terrain,4.639,2.03,1.467,425.95,2.67,26.59,0.5512,0.2352,0.19,0.2301,1,1
GRID_1268,21.507948,79.98495,Granite,Granite,Granite,Other,Mixed Terrain,4.49,1.056,0.541,592.59,18.17,235.49,0.4663,0.0973,0.3186,0.1933,1,1
GRID_1269,21.610017,80.079797,Other Metasedimentary,Schist,Schist,Stratiform/Stratabound,Metamorphic Terrain,1.294,3.044,2.148,359.82,2.99,65.57,0.5758,0.261,0.1571,0.2349,1,1
GRID_1270,21.347913,80.164084,Sausar Group,Marble,Marble,Stratiform/Stratabound,Metamorphic Terrain,0.595,1.419,0.48,426.95,0.93,305.78,0.2382,0.0677,0.2948,0.2027,1,1
GRID_1271,21.690735,79.554581,Sausar Group,Schist,Schist,Stratiform/Stratabound,Metamorphic Terrain,0.359,4.234,4.587,551.01,5.12,98.65,0.4686,0.0779,0.2108,0.0955,1,1
GRID_1272,21.831104,79.21397,Sausar Group,Quartzite,Quartzite,Stratiform/Stratabound,Metamorphic Terrain,2.9,5.036,2.811,477.61,9.84,305.17,0.4446,0.0,0.3069,0.1627,1,1
GRID_1273,21.762873,80.212821,Sausar Group,Quartzite,Quartzite,Stratiform/Stratabound,Metamorphic Terrain,1.442,1.196,1.888,432.14,10.24,153.69,0.3102,-0.0608,0.2107,0.1645,1,1
GRID_1274,21.133676,79.949919,Alluvium,Alluvium,Alluvium,Other,Mixed Terrain,0.652,1.317,1.302,511.8,3.9,214.74,0.2643,0.2012,0.1913,0.2066,1,1
GRID_1275,21.508431,80.370565,Granite,Granite,Granite,Other,Mixed Terrain,4.231,1.019,1.404,362.62,8.39,284.24,0.4161,-0.0938,0.2827,0.1892,0,1
GRID_1276,21.189191,80.349944,Sausar Group,Mica Schist,Mica Schist,Stratiform/Stratabound,Metamorphic Terrain,0.525,0.568,1.073,576.65,5.82,14.56,0.3834,0.2258,0.2709,0.2598,1,1
GRID_1277,21.305738,80.380657,Sausar Group,Marble,Marble,Stratiform/Stratabound,Metamorphic Terrain,3.351,5.235,2.217,484.61,8.76,295.62,0.6188,0.1681,0.2021,0.2039,1,1
GRID_1278,21.938663,79.879133,Sausar Group,Quartzite,Quartzite,Stratiform/Stratabound,Metamorphic Terrain,2.281,0.943,1.302,291.79,6.83,49.91,0.5621,0.4441,0.2779,0.2083,1,1
GRID_1279,21.221121,79.66708,Other Metasedimentary,Phyllite,Phyllite,Stratiform/Stratabound,Metamorphic Terrain,1.935,1.92,1.746,378.56,5.22,129.03,0.3202,0.265,0.2307,0.1192,0,1
GRID_1280,21.524055,80.308181,Granite,Granite,Granite,Other,Mixed Terrain,3.995,3.581,3.409,250.0,5.4,170.2,0.3889,0.2514,0.2503,0.189,0,1
GRID_1281,21.625432,79.831812,Other Metasedimentary,Phyllite,Phyllite,Stratiform/Stratabound,Metamorphic Terrain,1.703,3.618,1.303,497.64,0.2,322.35,0.5175,0.0858,0.2636,0.1671,1,1
GRID_1282,21.697095,79.456819,Granite,Granite,Granite,Other,Mixed Terrain,0.89,2.384,3.377,477.9,7.11,8.08,0.5351,0.101,0.1416,0.0561,0,1
GRID_1283,21.575701,80.396964,Sausar Group,Marble,Marble,Stratiform/Stratabound,Metamorphic Terrain,5.729,3.374,1.834,390.88,7.69,201.31,0.6202,0.1211,0.2402,0.1012,1,1
GRID_1284,21.108305,80.435584,Other Metasedimentary,Phyllite,Phyllite,Stratiform/Stratabound,Metamorphic Terrain,1.33,2.357,1.836,532.03,2.37,231.31,0.4198,0.175,0.1376,0.2234,0,1
GRID_1285,21.377492,79.852834,Granite,Granite,Granite,Other,Mixed Terrain,1.573,3.947,0.506,422.9,6.65,113.97,0.4555,0.0982,0.1666,0.2192,0,1
GRID_1286,21.540055,79.30598,Alluvium,Alluvium,Alluvium,Other,Mixed Terrain,1.895,3.734,2.605,652.99,6.98,104.58,0.1452,0.2599,0.2324,0.1446,1,1
GRID_1287,21.174687,79.742957,Other Metasedimentary,Phyllite,Phyllite,Stratiform/Stratabound,Metamorphic Terrain,0.821,0.337,0.678,328.05,0.59,176.57,0.2524,0.1255,0.3084,0.1465,1,1
GRID_1288,21.398033,80.324953,Sausar Group,Schist,Schist,Stratiform/Stratabound,Metamorphic Terrain,6.384,3.326,1.002,484.54,4.91,67.36,0.5758,0.3361,0.2237,0.112,1,1
GRID_1289,21.128223,80.462484,Sausar Group,Mica Schist,Mica Schist,Stratiform/Stratabound,Metamorphic Terrain,1.894,0.663,2.865,396.22,4.79,168.52,0.2553,0.065,0.2152,0.2394,1,1
GRID_1290,21.166792,79.484862,Alluvium,Alluvium,Alluvium,Other,Mixed Terrain,3.94,2.232,0.853,372.45,8.72,275.41,0.1619,0.2845,0.2084,0.1314,0,1
GRID_1291,21.437385,79.293763,Sausar Group,Marble,Marble,Stratiform/Stratabound,Metamorphic Terrain,1.059,0.448,1.544,415.29,12.98,304.34,0.553,0.4503,0.2674,0.1458,1,1
GRID_1292,21.212808,80.428291,Sausar Group,Schist,Schist,Stratiform/Stratabound,Metamorphic Terrain,2.413,1.604,1.034,461.2,8.19,138.66,0.3668,0.4275,0.1617,0.2409,0,1
GRID_1293,21.58241,79.745167,Sausar Group,Quartzite,Quartzite,Stratiform/Stratabound,Metamorphic Terrain,4.34,1.374,0.429,434.96,12.64,222.23,0.3028,0.0597,0.1416,0.2397,1,1
GRID_1294,21.686045,79.958465,Sausar Group,Marble,Marble,Stratiform/Stratabound,Metamorphic Terrain,2.065,1.533,0.695,487.6,7.11,0.01,0.1934,0.3413,0.3347,0.1692,1,1
GRID_1295,21.780499,80.555292,Alluvium,Alluvium,Alluvium,Other,Mixed Terrain,1.386,1.91,0.795,481.59,9.48,198.13,0.1945,-0.131,0.269,0.1808,0,1
GRID_1296,21.270128,79.293191,Sausar Group,Quartzite,Quartzite,Stratiform/Stratabound,Metamorphic Terrain,1.604,0.53,1.265,553.37,8.27,351.09,0.3585,-0.0379,0.1909,0.2083,0,1
GRID_1297,21.24236,80.107645,Granite,Granite,Granite,Other,Mixed Terrain,0.807,4.067,0.51,327.9,17.65,112.42,0.4074,0.2641,0.1951,0.1554,0,1
GRID_1298,21.188883,79.303748,Gneiss,Gneiss,Gneiss,Other,Mixed Terrain,0.915,0.09,0.679,297.63,7.39,214.12,0.629,0.2413,0.2011,0.174,0,1
GRID_1299,21.640966,79.725656,Granite,Granite,Granite,Other,Mixed Terrain,4.712,3.456,0.578,424.24,11.13,274.42,0.4087,0.2643,0.1486,0.1682,0,1
GRID_1300,21.700504,80.32534,Sausar Group,Marble,Marble,Stratiform/Stratabound,Metamorphic Terrain,0.444,1.064,1.451,362.54,8.81,219.22,0.3787,0.1119,0.2181,0.2212,1,1
GRID_1301,21.126848,79.806861,Alluvium,Alluvium,Alluvium,Other,Mixed Terrain,1.445,1.97,0.97,504.29,12.5,150.66,0.3837,0.0238,0.2416,0.265,1,1
GRID_1302,21.89578,80.596055,Sausar Group,Schist,Schist,Stratiform/Stratabound,Metamorphic Terrain,5.026,3.479,0.335,339.23,10.53,54.93,0.0696,-0.0731,0.3349,0.2488,1,1
GRID_1303,21.144176,79.982683,Alluvium,Alluvium,Alluvium,Other,Mixed Terrain,0.249,2.351,0.71,383.28,9.36,166.93,0.3516,0.0594,0.2474,0.241,0,1
GRID_1304,21.560102,79.649627,Other Metasedimentary,Schist,Schist,Stratiform/Stratabound,Metamorphic Terrain,0.832,1.399,2.292,401.75,3.43,106.12,0.5315,0.271,0.2919,0.1143,1,1
GRID_1305,21.702701,79.508156,Granite,Granite,Granite,Other,Mixed Terrain,4.748,1.722,1.346,580.07,3.79,250.53,0.4439,0.3004,0.2196,0.2575,0,1
GRID_1306,21.840324,79.690729,Granite,Granite,Granite,Other,Mixed Terrain,5.447,1.401,0.362,609.15,5.54,159.09,0.5541,0.2215,0.2079,0.1394,0,1
GRID_1307,21.706974,79.721547,Granite,Granite,Granite,Other,Mixed Terrain,3.2,3.812,0.934,332.98,6.83,305.96,0.6031,0.2074,0.2396,0.0731,0,1
GRID_1308,21.781469,79.296199,Granite,Granite,Granite,Other,Mixed Terrain,1.33,3.897,1.533,250.0,8.44,69.6,0.1668,0.417,0.2999,0.1291,0,1
GRID_1309,21.388533,79.717404,Other Metasedimentary,Schist,Schist,Stratiform/Stratabound,Metamorphic Terrain,2.863,0.863,0.075,381.21,5.55,150.38,0.3259,0.3769,0.1981,0.1745,1,1
GRID_1310,21.792601,79.849934,Other Metasedimentary,Quartzite,Quartzite,Stratiform/Stratabound,Metamorphic Terrain,5.21,3.275,0.632,426.86,0.2,200.7,0.5907,0.3121,0.2556,0.0578,1,1
GRID_1311,21.168098,80.211833,Sausar Group,Mica Schist,Mica Schist,Stratiform/Stratabound,Metamorphic Terrain,1.834,5.19,0.113,426.47,12.11,45.37,0.4468,0.3418,0.2537,0.2227,0,1
GRID_1312,21.860594,80.119421,Gneiss,Gneiss,Gneiss,Other,Mixed Terrain,4.921,2.594,1.381,422.84,9.79,211.65,0.4061,0.2289,0.2383,0.2299,0,1
GRID_1313,21.565454,80.192272,Other Metasedimentary,Phyllite,Phyllite,Stratiform/Stratabound,Metamorphic Terrain,10.0,1.076,2.8,499.35,8.24,104.73,0.5954,0.247,0.3004,0.1571,0,1
GRID_1314,21.794703,79.211709,Other Metasedimentary,Quartzite,Quartzite,Stratiform/Stratabound,Metamorphic Terrain,3.306,0.524,0.347,395.76,13.02,82.63,0.3033,0.0718,0.2429,0.11,0,1
GRID_1315,21.484471,79.504734,Granite,Granite,Granite,Other,Mixed Terrain,2.764,2.111,2.116,448.13,4.79,51.09,0.313,0.2331,0.2301,0.2354,1,1
GRID_1316,21.647041,80.126358,Granite,Granite,Granite,Other,Mixed Terrain,1.329,0.408,0.594,484.8,7.48,125.96,0.3025,0.0896,0.2363,0.1246,0,1
GRID_1317,21.547442,79.877585,Sausar Group,Schist,Schist,Stratiform/Stratabound,Metamorphic Terrain,0.519,1.713,1.549,448.65,8.64,334.43,0.2173,0.3537,0.0917,0.0828,1,1
GRID_1318,21.721851,79.207439,Other Metasedimentary,Quartzite,Quartzite,Stratiform/Stratabound,Metamorphic Terrain,1.014,1.158,3.378,487.44,6.34,11.16,0.3945,0.2675,0.2289,0.1761,0,1
GRID_1319,21.169385,80.326292,Sausar Group,Schist,Schist,Stratiform/Stratabound,Metamorphic Terrain,2.808,1.726,2.329,284.83,4.82,306.78,0.4589,0.1201,0.1654,0.1816,1,1
GRID_1320,21.151299,80.281933,Gneiss,Gneiss,Gneiss,Other,Mixed Terrain,0.331,3.314,0.487,439.73,11.5,143.05,0.263,0.2783,0.2255,0.1988,0,1
GRID_1321,21.310038,79.967787,Sausar Group,Mica Schist,Mica Schist,Stratiform/Stratabound,Metamorphic Terrain,5.765,2.293,2.972,449.53,9.14,202.18,0.4129,0.3371,0.2383,0.2261,0,1
GRID_1322,21.235613,79.293049,Sausar Group,Mica Schist,Mica Schist,Stratiform/Stratabound,Metamorphic Terrain,4.878,3.734,1.641,415.93,10.5,184.61,0.3343,0.058,0.2721,0.2334,1,1
GRID_1323,21.841016,80.273121,Granite,Granite,Granite,Other,Mixed Terrain,5.692,8.0,0.744,379.2,4.71,333.27,0.4177,0.144,0.381,0.1042,0,1
GRID_1324,21.286332,80.017199,Other Metasedimentary,Schist,Schist,Stratiform/Stratabound,Metamorphic Terrain,2.411,2.497,1.214,469.2,11.32,277.25,0.6611,0.0439,0.3341,0.0577,1,1
GRID_1325,21.929485,80.294744,Sausar Group,Schist,Schist,Stratiform/Stratabound,Metamorphic Terrain,0.813,2.107,0.488,440.45,5.51,354.54,0.4438,0.1744,0.2393,0.2076,1,1
GRID_1326,21.386361,80.252446,Gneiss,Gneiss,Gneiss,Other,Mixed Terrain,5.212,4.089,2.535,425.53,8.99,285.99,0.447,0.3669,0.2791,0.183,0,1
GRID_1327,21.2548,80.324203,Sausar Group,Marble,Marble,Stratiform/Stratabound,Metamorphic Terrain,1.018,1.246,0.076,402.09,15.92,106.52,0.7561,0.1801,0.212,0.1525,0,1
GRID_1328,21.771244,79.925211,Sausar Group,Mica Schist,Mica Schist,Stratiform/Stratabound,Metamorphic Terrain,0.137,1.938,2.687,405.41,11.41,346.64,0.3488,0.2613,0.2534,0.1713,1,1
GRID_1329,21.659902,79.396454,Granite,Granite,Granite,Other,Mixed Terrain,0.933,1.931,0.114,364.94,9.36,354.08,0.528,0.1036,0.255,0.1298,0,1
GRID_1330,21.523466,80.13962,Granite,Granite,Granite,Other,Mixed Terrain,1.464,3.431,1.067,389.57,13.4,44.31,0.345,0.299,0.1714,0.2836,1,1
GRID_1331,21.572059,80.068663,Sausar Group,Mica Schist,Mica Schist,Stratiform/Stratabound,Metamorphic Terrain,1.8,0.326,2.818,350.16,5.72,324.38,0.5557,0.1711,0.2077,0.0593,1,1
GRID_1332,21.711322,80.239154,Sausar Group,Marble,Marble,Stratiform/Stratabound,Metamorphic Terrain,1.269,1.322,2.776,397.09,9.96,239.11,0.2852,0.2868,0.1212,0.2054,0,1
GRID_1333,21.294187,79.437833,Sausar Group,Mica Schist,Mica Schist,Stratiform/Stratabound,Metamorphic Terrain,3.713,5.253,0.937,460.97,4.67,331.92,0.3764,0.3015,0.2277,0.1029,1,1
GRID_1334,21.946884,79.472965,Sausar Group,Schist,Schist,Stratiform/Stratabound,Metamorphic Terrain,1.929,1.545,2.023,499.68,6.55,329.67,0.3402,0.0324,0.2375,0.1403,1,1
GRID_1335,21.928574,80.446573,Other Metasedimentary,Quartzite,Quartzite,Stratiform/Stratabound,Metamorphic Terrain,1.029,4.807,0.715,425.65,14.36,320.89,0.263,0.0843,0.2349,0.1537,1,1
GRID_1336,21.652777,80.249969,Other Metasedimentary,Quartzite,Quartzite,Stratiform/Stratabound,Metamorphic Terrain,8.407,3.649,0.602,423.3,9.09,318.7,0.0898,0.1223,0.1699,0.1211,1,1
GRID_1337,21.269611,80.47152,Sausar Group,Mica Schist,Mica Schist,Stratiform/Stratabound,Metamorphic Terrain,2.474,4.079,0.637,442.24,13.63,42.35,0.4952,0.4285,0.2344,0.1664,1,1
GRID_1338,21.678194,80.262201,Gneiss,Gneiss,Gneiss,Other,Mixed Terrain,2.333,3.99,1.045,513.59,7.59,51.67,0.3281,0.3701,0.2514,0.04,0,1
GRID_1339,21.161369,80.036017,Other Metasedimentary,Phyllite,Phyllite,Stratiform/Stratabound,Metamorphic Terrain,5.004,1.489,0.155,410.88,12.88,42.4,0.3865,0.194,0.2723,0.088,0,1
GRID_1340,21.126055,80.115786,Sausar Group,Schist,Schist,Stratiform/Stratabound,Metamorphic Terrain,0.972,2.695,2.795,469.35,8.21,32.77,0.4093,0.5636,0.2588,0.0687,1,1
GRID_1341,21.31903,80.444779,Other Metasedimentary,Quartzite,Quartzite,Stratiform/Stratabound,Metamorphic Terrain,7.529,0.392,1.954,461.5,8.54,127.18,0.1955,-0.0035,0.2181,0.1067,1,1
GRID_1342,21.49323,80.010329,Other Metasedimentary,Schist,Schist,Stratiform/Stratabound,Metamorphic Terrain,2.707,2.697,1.788,377.0,8.1,246.23,0.3671,0.147,0.2301,0.1323,1,1
GRID_1343,21.838032,80.085348,Sausar Group,Mica Schist,Mica Schist,Stratiform/Stratabound,Metamorphic Terrain,1.345,7.793,1.144,490.07,9.44,127.69,0.1441,0.3445,0.2579,0.1796,1,1
GRID_1344,21.718094,79.419067,Sausar Group,Mica Schist,Mica Schist,Stratiform/Stratabound,Metamorphic Terrain,6.303,3.344,3.332,253.87,6.96,259.31,0.3565,0.1862,0.2103,0.1414,1,1
GRID_1345,21.731301,79.86349,Other Metasedimentary,Quartzite,Quartzite,Stratiform/Stratabound,Metamorphic Terrain,2.522,0.907,0.7,520.25,2.44,295.3,0.6697,0.0612,0.1803,0.1278,0,1
GRID_1346,21.461669,80.202956,Granite,Granite,Granite,Other,Mixed Terrain,3.732,1.185,2.014,328.5,7.86,239.84,0.3439,0.2357,0.2135,0.1486,0,1
GRID_1347,21.394045,79.57932,Sausar Group,Mica Schist,Mica Schist,Stratiform/Stratabound,Metamorphic Terrain,0.282,3.694,1.717,418.18,8.53,167.44,0.2464,0.5546,0.2671,0.1381,1,1
GRID_1348,21.415383,79.483156,Sausar Group,Marble,Marble,Stratiform/Stratabound,Metamorphic Terrain,0.408,1.201,0.613,500.46,14.54,106.39,0.3516,0.063,0.2905,0.1577,1,1
GRID_1349,21.939502,79.639358,Granite,Granite,Granite,Other,Mixed Terrain,1.813,0.467,0.481,393.7,0.2,44.79,0.6809,0.0775,0.3052,0.16,0,1
GRID_1350,21.134093,79.538101,Gneiss,Gneiss,Gneiss,Other,Mixed Terrain,1.91,2.208,1.331,449.9,14.47,177.71,0.3581,0.0294,0.1806,0.1332,1,1
GRID_1351,21.836977,79.500878,Alluvium,Alluvium,Alluvium,Other,Mixed Terrain,5.202,3.659,1.884,501.84,12.19,259.06,0.182,0.1212,0.3748,0.0855,0,1
GRID_1352,21.591874,79.794791,Other Metasedimentary,Schist,Schist,Stratiform/Stratabound,Metamorphic Terrain,0.617,0.827,0.908,587.1,10.74,197.37,0.1379,0.3316,0.1905,0.1771,1,1
GRID_1353,21.472823,80.470974,Sausar Group,Schist,Schist,Stratiform/Stratabound,Metamorphic Terrain,6.646,1.555,0.301,428.72,8.62,259.73,0.3652,0.3995,0.2241,0.2301,1,1
GRID_1354,21.716469,79.909884,Granite,Granite,Granite,Other,Mixed Terrain,5.198,1.876,1.511,445.28,3.92,120.68,0.5601,0.0028,0.3233,0.1164,0,1
GRID_1355,21.513669,79.463089,Granite,Granite,Granite,Other,Mixed Terrain,5.653,2.219,1.445,433.44,15.8,24.05,0.5006,0.2652,0.1233,0.1734,0,1
GRID_1356,21.84241,79.30776,Granite,Granite,Granite,Other,Mixed Terrain,0.787,0.809,0.908,411.19,12.94,277.6,0.6057,0.2883,0.2491,0.1534,0,1
GRID_1357,21.865597,80.174619,Sausar Group,Quartzite,Quartzite,Stratiform/Stratabound,Metamorphic Terrain,3.203,0.502,0.041,315.61,9.0,79.1,0.5305,0.0845,0.2198,0.2148,1,1
GRID_1358,21.458463,79.735918,Other Metasedimentary,Quartzite,Quartzite,Stratiform/Stratabound,Metamorphic Terrain,4.645,3.67,1.682,334.73,9.14,221.86,0.4318,0.2839,0.1423,0.128,0,1
GRID_1359,21.335304,80.350563,Other Metasedimentary,Quartzite,Quartzite,Stratiform/Stratabound,Metamorphic Terrain,2.847,1.037,1.413,428.79,7.56,289.55,0.02,0.2326,0.1434,0.167,1,1
GRID_1360,21.603498,80.123315,Granite,Granite,Granite,Other,Mixed Terrain,2.408,0.894,1.55,458.99,10.38,50.08,0.6516,0.3329,0.3186,0.1726,0,1
GRID_1361,21.875509,80.314738,Gneiss,Gneiss,Gneiss,Other,Mixed Terrain,2.706,2.184,2.146,537.22,7.82,215.46,0.1969,-0.1317,0.2761,0.1953,0,1
GRID_1362,21.279063,79.580724,Sausar Group,Mica Schist,Mica Schist,Stratiform/Stratabound,Metamorphic Terrain,1.406,1.164,1.185,412.17,9.23,248.17,0.7997,0.2208,0.3064,0.1139,1,1
GRID_1363,21.629522,80.169302,Gneiss,Gneiss,Gneiss,Other,Mixed Terrain,4.321,2.21,0.439,559.94,9.75,268.75,0.3073,0.294,0.1672,0.1982,1,1
GRID_1364,21.636826,79.569687,Gneiss,Gneiss,Gneiss,Other,Mixed Terrain,5.461,0.844,1.643,327.62,17.72,53.16,0.3139,0.3266,0.2601,0.148,0,1
GRID_1365,21.723146,80.514696,Granite,Granite,Granite,Other,Mixed Terrain,1.144,0.887,1.543,447.86,4.36,297.04,0.3447,0.2929,0.398,0.2109,0,1
GRID_1366,21.211833,80.090924,Other Metasedimentary,Schist,Schist,Stratiform/Stratabound,Metamorphic Terrain,4.361,1.963,0.321,407.29,8.64,33.89,0.4322,0.011,0.2234,0.1561,1,1
GRID_1367,21.708451,79.654317,Gneiss,Gneiss,Gneiss,Other,Mixed Terrain,1.154,0.688,1.225,318.43,12.91,187.05,0.2107,0.3798,0.2435,0.2552,0,1
GRID_1368,21.872678,79.577317,Granite,Granite,Granite,Other,Mixed Terrain,1.423,2.082,0.39,286.09,11.31,159.63,0.2884,0.2844,0.2408,0.0834,0,1
GRID_1369,21.252731,79.467297,Alluvium,Alluvium,Alluvium,Other,Mixed Terrain,0.416,0.652,2.303,393.05,10.71,79.84,0.5795,0.1826,0.2323,0.2126,0,1
GRID_1370,21.301912,80.172497,Sausar Group,Marble,Marble,Stratiform/Stratabound,Metamorphic Terrain,2.519,2.594,0.825,399.42,20.05,108.7,0.6446,0.185,0.1854,0.1988,1,1
GRID_1371,21.925686,79.506202,Granite,Granite,Granite,Other,Mixed Terrain,2.19,0.505,0.413,354.51,12.35,59.2,0.2532,0.4269,0.2431,0.2077,0,1
GRID_1372,21.25383,80.033425,Granite,Granite,Granite,Other,Mixed Terrain,1.484,1.731,0.6,494.74,5.5,153.26,0.4834,0.2797,0.3539,0.2432,0,1
GRID_1373,21.826227,79.570489,Granite,Granite,Granite,Other,Mixed Terrain,5.379,0.19,0.993,395.52,5.04,12.78,0.3463,0.2018,0.2365,0.0721,0,1
GRID_1374,21.518436,80.126757,Alluvium,Alluvium,Alluvium,Other,Mixed Terrain,5.698,1.102,2.03,346.13,7.85,320.01,0.5103,0.061,0.3255,0.31,0,1
GRID_1375,21.310146,80.340916,Granite,Granite,Granite,Other,Mixed Terrain,2.496,1.498,1.415,409.94,6.26,58.86,0.2864,0.1483,0.4399,0.2111,0,1
GRID_1376,21.840137,80.289235,Alluvium,Alluvium,Alluvium,Other,Mixed Terrain,2.087,0.579,0.674,376.34,8.32,318.97,0.547,0.0606,0.183,0.2958,0,1
GRID_1377,21.478509,80.265192,Gneiss,Gneiss,Gneiss,Other,Mixed Terrain,7.52,2.142,1.523,569.99,9.35,310.89,0.4087,-0.0651,0.2778,0.2919,0,1
GRID_1378,21.537595,79.462811,Granite,Granite,Granite,Other,Mixed Terrain,2.151,2.074,0.996,403.2,9.09,162.6,0.3512,0.2113,0.1585,0.2057,0,1
GRID_1379,21.405348,79.323739,Other Metasedimentary,Phyllite,Phyllite,Stratiform/Stratabound,Metamorphic Terrain,1.121,1.42,1.366,351.99,0.2,179.18,0.424,-0.0655,0.2302,0.1955,0,1
GRID_1380,21.604008,80.178528,Sausar Group,Quartzite,Quartzite,Stratiform/Stratabound,Metamorphic Terrain,1.686,1.849,0.15,569.83,4.98,108.69,0.6611,0.0919,0.4147,0.225,0,1
GRID_1381,21.238995,79.715686,Sausar Group,Marble,Marble,Stratiform/Stratabound,Metamorphic Terrain,2.273,0.627,0.729,491.63,10.86,358.87,0.4149,0.1367,0.2853,0.0431,1,1
GRID_1382,21.432419,79.805285,Granite,Granite,Granite,Other,Mixed Terrain,3.297,1.98,0.243,439.04,14.57,241.48,0.4756,-0.0244,0.2614,0.1747,0,1
GRID_1383,21.924,79.243609,Sausar Group,Quartzite,Quartzite,Stratiform/Stratabound,Metamorphic Terrain,0.883,3.959,0.522,362.32,6.39,342.65,0.4444,0.3226,0.1572,0.2381,0,1
GRID_1384,21.319413,79.563407,Sausar Group,Marble,Marble,Stratiform/Stratabound,Metamorphic Terrain,1.1,2.015,1.134,495.16,6.4,149.33,0.4451,0.164,0.1976,0.2717,1,1
GRID_1385,21.658226,79.247147,Gneiss,Gneiss,Gneiss,Other,Mixed Terrain,4.161,2.4,1.846,305.61,7.64,317.89,0.6249,-0.1416,0.1815,0.1611,0,1
GRID_1386,21.376412,80.43086,Granite,Granite,Granite,Other,Mixed Terrain,0.744,3.687,2.35,488.93,14.9,161.36,0.5632,0.2976,0.1679,0.2016,0,1
GRID_1387,21.757452,79.540755,Granite,Granite,Granite,Other,Mixed Terrain,3.786,3.075,2.398,451.26,8.21,312.06,0.2124,0.4277,0.298,0.2144,0,1
GRID_1388,21.211243,79.980272,Other Metasedimentary,Schist,Schist,Stratiform/Stratabound,Metamorphic Terrain,1.725,3.972,1.622,514.16,0.2,47.13,0.5178,0.2052,0.2883,0.1751,1,1
GRID_1389,21.924348,79.254571,Gneiss,Gneiss,Gneiss,Other,Mixed Terrain,0.365,6.231,1.094,250.0,15.15,229.27,0.688,0.2667,0.2285,0.124,0,1
GRID_1390,21.485721,80.133586,Other Metasedimentary,Quartzite,Quartzite,Stratiform/Stratabound,Metamorphic Terrain,2.358,2.06,1.228,351.75,10.77,244.33,0.3928,0.2253,0.2018,0.1403,0,1
GRID_1391,21.300643,79.652238,Sausar Group,Marble,Marble,Stratiform/Stratabound,Metamorphic Terrain,2.198,1.511,0.821,345.02,2.83,236.22,0.5668,0.2599,0.2908,0.1173,1,1
GRID_1392,21.162472,80.457087,Gneiss,Gneiss,Gneiss,Other,Mixed Terrain,5.017,0.693,2.116,334.98,5.96,160.93,0.02,0.1045,0.3579,0.0893,0,1
GRID_1393,21.244294,80.443365,Other Metasedimentary,Schist,Schist,Stratiform/Stratabound,Metamorphic Terrain,2.698,1.211,3.202,466.13,4.82,246.21,0.2754,0.0755,0.3094,0.1698,1,1
GRID_1394,21.541808,79.655407,Gneiss,Gneiss,Gneiss,Other,Mixed Terrain,4.594,1.65,2.945,404.9,7.16,86.21,0.8132,0.0325,0.2477,0.313,0,1
GRID_1395,21.386453,80.461345,Alluvium,Alluvium,Alluvium,Other,Mixed Terrain,3.915,2.21,1.333,355.94,13.95,214.51,0.5521,0.1968,0.3045,0.1948,0,1
GRID_1396,21.804551,80.594621,Granite,Granite,Granite,Other,Mixed Terrain,6.368,2.589,0.658,336.24,0.53,199.52,0.4649,0.2703,0.3078,0.1628,0,1
GRID_1397,21.466254,80.355582,Sausar Group,Marble,Marble,Stratiform/Stratabound,Metamorphic Terrain,3.172,1.199,1.738,348.3,6.63,114.6,0.7245,0.2685,0.2507,0.2024,1,1
GRID_1398,21.311407,80.38282,Granite,Granite,Granite,Other,Mixed Terrain,1.545,0.668,0.604,503.59,8.44,280.39,0.2523,0.1213,0.2506,0.1304,0,1
GRID_1399,21.624573,79.548612,Granite,Granite,Granite,Other,Mixed Terrain,5.286,0.4,1.179,424.33,7.72,29.11,0.6331,0.1528,0.203,0.0804,0,1
GRID_1400,21.700761,80.007383,Other Metasedimentary,Schist,Schist,Stratiform/Stratabound,Metamorphic Terrain,1.767,3.636,0.867,500.67,4.81,61.72,0.2928,0.1523,0.298,0.1386,1,1
GRID_1401,21.241986,79.294158,Sausar Group,Schist,Schist,Stratiform/Stratabound,Metamorphic Terrain,7.004,4.38,1.647,656.5,12.76,169.61,0.4451,0.1095,0.2282,0.1122,1,1
GRID_1402,21.242476,79.332885,Other Metasedimentary,Phyllite,Phyllite,Stratiform/Stratabound,Metamorphic Terrain,2.714,3.053,1.335,428.48,7.36,321.03,0.17,-0.0898,0.1715,0.0691,0,1
GRID_1403,21.131171,80.59845,Other Metasedimentary,Phyllite,Phyllite,Stratiform/Stratabound,Metamorphic Terrain,2.245,3.59,0.826,309.55,6.85,207.06,0.3686,0.1527,0.1739,0.147,1,1
GRID_1404,21.725942,79.657295,Sausar Group,Schist,Schist,Stratiform/Stratabound,Metamorphic Terrain,4.933,0.66,4.773,418.35,9.38,303.14,0.6418,0.1382,0.2372,0.2093,1,1
GRID_1405,21.664234,80.247457,Granite,Granite,Granite,Other,Mixed Terrain,0.424,3.437,0.332,589.72,6.88,186.33,0.3483,0.1734,0.1738,0.2037,1,1
GRID_1406,21.503436,80.329331,Other Metasedimentary,Schist,Schist,Stratiform/Stratabound,Metamorphic Terrain,0.721,1.247,0.669,522.37,5.79,282.76,0.5089,0.1054,0.4304,0.1963,1,1
GRID_1407,21.817545,80.401233,Other Metasedimentary,Schist,Schist,Stratiform/Stratabound,Metamorphic Terrain,0.629,3.645,1.559,375.09,4.3,117.29,0.3521,0.2207,0.2741,0.2802,1,1
GRID_1408,21.78482,80.59668,Granite,Granite,Granite,Other,Mixed Terrain,5.228,1.394,2.636,404.16,16.76,293.45,0.4989,0.5592,0.2054,0.1469,1,1
GRID_1409,21.597551,79.538095,Sausar Group,Quartzite,Quartzite,Stratiform/Stratabound,Metamorphic Terrain,1.279,0.77,2.332,495.88,11.17,144.61,0.5492,0.2896,0.2529,0.206,1,1
GRID_1410,21.838031,79.256491,Granite,Granite,Granite,Other,Mixed Terrain,3.694,0.432,0.427,470.76,6.47,201.18,0.3215,0.1135,0.2915,0.1567,0,1
GRID_1411,21.274965,79.775668,Gneiss,Gneiss,Gneiss,Other,Mixed Terrain,1.49,8.0,3.562,496.78,13.09,63.32,0.2915,0.1489,0.2552,0.2653,1,1
GRID_1412,21.195132,79.382113,Sausar Group,Schist,Schist,Stratiform/Stratabound,Metamorphic Terrain,1.235,2.6,1.683,409.68,10.09,331.36,0.3656,0.1641,0.1728,0.1315,1,1
GRID_1413,21.329287,79.231396,Alluvium,Alluvium,Alluvium,Other,Mixed Terrain,3.905,1.245,1.244,463.03,8.15,252.53,0.3622,0.1962,0.2323,0.2246,0,1
GRID_1414,21.148524,79.704598,Sausar Group,Quartzite,Quartzite,Stratiform/Stratabound,Metamorphic Terrain,4.264,5.511,1.391,404.05,3.88,309.19,0.1062,0.1793,0.2232,0.195,1,1
GRID_1415,21.551494,80.297234,Sausar Group,Schist,Schist,Stratiform/Stratabound,Metamorphic Terrain,3.37,2.887,4.715,548.44,4.69,74.83,0.4836,0.1167,0.2082,0.2532,1,1
GRID_1416,21.896115,79.992653,Granite,Granite,Granite,Other,Mixed Terrain,2.459,4.245,3.134,300.26,11.87,24.37,0.4911,0.1095,0.182,0.1806,0,1
GRID_1417,21.133442,79.637889,Granite,Granite,Granite,Other,Mixed Terrain,0.601,0.5,0.476,300.53,11.01,121.4,0.1425,0.2703,0.3013,0.1658,1,1
GRID_1418,21.203793,80.116079,Sausar Group,Mica Schist,Mica Schist,Stratiform/Stratabound,Metamorphic Terrain,1.133,4.112,1.146,369.25,2.51,186.01,0.5642,0.1433,0.273,0.1586,0,1
GRID_1419,21.484369,79.524825,Granite,Granite,Granite,Other,Mixed Terrain,1.366,1.542,2.269,372.34,6.37,288.85,0.366,0.2601,0.2724,0.1708,0,1
GRID_1420,21.893794,79.220134,Sausar Group,Mica Schist,Mica Schist,Stratiform/Stratabound,Metamorphic Terrain,1.407,0.289,3.709,300.24,10.72,143.18,0.4825,0.1495,0.1103,0.0681,1,1
GRID_1421,21.368733,80.270095,Sausar Group,Quartzite,Quartzite,Stratiform/Stratabound,Metamorphic Terrain,4.051,6.372,0.771,284.94,12.45,97.18,0.3903,-0.0726,0.2121,0.1487,0,1
GRID_1422,21.53115,80.07324,Sausar Group,Mica Schist,Mica Schist,Stratiform/Stratabound,Metamorphic Terrain,3.741,2.264,1.156,520.82,10.06,134.12,0.4822,0.032,0.3275,0.1451,1,1
GRID_1423,21.135337,80.267224,Other Metasedimentary,Schist,Schist,Stratiform/Stratabound,Metamorphic Terrain,3.292,3.303,1.427,415.8,6.17,253.3,0.4487,-0.0441,0.2675,0.1116,1,1
GRID_1424,21.226092,79.254513,Granite,Granite,Granite,Other,Mixed Terrain,1.736,2.028,4.052,409.37,8.94,121.04,0.5705,0.209,0.1585,0.1463,0,1
GRID_1425,21.938636,80.371967,Granite,Granite,Granite,Other,Mixed Terrain,1.234,1.896,1.449,434.79,7.16,352.5,0.4303,-0.0579,0.3567,0.1261,0,1
GRID_1426,21.920351,80.067337,Gneiss,Gneiss,Gneiss,Other,Mixed Terrain,5.046,2.29,1.092,565.84,9.53,62.99,0.5506,0.1101,0.0703,0.1492,0,1
GRID_1427,21.104199,79.988753,Other Metasedimentary,Schist,Schist,Stratiform/Stratabound,Metamorphic Terrain,7.555,1.515,1.287,439.89,13.91,271.11,0.658,0.1283,0.2489,0.2175,1,1
GRID_1428,21.90904,80.07446,Sausar Group,Mica Schist,Mica Schist,Stratiform/Stratabound,Metamorphic Terrain,3.052,0.802,2.532,420.54,4.87,212.1,0.4169,0.1455,0.3601,0.2176,1,1
GRID_1429,21.643252,80.410207,Gneiss,Gneiss,Gneiss,Other,Mixed Terrain,1.499,2.749,0.338,375.8,9.12,83.91,0.3879,0.3033,0.1302,0.2747,0,1
GRID_1430,21.837731,80.021711,Alluvium,Alluvium,Alluvium,Other,Mixed Terrain,3.956,4.699,3.144,480.91,7.61,271.3,0.52,0.3276,0.2067,0.1985,1,1
GRID_1431,21.486529,80.013331,Gneiss,Gneiss,Gneiss,Other,Mixed Terrain,1.921,4.43,0.766,424.53,6.95,161.11,0.1003,0.076,0.1416,0.0888,0,1
GRID_1432,21.538257,80.586951,Sausar Group,Schist,Schist,Stratiform/Stratabound,Metamorphic Terrain,2.367,0.658,1.219,570.43,7.44,245.66,0.2901,0.1773,0.3388,0.1602,0,1
GRID_1433,21.51552,80.259422,Gneiss,Gneiss,Gneiss,Other,Mixed Terrain,1.677,4.531,0.654,416.34,13.25,238.41,0.2845,0.121,0.1827,0.1417,0,1
GRID_1434,21.666835,79.819211,Sausar Group,Marble,Marble,Stratiform/Stratabound,Metamorphic Terrain,7.511,1.126,0.727,515.65,10.32,39.83,0.5183,0.2391,0.3096,0.1211,1,1
GRID_1435,21.218704,80.190356,Gneiss,Gneiss,Gneiss,Other,Mixed Terrain,4.619,0.913,2.764,369.56,6.08,302.39,0.454,0.1684,0.3372,0.2444,0,1
GRID_1436,21.125478,79.744923,Alluvium,Alluvium,Alluvium,Other,Mixed Terrain,3.708,0.241,0.877,368.73,10.6,245.33,0.6329,0.2434,0.15,0.2073,0,1
GRID_1437,21.36174,79.520426,Sausar Group,Marble,Marble,Stratiform/Stratabound,Metamorphic Terrain,0.358,1.749,2.223,274.72,5.76,281.01,0.6233,0.0213,0.1353,0.1842,1,1
GRID_1438,21.698979,80.035593,Other Metasedimentary,Schist,Schist,Stratiform/Stratabound,Metamorphic Terrain,2.11,1.756,2.21,497.53,0.84,161.2,0.1162,0.2119,0.2735,0.091,1,1
GRID_1439,21.271575,80.499455,Sausar Group,Mica Schist,Mica Schist,Stratiform/Stratabound,Metamorphic Terrain,3.379,2.289,1.767,426.75,0.2,70.22,0.1601,-0.0164,0.2943,0.1751,1,1
GRID_1440,21.672418,80.500795,Other Metasedimentary,Quartzite,Quartzite,Stratiform/Stratabound,Metamorphic Terrain,0.921,0.895,2.377,484.36,10.0,117.44,0.4362,0.0707,0.2351,0.3196,1,1
GRID_1441,21.924425,79.678667,Granite,Granite,Granite,Other,Mixed Terrain,3.612,1.701,0.597,574.18,6.86,324.53,0.1825,0.1942,0.2418,0.1298,0,1
GRID_1442,21.179816,79.938748,Sausar Group,Mica Schist,Mica Schist,Stratiform/Stratabound,Metamorphic Terrain,0.889,1.144,1.015,358.03,11.99,337.69,0.1144,-0.0932,0.3436,0.1669,1,1
GRID_1443,21.671712,79.49629,Sausar Group,Quartzite,Quartzite,Stratiform/Stratabound,Metamorphic Terrain,1.971,2.286,2.143,345.17,9.55,173.47,0.3119,-0.1263,0.2232,0.2633,0,1
GRID_1444,21.477188,80.593884,Other Metasedimentary,Schist,Schist,Stratiform/Stratabound,Metamorphic Terrain,3.955,3.901,5.521,363.09,9.04,107.57,0.0964,0.018,0.3363,0.1537,1,1
GRID_1445,21.837921,80.573565,Sausar Group,Marble,Marble,Stratiform/Stratabound,Metamorphic Terrain,2.558,3.998,1.793,251.2,6.2,262.91,0.2656,0.0485,0.1997,0.1524,1,1
GRID_1446,21.250577,80.109313,Sausar Group,Mica Schist,Mica Schist,Stratiform/Stratabound,Metamorphic Terrain,1.882,4.341,1.959,413.58,10.09,275.76,0.5438,0.0631,0.4078,0.1663,1,1
GRID_1447,21.688732,80.32618,Granite,Granite,Granite,Other,Mixed Terrain,5.861,0.557,1.254,505.16,14.21,293.57,0.3522,0.1066,0.1781,0.2008,0,1
GRID_1448,21.812398,80.20114,Gneiss,Gneiss,Gneiss,Other,Mixed Terrain,3.552,1.389,2.024,434.17,0.2,11.19,0.6696,0.2229,0.3229,0.1239,0,1
GRID_1449,21.902922,80.030422,Gneiss,Gneiss,Gneiss,Other,Mixed Terrain,3.599,1.085,1.162,296.47,7.4,3.5,0.3391,0.4544,0.1723,0.2354,0,1
GRID_1450,21.680761,79.274687,Sausar Group,Quartzite,Quartzite,Stratiform/Stratabound,Metamorphic Terrain,3.426,0.325,0.451,399.66,13.38,128.58,0.5185,0.0921,0.2951,0.1563,1,1
GRID_1451,21.522599,79.83667,Sausar Group,Marble,Marble,Stratiform/Stratabound,Metamorphic Terrain,3.133,1.952,2.716,440.64,3.42,54.9,0.3453,0.2334,0.2395,0.1924,0,1
GRID_1452,21.62517,80.144701,Sausar Group,Quartzite,Quartzite,Stratiform/Stratabound,Metamorphic Terrain,3.668,2.608,2.345,511.81,8.53,289.79,0.3954,0.3543,0.2595,0.155,1,1
GRID_1453,21.838569,80.148544,Sausar Group,Schist,Schist,Stratiform/Stratabound,Metamorphic Terrain,6.235,4.244,1.708,497.7,5.27,191.82,0.3672,0.3293,0.2866,0.0999,1,1
GRID_1454,21.585018,79.722372,Granite,Granite,Granite,Other,Mixed Terrain,4.053,1.759,0.744,400.63,6.93,297.13,0.519,0.07,0.2572,0.0483,0,1
GRID_1455,21.125829,80.518369,Alluvium,Alluvium,Alluvium,Other,Mixed Terrain,3.726,3.215,1.387,400.48,0.91,63.69,0.5459,0.3022,0.251,0.1937,0,1
GRID_1456,21.891306,79.4343,Sausar Group,Marble,Marble,Stratiform/Stratabound,Metamorphic Terrain,3.306,0.322,0.59,480.5,11.94,225.8,0.7598,0.3607,0.1099,0.0711,1,1
GRID_1457,21.686098,79.900503,Granite,Granite,Granite,Other,Mixed Terrain,6.498,0.24,0.832,379.57,8.6,208.86,0.4324,0.3943,0.3365,0.2259,0,1
GRID_1458,21.675036,80.167238,Granite,Granite,Granite,Other,Mixed Terrain,0.566,1.092,1.69,502.71,2.22,122.54,0.5177,0.3996,0.347,0.1876,0,1
GRID_1459,21.283324,80.17599,Other Metasedimentary,Quartzite,Quartzite,Stratiform/Stratabound,Metamorphic Terrain,1.272,2.023,1.319,373.99,9.67,186.15,0.2657,0.026,0.2325,0.3015,1,1
GRID_1460,21.660053,80.108095,Other Metasedimentary,Schist,Schist,Stratiform/Stratabound,Metamorphic Terrain,7.793,1.341,0.418,561.85,8.83,212.05,0.54,0.2136,0.279,0.145,1,1
GRID_1461,21.434785,79.585403,Other Metasedimentary,Schist,Schist,Stratiform/Stratabound,Metamorphic Terrain,2.136,3.255,2.251,450.0,5.24,320.22,0.434,0.0834,0.3356,0.2841,1,1
GRID_1462,21.653548,79.418689,Sausar Group,Schist,Schist,Stratiform/Stratabound,Metamorphic Terrain,0.526,5.858,4.162,263.43,15.87,20.03,0.02,-0.0029,0.2821,0.1625,1,1
GRID_1463,21.190604,80.090316,Sausar Group,Mica Schist,Mica Schist,Stratiform/Stratabound,Metamorphic Terrain,2.621,2.764,0.818,484.44,10.06,296.41,0.291,0.247,0.2028,0.2357,1,1
GRID_1464,21.659169,80.039023,Sausar Group,Mica Schist,Mica Schist,Stratiform/Stratabound,Metamorphic Terrain,1.2,1.326,2.37,451.66,13.16,352.86,0.0982,0.2081,0.1559,0.2127,1,1
GRID_1465,21.949502,79.451098,Sausar Group,Marble,Marble,Stratiform/Stratabound,Metamorphic Terrain,3.255,0.954,1.096,471.32,7.36,263.44,0.3119,0.2039,0.2844,0.07,1,1
GRID_1466,21.14098,80.187195,Granite,Granite,Granite,Other,Mixed Terrain,1.2,0.471,3.158,621.41,1.5,265.44,0.4791,0.1135,0.2497,0.3716,0,1
GRID_1467,21.930598,79.837241,Alluvium,Alluvium,Alluvium,Other,Mixed Terrain,4.967,1.745,1.867,407.79,0.2,78.47,0.3822,0.5229,0.2396,0.2771,0,1
GRID_1468,21.445872,80.134865,Other Metasedimentary,Phyllite,Phyllite,Stratiform/Stratabound,Metamorphic Terrain,4.243,5.848,0.755,298.04,3.94,188.31,0.5286,0.3912,0.1867,0.2039,0,1
GRID_1469,21.84014,80.372314,Other Metasedimentary,Schist,Schist,Stratiform/Stratabound,Metamorphic Terrain,3.156,2.145,4.105,537.74,13.39,254.14,0.0544,0.1214,0.2161,0.2597,1,1
GRID_1470,21.765028,79.43762,Granite,Granite,Granite,Other,Mixed Terrain,2.038,1.705,2.068,278.74,5.96,216.82,0.5833,0.1767,0.2636,0.1964,0,1
GRID_1471,21.581964,79.226803,Gneiss,Gneiss,Gneiss,Other,Mixed Terrain,4.051,2.28,1.763,366.56,12.16,138.65,0.4693,0.2493,0.2194,0.2332,0,1
GRID_1472,21.727682,80.290744,Sausar Group,Marble,Marble,Stratiform/Stratabound,Metamorphic Terrain,4.677,2.679,0.461,433.58,3.33,338.44,0.2276,0.3238,0.2423,0.1894,1,1
GRID_1473,21.846738,80.053576,Sausar Group,Quartzite,Quartzite,Stratiform/Stratabound,Metamorphic Terrain,2.504,0.096,0.875,353.61,5.35,185.04,0.426,0.2475,0.2378,0.1175,1,1
GRID_1474,21.443519,80.179495,Alluvium,Alluvium,Alluvium,Other,Mixed Terrain,1.761,8.0,3.437,424.58,5.93,349.16,0.7806,0.1961,0.286,0.1739,0,1
GRID_1475,21.377978,80.373417,Sausar Group,Schist,Schist,Stratiform/Stratabound,Metamorphic Terrain,3.313,0.072,1.62,418.46,8.9,203.0,0.6644,-0.0184,0.1395,0.1486,0,1
GRID_1476,21.667454,80.323935,Granite,Granite,Granite,Other,Mixed Terrain,2.204,1.479,1.889,560.54,2.59,285.62,0.6984,0.4548,0.2151,0.2179,0,1
GRID_1477,21.786669,80.545288,Sausar Group,Schist,Schist,Stratiform/Stratabound,Metamorphic Terrain,2.594,2.3,1.959,250.0,4.82,267.13,0.3959,0.0916,0.1629,0.1168,0,1
GRID_1478,21.747942,79.950309,Gneiss,Gneiss,Gneiss,Other,Mixed Terrain,3.748,1.508,1.247,437.43,7.07,237.9,0.6118,0.3286,0.2509,0.1889,0,1
GRID_1479,21.778142,79.883894,Alluvium,Alluvium,Alluvium,Other,Mixed Terrain,0.898,1.945,0.647,351.74,2.63,5.21,0.6396,0.1844,0.1833,0.0954,0,1
GRID_1480,21.470246,79.762642,Sausar Group,Marble,Marble,Stratiform/Stratabound,Metamorphic Terrain,4.553,1.075,0.768,382.19,0.96,27.87,0.263,0.355,0.3058,0.2263,1,1
GRID_1481,21.795159,79.415167,Other Metasedimentary,Schist,Schist,Stratiform/Stratabound,Metamorphic Terrain,2.398,1.206,4.026,487.81,8.11,209.33,0.6365,-0.0021,0.2112,0.1069,1,1
GRID_1482,21.202178,80.00165,Sausar Group,Mica Schist,Mica Schist,Stratiform/Stratabound,Metamorphic Terrain,0.377,1.688,0.333,474.03,2.69,328.24,0.6003,0.0911,0.1997,0.2162,1,1
GRID_1483,21.562816,79.587818,Granite,Granite,Granite,Other,Mixed Terrain,1.339,3.075,0.346,459.14,12.86,216.41,0.3223,0.1604,0.1817,0.1871,0,1
GRID_1484,21.104895,80.489831,Alluvium,Alluvium,Alluvium,Other,Mixed Terrain,0.94,1.979,0.76,323.09,12.97,84.96,0.445,0.0517,0.2576,0.2426,0,1
GRID_1485,21.375898,80.016467,Gneiss,Gneiss,Gneiss,Other,Mixed Terrain,2.768,3.821,1.079,530.83,5.67,115.28,0.6473,0.1049,0.1511,0.1709,0,1
GRID_1486,21.411492,80.029976,Other Metasedimentary,Quartzite,Quartzite,Stratiform/Stratabound,Metamorphic Terrain,2.349,2.935,0.582,355.56,10.41,224.34,0.4207,0.3608,0.2335,0.2288,0,1
GRID_1487,21.436747,79.696895,Sausar Group,Marble,Marble,Stratiform/Stratabound,Metamorphic Terrain,1.452,3.86,2.002,547.84,8.28,214.94,0.5713,0.2574,0.2319,0.1889,1,1
GRID_1488,21.691147,79.272785,Gneiss,Gneiss,Gneiss,Other,Mixed Terrain,9.321,1.389,1.288,374.8,12.27,344.05,0.3546,0.3827,0.2035,0.2057,0,1
GRID_1489,21.430274,79.244441,Gneiss,Gneiss,Gneiss,Other,Mixed Terrain,2.433,0.808,1.764,517.62,6.17,190.47,0.2548,0.1892,0.2553,0.0725,0,1
GRID_1490,21.48139,79.792669,Other Metasedimentary,Phyllite,Phyllite,Stratiform/Stratabound,Metamorphic Terrain,2.021,0.757,0.904,438.65,10.04,127.81,0.2381,0.1578,0.2076,0.1414,1,1
GRID_1491,21.301913,79.318392,Sausar Group,Schist,Schist,Stratiform/Stratabound,Metamorphic Terrain,1.799,2.253,2.367,287.71,9.25,189.0,0.385,-0.0031,0.2599,0.1702,1,1
GRID_1492,21.417264,80.049586,Alluvium,Alluvium,Alluvium,Other,Mixed Terrain,7.625,0.579,0.66,399.78,9.04,283.04,0.5001,0.3267,0.2019,0.2622,1,1
GRID_1493,21.293179,80.433362,Gneiss,Gneiss,Gneiss,Other,Mixed Terrain,0.891,4.494,1.943,574.7,5.54,194.53,0.1488,0.1574,0.1879,0.2008,0,1
GRID_1494,21.162217,80.436081,Sausar Group,Mica Schist,Mica Schist,Stratiform/Stratabound,Metamorphic Terrain,1.486,0.616,1.341,499.99,12.74,117.38,0.7382,0.2072,0.2579,0.0769,0,1
GRID_1495,21.612931,80.122664,Granite,Granite,Granite,Other,Mixed Terrain,7.088,4.25,4.642,393.02,6.37,121.9,0.6008,0.1017,0.2965,0.2063,0,1
GRID_1496,21.667981,79.495725,Sausar Group,Schist,Schist,Stratiform/Stratabound,Metamorphic Terrain,2.88,1.31,3.176,540.81,6.34,272.45,0.5122,0.5784,0.44,0.1274,1,1
GRID_1497,21.626567,80.408196,Gneiss,Gneiss,Gneiss,Other,Mixed Terrain,1.647,2.091,2.169,453.96,5.12,23.92,0.5605,0.1972,0.2162,0.1326,1,1
GRID_1498,21.49397,80.440531,Other Metasedimentary,Schist,Schist,Stratiform/Stratabound,Metamorphic Terrain,7.423,0.989,0.727,569.64,5.36,98.91,0.3264,0.0799,0.2941,0.1765,0,1
GRID_1499,21.422818,79.475315,Gneiss,Gneiss,Gneiss,Other,Mixed Terrain,3.224,1.692,3.704,423.27,7.04,55.09,0.1939,0.0177,0.2089,0.1966,0,1
GRID_1500,21.833834,80.232397,Gneiss,Gneiss,Gneiss,Other,Mixed Terrain,2.851,2.184,1.294,405.19,9.8,340.08,0.4956,0.254,0.2929,0.1333,0,1
GRID_1501,21.54122,79.601127,Granite,Granite,Granite,Other,Mixed Terrain,1.121,1.765,0.851,513.99,11.13,32.43,0.5971,0.0745,0.3311,0.0752,0,1
GRID_1502,21.507305,80.323696,Sausar Group,Marble,Marble,Stratiform/Stratabound,Metamorphic Terrain,1.728,0.425,1.44,451.42,8.51,272.95,0.351,0.1168,0.249,0.1694,0,1
GRID_1503,21.121796,80.596133,Sausar Group,Schist,Schist,Stratiform/Stratabound,Metamorphic Terrain,0.491,3.07,4.323,477.39,13.67,226.95,0.2789,-0.0339,0.2898,0.1666,1,1
GRID_1504,21.390061,79.242036,Granite,Granite,Granite,Other,Mixed Terrain,3.382,1.959,0.341,356.68,8.47,227.81,0.3433,0.1894,0.2711,0.266,0,1
GRID_1505,21.423166,80.456312,Sausar Group,Quartzite,Quartzite,Stratiform/Stratabound,Metamorphic Terrain,5.57,0.768,0.712,529.55,0.82,274.84,0.507,0.1879,0.2408,0.1826,1,1
GRID_1506,21.438999,80.071683,Sausar Group,Schist,Schist,Stratiform/Stratabound,Metamorphic Terrain,1.051,1.946,0.467,513.49,3.38,144.18,0.5263,0.4401,0.2101,0.2507,1,1
GRID_1507,21.593147,80.562736,Granite,Granite,Granite,Other,Mixed Terrain,2.397,2.625,0.579,544.88,10.8,144.27,0.7196,0.105,0.2155,0.307,0,1
GRID_1508,21.553562,79.851013,Sausar Group,Schist,Schist,Stratiform/Stratabound,Metamorphic Terrain,2.085,1.994,0.239,314.42,6.7,103.93,0.5014,-0.1276,0.1474,0.1136,1,1
GRID_1509,21.616719,80.386343,Sausar Group,Marble,Marble,Stratiform/Stratabound,Metamorphic Terrain,0.656,4.679,0.091,331.17,6.43,215.19,0.2967,0.1489,0.3126,0.2682,1,1
GRID_1510,21.750151,79.287352,Granite,Granite,Granite,Other,Mixed Terrain,4.852,0.251,1.905,366.52,4.14,334.73,0.3824,0.3624,0.371,0.2359,0,1
GRID_1511,21.791038,79.669391,Sausar Group,Schist,Schist,Stratiform/Stratabound,Metamorphic Terrain,0.489,0.917,0.861,409.66,6.4,332.63,0.2624,0.2655,0.1413,0.0469,1,1
GRID_1512,21.710405,79.293823,Other Metasedimentary,Phyllite,Phyllite,Stratiform/Stratabound,Metamorphic Terrain,1.458,2.834,0.132,316.7,6.46,253.07,0.6071,0.3321,0.3127,0.1687,0,1
GRID_1513,21.912195,80.56548,Other Metasedimentary,Schist,Schist,Stratiform/Stratabound,Metamorphic Terrain,9.654,1.288,2.221,484.17,9.96,326.23,0.2516,0.2433,0.2369,0.2223,1,1
GRID_1514,21.115498,80.343763,Alluvium,Alluvium,Alluvium,Other,Mixed Terrain,3.86,0.365,1.258,392.75,7.02,346.87,0.3395,0.1186,0.1952,0.2003,0,1
GRID_1515,21.266411,80.393566,Sausar Group,Quartzite,Quartzite,Stratiform/Stratabound,Metamorphic Terrain,2.175,5.379,1.292,536.76,13.11,286.24,0.507,0.0226,0.25,0.2795,1,1
GRID_1516,21.106428,80.513151,Alluvium,Alluvium,Alluvium,Other,Mixed Terrain,0.552,0.879,0.413,608.41,5.38,146.82,0.6852,0.0424,0.1838,0.2154,1,1
GRID_1517,21.650354,79.319145,Other Metasedimentary,Quartzite,Quartzite,Stratiform/Stratabound,Metamorphic Terrain,4.93,1.221,0.795,379.51,8.82,173.96,0.85,0.0957,0.2564,0.0942,0,1
GRID_1518,21.863326,79.739837,Alluvium,Alluvium,Alluvium,Other,Mixed Terrain,6.029,1.813,1.403,364.78,1.38,335.25,0.2155,0.2688,0.2194,0.2276,1,1
GRID_1519,21.30696,79.299449,Sausar Group,Marble,Marble,Stratiform/Stratabound,Metamorphic Terrain,0.629,5.202,0.621,493.52,10.64,241.2,0.532,0.1687,0.2159,0.1114,1,1
GRID_1520,21.887979,79.49511,Gneiss,Gneiss,Gneiss,Other,Mixed Terrain,3.823,1.945,0.533,438.24,2.32,295.45,0.4263,-0.0719,0.3224,0.1468,0,1
GRID_1521,21.151227,79.521112,Other Metasedimentary,Phyllite,Phyllite,Stratiform/Stratabound,Metamorphic Terrain,4.879,1.189,3.547,461.42,10.28,41.8,0.3901,0.2248,0.1175,0.2459,1,1
GRID_1522,21.894271,79.85675,Gneiss,Gneiss,Gneiss,Other,Mixed Terrain,5.811,8.0,0.244,543.0,0.64,69.8,0.3847,0.3512,0.2003,0.2391,0,1
GRID_1523,21.398879,79.575987,Gneiss,Gneiss,Gneiss,Other,Mixed Terrain,2.718,2.513,2.981,406.91,3.87,123.88,0.2325,-0.0409,0.1014,0.1823,0,1
GRID_1524,21.186208,79.341369,Granite,Granite,Granite,Other,Mixed Terrain,1.97,2.141,1.139,339.41,11.35,67.77,0.6967,0.257,0.2492,0.1365,0,1
GRID_1525,21.512991,79.434488,Granite,Granite,Granite,Other,Mixed Terrain,0.631,0.412,0.917,325.41,14.26,326.33,0.097,-0.1155,0.2054,0.168,0,1
GRID_1526,21.31826,79.406186,Sausar Group,Schist,Schist,Stratiform/Stratabound,Metamorphic Terrain,1.835,2.611,1.602,414.93,0.2,78.08,0.4064,0.0574,0.1895,0.1733,0,1
GRID_1527,21.342142,80.562308,Gneiss,Gneiss,Gneiss,Other,Mixed Terrain,2.265,3.663,3.118,400.09,3.64,200.59,0.6696,0.0003,0.2598,0.146,1,1
GRID_1528,21.361196,80.26301,Sausar Group,Mica Schist,Mica Schist,Stratiform/Stratabound,Metamorphic Terrain,0.892,0.476,1.395,503.52,15.32,30.76,0.4663,0.2759,0.2828,0.2481,0,1
GRID_1529,21.782572,80.554866,Granite,Granite,Granite,Other,Mixed Terrain,1.597,4.973,2.665,548.36,8.57,55.79,0.3228,0.413,0.3228,0.1551,0,1
GRID_1530,21.558287,79.815637,Sausar Group,Schist,Schist,Stratiform/Stratabound,Metamorphic Terrain,2.692,8.0,1.413,548.03,3.87,89.07,0.3292,0.3287,0.4452,0.1643,0,1
GRID_1531,21.364612,79.589716,Gneiss,Gneiss,Gneiss,Other,Mixed Terrain,1.365,5.404,0.619,370.41,13.91,353.84,0.5707,0.324,0.2001,0.1659,0,1
GRID_1532,21.618784,80.31761,Sausar Group,Quartzite,Quartzite,Stratiform/Stratabound,Metamorphic Terrain,2.003,0.991,1.093,361.72,10.34,286.94,0.3811,0.0496,0.1928,0.2218,1,1
GRID_1533,21.708728,79.656755,Gneiss,Gneiss,Gneiss,Other,Mixed Terrain,2.598,5.114,0.066,275.86,8.44,242.48,0.4249,0.2616,0.2403,0.1953,0,1
GRID_1534,21.33173,79.619137,Alluvium,Alluvium,Alluvium,Other,Mixed Terrain,2.606,3.187,2.699,430.26,0.33,329.85,0.5296,0.2135,0.2461,0.1931,0,1
GRID_1535,21.451517,79.525508,Sausar Group,Mica Schist,Mica Schist,Stratiform/Stratabound,Metamorphic Terrain,1.145,1.551,2.234,505.2,16.38,344.24,0.5788,0.0154,0.3613,0.1234,1,1
GRID_1536,21.203603,79.381551,Sausar Group,Mica Schist,Mica Schist,Stratiform/Stratabound,Metamorphic Terrain,1.231,4.385,0.796,369.93,9.05,163.29,0.3407,0.3306,0.2765,0.1941,0,1
GRID_1537,21.253977,79.559048,Sausar Group,Mica Schist,Mica Schist,Stratiform/Stratabound,Metamorphic Terrain,0.648,2.724,2.701,304.19,6.76,117.97,0.2115,0.2407,0.1739,0.2248,0,1
GRID_1538,21.67895,79.697448,Other Metasedimentary,Schist,Schist,Stratiform/Stratabound,Metamorphic Terrain,5.729,1.99,2.68,590.3,13.85,113.51,0.2695,0.1494,0.1699,0.1593,1,1
GRID_1539,21.254223,80.143592,Granite,Granite,Granite,Other,Mixed Terrain,1.999,1.299,0.199,370.06,4.33,12.86,0.651,0.295,0.2877,0.1888,1,1
GRID_1540,21.546389,79.287591,Granite,Granite,Granite,Other,Mixed Terrain,1.508,1.044,1.3,420.45,3.63,100.67,0.441,0.2007,0.2255,0.2352,0,1
GRID_1541,21.702689,79.49471,Sausar Group,Quartzite,Quartzite,Stratiform/Stratabound,Metamorphic Terrain,2.372,2.276,0.335,390.35,4.11,127.82,0.2301,0.3482,0.3391,0.1319,1,1
GRID_1542,21.190845,80.332633,Gneiss,Gneiss,Gneiss,Other,Mixed Terrain,4.788,1.467,2.109,316.66,6.48,13.28,0.2807,0.4443,0.2761,0.1328,1,1
GRID_1543,21.582215,79.405691,Other Metasedimentary,Phyllite,Phyllite,Stratiform/Stratabound,Metamorphic Terrain,2.068,2.723,1.346,506.66,8.11,317.74,0.6163,0.1409,0.1669,0.1728,1,1
GRID_1544,21.318078,79.679703,Other Metasedimentary,Schist,Schist,Stratiform/Stratabound,Metamorphic Terrain,2.092,4.405,0.586,281.34,10.56,305.23,0.4439,0.1394,0.1577,0.2268,0,1
GRID_1545,21.918488,80.410522,Gneiss,Gneiss,Gneiss,Other,Mixed Terrain,0.506,1.824,2.044,525.57,3.0,90.54,0.162,0.1113,0.2642,0.04,1,1
GRID_1546,21.511014,79.416895,Sausar Group,Marble,Marble,Stratiform/Stratabound,Metamorphic Terrain,7.721,1.209,1.023,452.78,9.21,288.92,0.2537,0.1824,0.2161,0.1683,1,1
GRID_1547,21.785094,79.315832,Sausar Group,Mica Schist,Mica Schist,Stratiform/Stratabound,Metamorphic Terrain,3.182,2.755,0.872,407.16,5.59,286.64,0.6145,0.3691,0.3198,0.1377,1,1
GRID_1548,21.567693,79.878353,Sausar Group,Mica Schist,Mica Schist,Stratiform/Stratabound,Metamorphic Terrain,0.207,1.404,0.976,408.58,7.57,120.6,0.3391,0.0315,0.2638,0.2014,1,1
GRID_1549,21.136901,79.623387,Sausar Group,Schist,Schist,Stratiform/Stratabound,Metamorphic Terrain,0.689,2.888,0.462,468.61,12.84,250.94,0.7652,-0.0119,0.2624,0.1741,1,1
GRID_1550,21.638179,79.988772,Sausar Group,Quartzite,Quartzite,Stratiform/Stratabound,Metamorphic Terrain,1.807,0.602,1.842,375.36,9.97,104.35,0.7365,0.213,0.154,0.2486,1,1
GRID_1551,21.908693,80.325327,Sausar Group,Mica Schist,Mica Schist,Stratiform/Stratabound,Metamorphic Terrain,3.944,3.395,1.782,445.02,10.3,25.3,0.6683,0.1748,0.2066,0.219,0,1
GRID_1552,21.61137,79.392008,Granite,Granite,Granite,Other,Mixed Terrain,2.265,3.161,1.064,354.51,5.54,181.73,0.5097,0.207,0.2367,0.1663,0,1
GRID_1553,21.796311,80.012979,Other Metasedimentary,Phyllite,Phyllite,Stratiform/Stratabound,Metamorphic Terrain,1.925,1.866,0.373,250.0,15.7,157.8,0.5953,-0.0939,0.1088,0.1189,0,1
GRID_1554,21.851575,79.907712,Gneiss,Gneiss,Gneiss,Other,Mixed Terrain,8.149,2.339,0.319,482.44,10.69,49.74,0.4211,0.3958,0.2836,0.201,0,1
GRID_1555,21.293868,79.40171,Other Metasedimentary,Phyllite,Phyllite,Stratiform/Stratabound,Metamorphic Terrain,2.76,3.147,0.746,637.16,6.3,176.6,0.4252,0.2087,0.2998,0.162,1,1
GRID_1556,21.280238,80.073598,Alluvium,Alluvium,Alluvium,Other,Mixed Terrain,0.788,5.202,1.469,478.11,12.56,341.78,0.238,0.5226,0.2029,0.1677,1,1
GRID_1557,21.619334,79.583097,Sausar Group,Schist,Schist,Stratiform/Stratabound,Metamorphic Terrain,4.021,0.81,3.076,425.97,10.28,263.3,0.4229,0.2379,0.3288,0.1103,1,1
GRID_1558,21.449374,79.882968,Alluvium,Alluvium,Alluvium,Other,Mixed Terrain,3.31,2.546,1.266,396.29,2.95,265.99,0.227,0.1238,0.3257,0.1892,0,1
GRID_1559,21.813882,79.315181,Sausar Group,Marble,Marble,Stratiform/Stratabound,Metamorphic Terrain,1.693,0.501,1.385,398.95,8.8,272.72,0.431,0.2157,0.2767,0.1496,0,1
GRID_1560,21.86502,79.843418,Gneiss,Gneiss,Gneiss,Other,Mixed Terrain,4.273,0.773,1.237,396.28,4.13,268.07,0.2362,0.3871,0.2357,0.1556,0,1
GRID_1561,21.400408,79.629049,Granite,Granite,Granite,Other,Mixed Terrain,5.671,4.514,1.254,446.91,0.2,7.16,0.291,0.0791,0.3097,0.04,0,1
GRID_1562,21.30134,80.351334,Other Metasedimentary,Quartzite,Quartzite,Stratiform/Stratabound,Metamorphic Terrain,5.208,0.621,0.39,250.0,6.27,332.89,0.0212,0.2618,0.1357,0.182,1,1
GRID_1563,21.763447,79.27977,Sausar Group,Mica Schist,Mica Schist,Stratiform/Stratabound,Metamorphic Terrain,2.365,2.803,3.69,250.0,12.54,298.85,0.3048,0.2413,0.2452,0.1229,1,1
GRID_1564,21.333585,79.78605,Sausar Group,Marble,Marble,Stratiform/Stratabound,Metamorphic Terrain,2.373,1.214,0.333,468.35,13.9,98.85,0.3148,0.2632,0.1809,0.211,1,1
GRID_1565,21.799222,79.841804,Other Metasedimentary,Phyllite,Phyllite,Stratiform/Stratabound,Metamorphic Terrain,7.78,0.535,2.024,413.07,5.96,198.99,0.3806,0.0527,0.1936,0.1843,1,1
GRID_1566,21.460178,80.215009,Sausar Group,Mica Schist,Mica Schist,Stratiform/Stratabound,Metamorphic Terrain,0.925,0.767,1.32,346.21,6.86,221.4,0.6205,0.2693,0.2715,0.0918,1,1
GRID_1567,21.667417,80.004003,Gneiss,Gneiss,Gneiss,Other,Mixed Terrain,0.965,0.945,1.056,343.87,13.58,47.5,0.4216,0.2587,0.1837,0.1738,0,1
GRID_1568,21.181205,80.134097,Alluvium,Alluvium,Alluvium,Other,Mixed Terrain,2.989,3.86,0.59,382.59,10.68,91.43,0.5785,0.3993,0.1329,0.1929,0,1
GRID_1569,21.63028,80.287869,Other Metasedimentary,Schist,Schist,Stratiform/Stratabound,Metamorphic Terrain,4.468,0.95,0.724,394.44,9.96,8.37,0.585,0.4282,0.3954,0.3052,1,1
GRID_1570,21.484003,80.407084,Other Metasedimentary,Phyllite,Phyllite,Stratiform/Stratabound,Metamorphic Terrain,0.601,1.224,6.0,550.98,8.56,311.02,0.6556,0.2322,0.1977,0.216,1,1
GRID_1571,21.598617,79.639426,Other Metasedimentary,Schist,Schist,Stratiform/Stratabound,Metamorphic Terrain,7.303,1.42,0.514,339.05,10.9,8.97,0.285,0.2121,0.1809,0.1025,0,1
GRID_1572,21.242812,79.953232,Sausar Group,Schist,Schist,Stratiform/Stratabound,Metamorphic Terrain,7.204,1.403,1.758,494.94,7.88,114.73,0.2409,0.0455,0.3236,0.2966,1,1
GRID_1573,21.726343,80.376151,Other Metasedimentary,Phyllite,Phyllite,Stratiform/Stratabound,Metamorphic Terrain,4.84,4.187,1.608,480.17,14.12,28.17,0.4114,0.1525,0.1979,0.1635,1,1
GRID_1574,21.833378,80.585232,Gneiss,Gneiss,Gneiss,Other,Mixed Terrain,1.927,0.322,0.933,412.2,7.52,281.31,0.2632,0.1162,0.1511,0.1632,0,1
GRID_1575,21.284229,80.445327,Gneiss,Gneiss,Gneiss,Other,Mixed Terrain,1.344,3.774,1.298,495.02,7.46,332.99,0.3932,0.3166,0.1759,0.2965,0,1
GRID_1576,21.181357,79.720054,Sausar Group,Quartzite,Quartzite,Stratiform/Stratabound,Metamorphic Terrain,0.626,1.82,1.811,467.54,0.2,202.61,0.2781,0.223,0.2098,0.1423,1,1
GRID_1577,21.120093,79.473233,Gneiss,Gneiss,Gneiss,Other,Mixed Terrain,1.143,3.029,2.28,323.22,12.23,50.24,0.2349,0.0425,0.165,0.1706,1,1
GRID_1578,21.645676,79.88515,Other Metasedimentary,Schist,Schist,Stratiform/Stratabound,Metamorphic Terrain,2.477,0.846,0.883,379.57,4.15,200.94,0.4869,0.0622,0.1817,0.0821,1,1
GRID_1579,21.61603,80.238298,Other Metasedimentary,Phyllite,Phyllite,Stratiform/Stratabound,Metamorphic Terrain,7.25,1.05,1.849,462.96,0.2,277.32,0.7284,0.5373,0.2087,0.1777,1,1
GRID_1580,21.564693,79.889597,Granite,Granite,Granite,Other,Mixed Terrain,1.99,1.785,0.982,379.17,7.28,258.63,0.39,0.12,0.308,0.1709,0,1
GRID_1581,21.297155,79.876453,Sausar Group,Schist,Schist,Stratiform/Stratabound,Metamorphic Terrain,3.328,0.918,0.35,481.91,6.65,267.02,0.4744,0.2748,0.3851,0.1561,1,1
GRID_1582,21.43227,80.373523,Granite,Granite,Granite,Other,Mixed Terrain,2.769,0.742,0.799,528.81,9.8,100.5,0.4404,0.1831,0.3176,0.1895,0,1
GRID_1583,21.605305,79.705965,Other Metasedimentary,Quartzite,Quartzite,Stratiform/Stratabound,Metamorphic Terrain,3.542,0.352,1.157,427.69,10.6,26.55,0.4245,0.1451,0.2241,0.1309,1,1
GRID_1584,21.522252,80.403713,Alluvium,Alluvium,Alluvium,Other,Mixed Terrain,1.493,1.035,2.4,378.5,4.69,53.63,0.6586,0.3441,0.1413,0.2679,0,1
GRID_1585,21.939618,79.769527,Granite,Granite,Granite,Other,Mixed Terrain,1.422,1.609,0.942,368.83,18.88,343.98,0.3857,0.1163,0.2891,0.1811,0,1
GRID_1586,21.215974,79.659526,Sausar Group,Quartzite,Quartzite,Stratiform/Stratabound,Metamorphic Terrain,7.483,1.566,1.27,399.03,7.19,220.87,0.02,0.1377,0.1684,0.1338,1,1
GRID_1587,21.690873,79.835586,Granite,Granite,Granite,Other,Mixed Terrain,2.566,1.926,1.557,393.09,1.25,262.04,0.2896,0.3725,0.2141,0.0965,0,1
GRID_1588,21.443671,80.267426,Granite,Granite,Granite,Other,Mixed Terrain,2.064,2.454,1.228,503.44,14.33,323.66,0.4471,0.1261,0.3531,0.1828,1,1
GRID_1589,21.46397,79.376403,Other Metasedimentary,Schist,Schist,Stratiform/Stratabound,Metamorphic Terrain,1.547,2.517,0.501,380.15,10.91,306.99,0.4129,-0.0168,0.3593,0.2351,0,1
GRID_1590,21.709958,79.474987,Gneiss,Gneiss,Gneiss,Other,Mixed Terrain,3.9,1.547,2.827,415.06,9.64,78.62,0.3933,0.0221,0.2525,0.2014,1,1
GRID_1591,21.688571,80.532023,Sausar Group,Mica Schist,Mica Schist,Stratiform/Stratabound,Metamorphic Terrain,4.427,3.181,2.728,496.28,6.26,20.9,0.3484,0.252,0.3259,0.2991,0,1
GRID_1592,21.942568,79.445688,Granite,Granite,Granite,Other,Mixed Terrain,1.443,0.625,1.183,401.95,8.18,333.05,0.4438,0.0818,0.3234,0.3004,0,1
GRID_1593,21.209135,79.994818,Sausar Group,Quartzite,Quartzite,Stratiform/Stratabound,Metamorphic Terrain,2.532,3.395,0.496,392.24,0.2,353.4,0.7588,0.3382,0.286,0.1032,1,1
GRID_1594,21.188493,80.01104,Other Metasedimentary,Phyllite,Phyllite,Stratiform/Stratabound,Metamorphic Terrain,6.681,5.542,0.309,504.06,6.92,204.24,0.3778,0.1829,0.221,0.0906,1,1
GRID_1595,21.715688,79.885474,Granite,Granite,Granite,Other,Mixed Terrain,1.85,2.539,0.877,528.6,17.83,319.82,0.7761,0.2867,0.2011,0.1338,0,1
GRID_1596,21.591629,80.102643,Granite,Granite,Granite,Other,Mixed Terrain,1.158,0.395,1.086,433.26,4.18,83.45,0.5055,0.2295,0.2431,0.2223,1,1
GRID_1597,21.333037,79.521757,Granite,Granite,Granite,Other,Mixed Terrain,3.387,0.962,1.909,571.16,8.71,39.97,0.3227,0.3284,0.1502,0.2034,0,1
GRID_1598,21.167506,79.973727,Gneiss,Gneiss,Gneiss,Other,Mixed Terrain,2.661,0.906,2.194,444.09,1.26,179.93,0.5687,0.4437,0.2066,0.2406,0,1
GRID_1599,21.17281,79.721043,Gneiss,Gneiss,Gneiss,Other,Mixed Terrain,1.563,1.542,2.383,504.49,5.92,292.03,0.0405,0.2591,0.2819,0.1179,0,1
GRID_1600,21.860062,80.126334,Alluvium,Alluvium,Alluvium,Other,Mixed Terrain,4.869,3.177,0.912,596.18,2.94,235.68,0.4276,0.2522,0.1959,0.0736,0,1
GRID_1601,21.263087,79.397713,Sausar Group,Marble,Marble,Stratiform/Stratabound,Metamorphic Terrain,1.556,0.707,0.871,376.56,9.71,229.44,0.513,0.3357,0.3481,0.1445,1,1
GRID_1602,21.374866,79.999228,Sausar Group,Schist,Schist,Stratiform/Stratabound,Metamorphic Terrain,1.586,4.557,1.58,385.69,8.86,6.29,0.515,0.1011,0.2572,0.2152,0,1
GRID_1603,21.292658,79.459378,Sausar Group,Quartzite,Quartzite,Stratiform/Stratabound,Metamorphic Terrain,1.345,2.806,0.508,497.95,2.79,114.3,0.5319,0.2558,0.2948,0.1897,1,1
GRID_1604,21.401747,79.5901,Gneiss,Gneiss,Gneiss,Other,Mixed Terrain,1.124,2.369,2.193,416.35,8.35,338.22,0.546,0.0509,0.2251,0.2547,0,1
GRID_1605,21.15901,79.506194,Sausar Group,Marble,Marble,Stratiform/Stratabound,Metamorphic Terrain,0.608,0.629,1.297,350.02,8.5,48.34,0.4776,0.0738,0.2842,0.1373,1,1
GRID_1606,21.541201,79.455973,Gneiss,Gneiss,Gneiss,Other,Mixed Terrain,0.421,5.898,1.605,400.32,8.7,261.49,0.5457,0.1134,0.161,0.2397,0,1
GRID_1607,21.157471,80.355995,Other Metasedimentary,Phyllite,Phyllite,Stratiform/Stratabound,Metamorphic Terrain,1.299,5.946,0.088,309.75,11.42,273.35,0.3404,0.3576,0.2696,0.1436,0,1
GRID_1608,21.780303,79.599991,Other Metasedimentary,Phyllite,Phyllite,Stratiform/Stratabound,Metamorphic Terrain,3.601,0.999,0.244,432.09,14.26,263.82,0.6182,0.1604,0.2762,0.2267,1,1
GRID_1609,21.298655,80.497973,Granite,Granite,Granite,Other,Mixed Terrain,2.07,0.879,0.387,443.86,5.54,356.14,0.3564,0.0707,0.3298,0.2257,0,1
GRID_1610,21.55901,80.557897,Granite,Granite,Granite,Other,Mixed Terrain,5.683,1.341,0.078,522.22,6.77,147.31,0.6151,0.2863,0.0995,0.2745,0,1
GRID_1611,21.848067,79.999765,Sausar Group,Schist,Schist,Stratiform/Stratabound,Metamorphic Terrain,1.765,2.173,0.821,530.34,7.31,245.59,0.4268,-0.0506,0.193,0.0997,1,1
GRID_1612,21.653246,79.400202,Gneiss,Gneiss,Gneiss,Other,Mixed Terrain,3.279,0.372,0.859,403.03,2.79,69.72,0.4649,-0.082,0.1154,0.263,0,1
GRID_1613,21.553014,79.724368,Other Metasedimentary,Schist,Schist,Stratiform/Stratabound,Metamorphic Terrain,0.344,0.671,0.605,609.15,3.97,143.9,0.5711,0.1446,0.1812,0.2068,1,1
GRID_1614,21.375684,80.316825,Sausar Group,Mica Schist,Mica Schist,Stratiform/Stratabound,Metamorphic Terrain,0.641,2.371,3.034,338.72,10.25,176.96,0.671,0.1424,0.2325,0.1836,1,1
GRID_1615,21.383052,79.714347,Granite,Granite,Granite,Other,Mixed Terrain,0.775,3.482,3.402,310.99,15.7,77.34,0.4365,0.3261,0.2813,0.172,0,1
GRID_1616,21.669064,79.321824,Other Metasedimentary,Phyllite,Phyllite,Stratiform/Stratabound,Metamorphic Terrain,1.264,2.571,0.854,324.42,3.84,326.45,0.4646,0.3481,0.3973,0.1756,1,1
GRID_1617,21.945018,79.979499,Other Metasedimentary,Phyllite,Phyllite,Stratiform/Stratabound,Metamorphic Terrain,4.484,3.259,1.107,330.44,17.17,257.83,0.02,0.1658,0.3345,0.1824,0,1
GRID_1618,21.662563,80.383169,Sausar Group,Mica Schist,Mica Schist,Stratiform/Stratabound,Metamorphic Terrain,2.25,3.462,1.568,494.44,5.73,102.15,0.2909,0.1509,0.2059,0.0835,0,1
GRID_1619,21.574116,80.314297,Gneiss,Gneiss,Gneiss,Other,Mixed Terrain,3.336,3.618,5.284,572.98,12.85,48.58,0.1882,0.0713,0.2905,0.1946,1,1
GRID_1620,21.721053,79.445172,Sausar Group,Quartzite,Quartzite,Stratiform/Stratabound,Metamorphic Terrain,1.787,2.438,3.016,576.48,9.72,103.63,0.3651,0.1646,0.3258,0.1891,1,1
GRID_1621,21.495425,80.14187,Sausar Group,Quartzite,Quartzite,Stratiform/Stratabound,Metamorphic Terrain,3.247,1.179,2.285,269.81,8.78,224.27,0.3231,-0.178,0.233,0.1405,1,1
GRID_1622,21.151121,79.508706,Other Metasedimentary,Quartzite,Quartzite,Stratiform/Stratabound,Metamorphic Terrain,0.593,0.211,0.945,502.83,6.29,297.51,0.3034,0.1168,0.2356,0.182,1,1
GRID_1623,21.577952,79.505491,Other Metasedimentary,Schist,Schist,Stratiform/Stratabound,Metamorphic Terrain,2.613,4.14,0.361,559.8,8.06,181.14,0.2646,0.1687,0.2239,0.2462,1,1
GRID_1624,21.913981,80.4237,Alluvium,Alluvium,Alluvium,Other,Mixed Terrain,0.278,2.074,0.921,514.82,5.16,36.9,0.5141,0.0701,0.2738,0.1431,0,1
GRID_1625,21.249008,79.549537,Sausar Group,Marble,Marble,Stratiform/Stratabound,Metamorphic Terrain,1.802,2.056,0.515,376.16,11.78,89.75,0.1436,0.0899,0.269,0.1117,1,1
GRID_1626,21.686504,79.568546,Other Metasedimentary,Schist,Schist,Stratiform/Stratabound,Metamorphic Terrain,1.434,3.581,0.835,444.31,12.47,124.25,0.2554,0.1382,0.2499,0.1366,1,1
GRID_1627,21.270794,79.200915,Granite,Granite,Granite,Other,Mixed Terrain,3.257,0.487,0.242,349.12,5.4,229.01,0.4353,0.1791,0.3616,0.0548,0,1
GRID_1628,21.555454,80.418937,Granite,Granite,Granite,Other,Mixed Terrain,0.503,2.171,1.933,493.53,1.44,88.79,0.5852,0.3008,0.3102,0.2874,0,1
GRID_1629,21.182175,80.309633,Gneiss,Gneiss,Gneiss,Other,Mixed Terrain,0.886,1.138,1.654,305.59,6.69,84.21,0.2812,0.2397,0.1266,0.1301,0,1
GRID_1630,21.482815,80.078261,Sausar Group,Marble,Marble,Stratiform/Stratabound,Metamorphic Terrain,4.84,1.953,0.604,488.26,15.95,103.03,0.5981,0.3034,0.1141,0.2558,1,1
GRID_1631,21.742739,80.250372,Alluvium,Alluvium,Alluvium,Other,Mixed Terrain,1.461,5.233,3.516,369.64,8.93,213.31,0.02,0.2602,0.2692,0.1056,0,1
GRID_1632,21.395436,79.412868,Gneiss,Gneiss,Gneiss,Other,Mixed Terrain,0.678,1.335,0.257,460.87,12.61,177.35,0.4303,0.1961,0.2329,0.1429,1,1
GRID_1633,21.665175,79.841653,Sausar Group,Quartzite,Quartzite,Stratiform/Stratabound,Metamorphic Terrain,2.767,2.263,0.174,408.45,4.29,302.99,0.479,0.4924,0.1175,0.1838,1,1
GRID_1634,21.776132,79.691707,Sausar Group,Quartzite,Quartzite,Stratiform/Stratabound,Metamorphic Terrain,1.533,1.987,1.036,399.37,6.06,251.26,0.2719,0.0797,0.107,0.2186,1,1
GRID_1635,21.888101,79.331287,Sausar Group,Mica Schist,Mica Schist,Stratiform/Stratabound,Metamorphic Terrain,2.616,3.289,0.882,510.48,6.76,240.06,0.2204,0.0522,0.2226,0.1758,1,1
GRID_1636,21.299446,79.880583,Sausar Group,Quartzite,Quartzite,Stratiform/Stratabound,Metamorphic Terrain,1.174,2.696,1.608,559.75,3.32,55.67,0.4503,0.1586,0.258,0.0876,0,1
GRID_1637,21.439419,80.489036,Gneiss,Gneiss,Gneiss,Other,Mixed Terrain,7.778,0.792,2.636,356.48,8.67,19.88,0.4243,0.1716,0.2606,0.1767,0,1
GRID_1638,21.229554,79.256083,Other Metasedimentary,Quartzite,Quartzite,Stratiform/Stratabound,Metamorphic Terrain,1.872,4.761,2.84,445.86,4.73,183.6,0.3002,0.1993,0.1976,0.2556,1,1
GRID_1639,21.943611,79.608045,Sausar Group,Mica Schist,Mica Schist,Stratiform/Stratabound,Metamorphic Terrain,2.814,1.983,1.014,337.65,11.8,25.79,0.3838,0.0464,0.201,0.1995,1,1
GRID_1640,21.887951,79.490557,Sausar Group,Mica Schist,Mica Schist,Stratiform/Stratabound,Metamorphic Terrain,2.3,0.791,0.929,390.86,8.36,131.05,0.3337,0.454,0.2048,0.3129,1,1
GRID_1641,21.558964,79.533405,Gneiss,Gneiss,Gneiss,Other,Mixed Terrain,0.444,0.581,1.871,368.22,13.92,9.4,0.6301,0.1317,0.2745,0.1903,0,1
GRID_1642,21.815728,80.471808,Other Metasedimentary,Phyllite,Phyllite,Stratiform/Stratabound,Metamorphic Terrain,0.954,2.957,0.514,322.97,1.29,63.65,0.5388,0.0451,0.1329,0.2408,0,1
GRID_1643,21.542814,79.855297,Sausar Group,Quartzite,Quartzite,Stratiform/Stratabound,Metamorphic Terrain,0.432,4.046,0.511,520.04,5.88,39.73,0.461,0.217,0.2414,0.2115,1,1
GRID_1644,21.630048,79.852819,Granite,Granite,Granite,Other,Mixed Terrain,0.538,3.455,2.198,438.79,6.37,288.35,0.732,0.3334,0.3113,0.142,0,1
GRID_1645,21.175756,80.264806,Gneiss,Gneiss,Gneiss,Other,Mixed Terrain,6.653,1.576,0.177,383.53,9.85,124.61,0.5956,0.4055,0.2154,0.1763,0,1
GRID_1646,21.74198,79.416289,Sausar Group,Marble,Marble,Stratiform/Stratabound,Metamorphic Terrain,2.865,1.663,1.459,425.05,6.31,28.38,0.629,-0.1558,0.2512,0.2468,1,1
GRID_1647,21.208556,79.882171,Sausar Group,Marble,Marble,Stratiform/Stratabound,Metamorphic Terrain,5.508,2.795,0.82,531.69,14.89,95.57,0.683,0.2874,0.2691,0.1592,0,1
GRID_1648,21.802157,79.801979,Alluvium,Alluvium,Alluvium,Other,Mixed Terrain,2.686,0.779,0.767,517.35,7.26,245.81,0.405,0.426,0.1939,0.204,0,1
GRID_1649,21.764724,80.035675,Gneiss,Gneiss,Gneiss,Other,Mixed Terrain,4.879,4.055,1.354,477.46,4.38,268.43,0.2352,0.0967,0.2329,0.1427,0,1
GRID_1650,21.702433,80.599381,Gneiss,Gneiss,Gneiss,Other,Mixed Terrain,1.036,3.052,1.698,373.1,7.36,43.15,0.1446,0.1476,0.149,0.2357,1,1
GRID_1651,21.130736,80.277228,Alluvium,Alluvium,Alluvium,Other,Mixed Terrain,1.391,1.056,0.333,440.14,6.7,280.28,0.5483,0.0472,0.274,0.185,0,1
GRID_1652,21.357659,79.757012,Gneiss,Gneiss,Gneiss,Other,Mixed Terrain,3.177,1.916,1.09,337.27,11.71,133.4,0.2754,0.1017,0.2514,0.2319,0,1
GRID_1653,21.323646,80.358574,Sausar Group,Schist,Schist,Stratiform/Stratabound,Metamorphic Terrain,0.945,1.762,1.891,422.58,6.35,244.58,0.85,0.0309,0.3216,0.2547,1,1
GRID_1654,21.406116,79.438992,Granite,Granite,Granite,Other,Mixed Terrain,6.862,1.223,1.27,513.13,1.92,241.74,0.2952,0.3109,0.3014,0.2203,0,1
GRID_1655,21.174496,79.242649,Sausar Group,Quartzite,Quartzite,Stratiform/Stratabound,Metamorphic Terrain,2.093,3.852,2.19,528.87,8.71,285.69,0.2676,0.1651,0.3227,0.1692,1,1
GRID_1656,21.896414,79.486228,Sausar Group,Quartzite,Quartzite,Stratiform/Stratabound,Metamorphic Terrain,5.398,0.261,1.137,375.36,5.4,250.99,0.5544,-0.2405,0.326,0.1703,1,1
GRID_1657,21.570732,79.676576,Gneiss,Gneiss,Gneiss,Other,Mixed Terrain,1.189,3.255,1.027,500.77,3.38,13.99,0.5578,0.0956,0.1893,0.0537,0,1
GRID_1658,21.359696,79.914813,Other Metasedimentary,Schist,Schist,Stratiform/Stratabound,Metamorphic Terrain,1.782,3.78,0.338,483.31,8.09,187.01,0.7175,0.0833,0.2736,0.2057,1,1
GRID_1659,21.437434,80.061181,Other Metasedimentary,Phyllite,Phyllite,Stratiform/Stratabound,Metamorphic Terrain,1.284,1.917,5.616,409.55,7.47,59.83,0.3901,0.2998,0.2872,0.243,1,1
GRID_1660,21.480122,80.474848,Gneiss,Gneiss,Gneiss,Other,Mixed Terrain,6.111,0.11,1.492,493.42,7.12,349.19,0.6156,0.1705,0.1963,0.1057,0,1
GRID_1661,21.610505,79.913796,Sausar Group,Quartzite,Quartzite,Stratiform/Stratabound,Metamorphic Terrain,0.533,0.599,1.296,534.23,9.04,92.1,0.404,0.1668,0.3263,0.1706,1,1
GRID_1662,21.538328,79.901786,Sausar Group,Marble,Marble,Stratiform/Stratabound,Metamorphic Terrain,5.209,1.056,2.112,502.31,5.68,151.24,0.5173,0.27,0.2324,0.1694,0,1
GRID_1663,21.881483,79.27034,Other Metasedimentary,Schist,Schist,Stratiform/Stratabound,Metamorphic Terrain,3.745,2.109,1.172,340.44,8.46,70.81,0.3958,0.3281,0.2848,0.2078,1,1
GRID_1664,21.522419,79.248876,Gneiss,Gneiss,Gneiss,Other,Mixed Terrain,0.589,3.61,1.191,406.36,5.64,48.45,0.7362,0.2175,0.3172,0.1888,0,1
GRID_1665,21.943334,79.971624,Gneiss,Gneiss,Gneiss,Other,Mixed Terrain,3.68,0.713,0.533,463.97,11.29,216.33,0.7928,0.0884,0.27,0.1253,1,1
GRID_1666,21.823711,79.81345,Alluvium,Alluvium,Alluvium,Other,Mixed Terrain,1.74,2.059,0.374,361.7,7.9,177.54,0.2396,-0.0307,0.367,0.2767,0,1
GRID_1667,21.277234,80.374853,Alluvium,Alluvium,Alluvium,Other,Mixed Terrain,1.302,0.357,0.405,562.43,15.0,134.88,0.6343,0.383,0.4093,0.0799,0,1
GRID_1668,21.891006,79.424951,Other Metasedimentary,Phyllite,Phyllite,Stratiform/Stratabound,Metamorphic Terrain,1.619,4.318,2.577,456.64,6.02,30.75,0.2812,0.6545,0.2413,0.1436,0,1
GRID_1669,21.198911,79.23496,Sausar Group,Quartzite,Quartzite,Stratiform/Stratabound,Metamorphic Terrain,0.746,0.652,0.122,391.45,9.43,264.95,0.6159,0.1974,0.307,0.1001,1,1
GRID_1670,21.794832,79.828654,Alluvium,Alluvium,Alluvium,Other,Mixed Terrain,0.138,1.783,0.905,386.13,12.52,2.11,0.6924,0.2243,0.4058,0.2013,0,1
GRID_1671,21.42353,79.53247,Other Metasedimentary,Phyllite,Phyllite,Stratiform/Stratabound,Metamorphic Terrain,7.807,2.03,2.986,370.91,10.14,164.76,0.2761,0.3906,0.1968,0.2079,0,1
GRID_1672,21.846278,79.26946,Sausar Group,Marble,Marble,Stratiform/Stratabound,Metamorphic Terrain,2.71,2.037,0.215,490.0,8.56,227.73,0.2344,-0.0598,0.05,0.173,1,1
GRID_1673,21.837848,80.214438,Gneiss,Gneiss,Gneiss,Other,Mixed Terrain,8.176,0.645,2.989,500.11,9.34,155.06,0.3508,0.3136,0.3075,0.1072,1,1
GRID_1674,21.785037,79.35623,Sausar Group,Mica Schist,Mica Schist,Stratiform/Stratabound,Metamorphic Terrain,0.91,1.395,0.503,373.57,10.03,45.44,0.6169,0.2326,0.213,0.124,0,1
GRID_1675,21.771526,80.051647,Other Metasedimentary,Quartzite,Quartzite,Stratiform/Stratabound,Metamorphic Terrain,2.008,0.687,3.204,554.89,9.19,280.17,0.5061,0.0723,0.1558,0.2335,1,1
GRID_1676,21.358977,79.59347,Sausar Group,Quartzite,Quartzite,Stratiform/Stratabound,Metamorphic Terrain,0.575,1.943,2.891,397.11,7.94,116.62,0.3903,0.1072,0.1901,0.1752,0,1
GRID_1677,21.168781,79.442894,Gneiss,Gneiss,Gneiss,Other,Mixed Terrain,3.566,0.964,0.698,362.26,10.95,48.51,0.5454,-0.0042,0.1308,0.1527,0,1
GRID_1678,21.442533,79.731652,Sausar Group,Marble,Marble,Stratiform/Stratabound,Metamorphic Terrain,2.33,1.703,0.25,470.57,7.66,198.1,0.3833,0.3375,0.3589,0.1382,1,1
GRID_1679,21.247496,80.322024,Alluvium,Alluvium,Alluvium,Other,Mixed Terrain,1.509,2.311,1.738,328.03,4.06,6.9,0.4511,0.0344,0.3418,0.1728,1,1
GRID_1680,21.690708,79.748931,Sausar Group,Marble,Marble,Stratiform/Stratabound,Metamorphic Terrain,0.523,1.595,0.438,313.97,16.23,116.66,0.5172,0.2377,0.2239,0.2142,1,1
GRID_1681,21.394185,80.251078,Sausar Group,Schist,Schist,Stratiform/Stratabound,Metamorphic Terrain,2.603,1.408,0.648,348.97,11.51,270.23,0.5064,-0.0477,0.2299,0.1653,1,1
GRID_1682,21.929269,79.375681,Granite,Granite,Granite,Other,Mixed Terrain,5.708,1.005,0.454,363.25,4.35,328.58,0.7005,0.3752,0.2537,0.206,0,1
GRID_1683,21.644826,80.28188,Other Metasedimentary,Quartzite,Quartzite,Stratiform/Stratabound,Metamorphic Terrain,3.217,1.632,0.341,493.71,7.02,213.02,0.2376,0.1513,0.3571,0.0862,1,1
GRID_1684,21.799108,79.531707,Sausar Group,Marble,Marble,Stratiform/Stratabound,Metamorphic Terrain,5.548,0.771,0.425,319.82,5.72,78.34,0.5815,0.3301,0.1658,0.2481,0,1
GRID_1685,21.212646,80.14835,Sausar Group,Mica Schist,Mica Schist,Stratiform/Stratabound,Metamorphic Terrain,6.865,2.552,0.611,461.35,6.01,79.2,0.2795,0.1503,0.2284,0.1777,1,1
GRID_1686,21.832712,79.992094,Alluvium,Alluvium,Alluvium,Other,Mixed Terrain,2.452,2.043,1.723,501.53,11.47,217.39,0.3652,0.095,0.3273,0.1212,0,1
GRID_1687,21.884344,80.500803,Granite,Granite,Granite,Other,Mixed Terrain,1.359,1.815,2.293,552.8,6.67,146.43,0.4045,-0.0077,0.2166,0.2065,0,1
GRID_1688,21.514003,79.742252,Other Metasedimentary,Quartzite,Quartzite,Stratiform/Stratabound,Metamorphic Terrain,3.716,4.62,1.116,388.19,15.66,63.82,0.3623,0.3275,0.1815,0.1909,0,1
GRID_1689,21.615315,79.292631,Sausar Group,Mica Schist,Mica Schist,Stratiform/Stratabound,Metamorphic Terrain,3.641,0.554,1.004,394.92,0.93,283.46,0.2148,0.1291,0.2516,0.1126,1,1
GRID_1690,21.750088,79.226818,Gneiss,Gneiss,Gneiss,Other,Mixed Terrain,3.037,2.552,1.033,603.1,7.88,72.09,0.3579,0.2216,0.1152,0.1727,0,1
GRID_1691,21.248613,80.357602,Sausar Group,Schist,Schist,Stratiform/Stratabound,Metamorphic Terrain,3.992,1.576,1.769,545.02,2.67,115.79,0.4736,0.0809,0.266,0.1489,1,1
GRID_1692,21.527181,79.93463,Sausar Group,Marble,Marble,Stratiform/Stratabound,Metamorphic Terrain,1.397,2.196,0.335,406.66,9.31,22.11,0.4085,0.1776,0.2223,0.1039,1,1
GRID_1693,21.438864,80.285342,Gneiss,Gneiss,Gneiss,Other,Mixed Terrain,1.315,1.176,2.208,527.47,9.79,252.49,0.6656,0.2088,0.2845,0.1547,0,1
GRID_1694,21.224418,79.528196,Gneiss,Gneiss,Gneiss,Other,Mixed Terrain,4.974,1.611,2.544,451.04,11.6,99.1,0.4127,-0.0658,0.1914,0.1173,0,1
GRID_1695,21.412404,79.683117,Alluvium,Alluvium,Alluvium,Other,Mixed Terrain,1.72,1.139,0.335,431.39,3.09,83.83,0.4324,0.0845,0.2717,0.1066,0,1
GRID_1696,21.157946,79.242145,Sausar Group,Marble,Marble,Stratiform/Stratabound,Metamorphic Terrain,3.335,0.558,1.588,641.08,9.73,109.21,0.4592,0.4005,0.2548,0.2098,1,1
GRID_1697,21.12194,80.546089,Granite,Granite,Granite,Other,Mixed Terrain,2.549,4.828,0.348,521.36,4.51,314.69,0.4087,0.0656,0.1573,0.1983,0,1
GRID_1698,21.214891,80.135015,Granite,Granite,Granite,Other,Mixed Terrain,2.102,0.231,1.445,590.38,8.38,186.49,0.5064,0.3063,0.1739,0.1646,1,1
GRID_1699,21.918648,80.506487,Other Metasedimentary,Phyllite,Phyllite,Stratiform/Stratabound,Metamorphic Terrain,3.828,0.632,5.476,339.71,6.23,56.84,0.3471,0.2257,0.3261,0.0455,1,1
GRID_1700,21.5671,79.571695,Sausar Group,Quartzite,Quartzite,Stratiform/Stratabound,Metamorphic Terrain,3.144,3.967,0.268,582.8,2.94,278.81,0.2434,0.2516,0.307,0.1757,1,1
GRID_1701,21.920949,80.056049,Sausar Group,Mica Schist,Mica Schist,Stratiform/Stratabound,Metamorphic Terrain,1.822,1.735,0.059,416.71,10.89,75.04,0.4185,0.2687,0.1189,0.2256,1,1
GRID_1702,21.467623,80.1499,Granite,Granite,Granite,Other,Mixed Terrain,4.835,0.695,4.233,415.61,6.97,148.49,0.4916,0.1828,0.2095,0.2527,0,1
GRID_1703,21.365044,79.64457,Gneiss,Gneiss,Gneiss,Other,Mixed Terrain,2.519,1.442,0.862,463.14,11.43,204.51,0.4561,0.1003,0.2621,0.2411,0,1
GRID_1704,21.530221,80.387353,Sausar Group,Schist,Schist,Stratiform/Stratabound,Metamorphic Terrain,3.355,4.628,0.829,473.55,11.72,210.4,0.2878,0.0757,0.2773,0.1086,1,1
GRID_1705,21.473585,80.526026,Other Metasedimentary,Quartzite,Quartzite,Stratiform/Stratabound,Metamorphic Terrain,0.845,1.721,2.196,519.68,13.25,24.85,0.4557,0.1337,0.2592,0.1333,1,1
GRID_1706,21.189815,80.438797,Sausar Group,Marble,Marble,Stratiform/Stratabound,Metamorphic Terrain,0.792,1.534,0.969,505.1,5.97,301.25,0.5386,0.3551,0.2665,0.17,0,1
GRID_1707,21.644702,80.234694,Other Metasedimentary,Schist,Schist,Stratiform/Stratabound,Metamorphic Terrain,0.549,1.316,0.206,374.48,4.28,172.6,0.4624,-0.0098,0.2148,0.1754,0,1
GRID_1708,21.283632,79.588451,Sausar Group,Marble,Marble,Stratiform/Stratabound,Metamorphic Terrain,2.284,0.585,0.731,345.3,12.8,356.13,0.3164,0.1364,0.2522,0.1818,1,1
GRID_1709,21.62665,79.594262,Gneiss,Gneiss,Gneiss,Other,Mixed Terrain,0.881,2.162,0.646,413.74,8.41,258.28,0.4423,-0.032,0.1714,0.2472,0,1
GRID_1710,21.652671,80.548704,Other Metasedimentary,Phyllite,Phyllite,Stratiform/Stratabound,Metamorphic Terrain,2.171,0.84,0.78,428.86,13.4,357.32,0.7024,0.0985,0.2143,0.1917,1,1
GRID_1711,21.229221,79.214398,Sausar Group,Quartzite,Quartzite,Stratiform/Stratabound,Metamorphic Terrain,6.128,1.025,0.021,437.57,3.27,163.25,0.2639,0.1626,0.0941,0.2528,1,1
GRID_1712,21.152147,80.20247,Other Metasedimentary,Phyllite,Phyllite,Stratiform/Stratabound,Metamorphic Terrain,1.106,3.146,0.872,546.19,10.75,50.68,0.6053,0.3753,0.166,0.1336,1,1
GRID_1713,21.763647,80.188745,Granite,Granite,Granite,Other,Mixed Terrain,2.589,3.516,0.381,445.68,8.17,261.83,0.0712,0.3905,0.1784,0.1566,1,1
GRID_1714,21.49083,80.071765,Other Metasedimentary,Schist,Schist,Stratiform/Stratabound,Metamorphic Terrain,2.344,0.252,0.654,654.15,7.83,279.99,0.3428,-0.0716,0.1819,0.1545,1,1
GRID_1715,21.149439,80.586152,Gneiss,Gneiss,Gneiss,Other,Mixed Terrain,0.484,2.899,0.931,552.89,6.71,307.02,0.3611,-0.0316,0.291,0.1766,0,1
GRID_1716,21.945636,79.636631,Sausar Group,Marble,Marble,Stratiform/Stratabound,Metamorphic Terrain,1.055,2.059,0.112,404.38,3.56,108.52,0.603,0.1568,0.1299,0.0986,1,1
GRID_1717,21.149113,79.675961,Sausar Group,Mica Schist,Mica Schist,Stratiform/Stratabound,Metamorphic Terrain,0.631,3.541,1.112,279.08,10.66,183.85,0.7136,0.2866,0.1953,0.2953,0,1
GRID_1718,21.69078,79.310515,Sausar Group,Marble,Marble,Stratiform/Stratabound,Metamorphic Terrain,2.026,1.765,0.137,632.99,6.43,308.7,0.608,-0.0444,0.2851,0.1858,1,1
GRID_1719,21.936127,79.819917,Sausar Group,Quartzite,Quartzite,Stratiform/Stratabound,Metamorphic Terrain,8.221,1.495,0.517,405.99,8.85,311.31,0.5119,0.1281,0.1473,0.1114,0,1
GRID_1720,21.303303,79.565468,Sausar Group,Schist,Schist,Stratiform/Stratabound,Metamorphic Terrain,1.319,2.112,0.532,508.95,15.73,9.25,0.6,0.325,0.3288,0.1148,1,1
GRID_1721,21.220912,79.680741,Sausar Group,Quartzite,Quartzite,Stratiform/Stratabound,Metamorphic Terrain,1.616,0.54,0.118,373.29,5.85,241.53,0.2136,0.342,0.2525,0.1848,1,1
GRID_1722,21.203177,80.368401,Granite,Granite,Granite,Other,Mixed Terrain,0.797,2.96,0.936,565.88,6.81,216.61,0.573,0.1374,0.2882,0.2155,0,1
GRID_1723,21.357784,80.509678,Alluvium,Alluvium,Alluvium,Other,Mixed Terrain,1.897,1.358,1.869,502.06,7.35,30.0,0.2537,-0.1002,0.1739,0.2364,0,1
GRID_1724,21.185889,79.460026,Sausar Group,Mica Schist,Mica Schist,Stratiform/Stratabound,Metamorphic Terrain,8.172,1.033,1.45,337.6,6.42,334.85,0.3117,0.3269,0.1868,0.1828,1,1
GRID_1725,21.688337,79.721513,Sausar Group,Marble,Marble,Stratiform/Stratabound,Metamorphic Terrain,3.178,0.792,0.945,263.83,6.55,160.33,0.4933,0.0511,0.23,0.2166,1,1
GRID_1726,21.152948,80.500083,Gneiss,Gneiss,Gneiss,Other,Mixed Terrain,1.823,2.523,1.879,446.04,10.79,242.73,0.2323,0.2553,0.2968,0.2004,0,1
GRID_1727,21.533009,79.286532,Sausar Group,Quartzite,Quartzite,Stratiform/Stratabound,Metamorphic Terrain,7.079,3.759,1.469,472.26,13.29,317.81,0.6261,0.0541,0.2947,0.1737,1,1
GRID_1728,21.947192,79.329305,Sausar Group,Quartzite,Quartzite,Stratiform/Stratabound,Metamorphic Terrain,5.131,2.615,0.288,494.83,8.52,46.84,0.4302,0.1941,0.2678,0.1596,1,1
GRID_1729,21.791875,79.427907,Sausar Group,Quartzite,Quartzite,Stratiform/Stratabound,Metamorphic Terrain,0.923,1.782,1.523,363.89,10.96,308.1,0.2218,0.2234,0.2247,0.1816,1,1
GRID_1730,21.622937,80.033298,Other Metasedimentary,Quartzite,Quartzite,Stratiform/Stratabound,Metamorphic Terrain,1.489,1.874,4.373,375.28,7.31,260.75,0.6715,0.3598,0.1861,0.173,1,1
GRID_1731,21.360316,79.410661,Other Metasedimentary,Phyllite,Phyllite,Stratiform/Stratabound,Metamorphic Terrain,0.598,1.431,2.097,269.36,7.21,302.25,0.3879,-0.0171,0.3136,0.1796,1,1
GRID_1732,21.630311,80.555307,Granite,Granite,Granite,Other,Mixed Terrain,2.943,3.713,0.689,383.07,6.4,178.14,0.4038,0.0566,0.2152,0.207,0,1
GRID_1733,21.547985,79.8254,Gneiss,Gneiss,Gneiss,Other,Mixed Terrain,3.469,1.568,1.714,291.35,4.94,12.05,0.3947,0.4059,0.1321,0.2772,0,1
GRID_1734,21.462171,79.902125,Granite,Granite,Granite,Other,Mixed Terrain,1.948,3.469,3.729,369.43,12.95,241.39,0.02,0.2124,0.1727,0.1197,0,1
GRID_1735,21.211104,79.545322,Gneiss,Gneiss,Gneiss,Other,Mixed Terrain,3.952,1.098,2.838,457.89,5.99,134.83,0.6313,0.0596,0.1907,0.1857,0,1
GRID_1736,21.853614,79.859344,Gneiss,Gneiss,Gneiss,Other,Mixed Terrain,2.953,5.387,0.362,456.67,10.44,144.87,0.4345,0.2812,0.216,0.2011,0,1
GRID_1737,21.482317,80.126679,Gneiss,Gneiss,Gneiss,Other,Mixed Terrain,5.546,1.646,1.681,372.71,4.65,158.85,0.4545,0.0401,0.2349,0.1577,0,1
GRID_1738,21.265429,80.251648,Sausar Group,Marble,Marble,Stratiform/Stratabound,Metamorphic Terrain,3.145,2.548,1.22,453.13,8.18,177.45,0.539,0.2074,0.1442,0.2448,0,1
GRID_1739,21.412595,80.255415,Sausar Group,Schist,Schist,Stratiform/Stratabound,Metamorphic Terrain,1.944,0.306,3.666,555.63,8.0,238.3,0.383,0.0842,0.2061,0.1508,1,1
GRID_1740,21.45201,80.009048,Granite,Granite,Granite,Other,Mixed Terrain,2.331,3.191,2.464,406.35,4.68,261.64,0.2506,0.354,0.215,0.2205,1,1
GRID_1741,21.803407,80.466104,Other Metasedimentary,Quartzite,Quartzite,Stratiform/Stratabound,Metamorphic Terrain,2.213,0.645,0.796,321.28,6.61,279.66,0.2811,0.0601,0.2259,0.2556,1,1
GRID_1742,21.723572,80.344371,Gneiss,Gneiss,Gneiss,Other,Mixed Terrain,1.81,4.668,0.7,496.78,3.73,241.78,0.5697,-0.1915,0.1855,0.2039,1,1
GRID_1743,21.753909,80.259867,Other Metasedimentary,Quartzite,Quartzite,Stratiform/Stratabound,Metamorphic Terrain,2.302,1.829,3.913,522.82,8.07,289.25,0.4281,0.1172,0.4131,0.1694,1,1
GRID_1744,21.109377,79.277848,Other Metasedimentary,Schist,Schist,Stratiform/Stratabound,Metamorphic Terrain,1.301,0.681,0.6,370.8,0.96,43.97,0.5909,0.0866,0.2151,0.2088,0,1
GRID_1745,21.453731,79.209629,Sausar Group,Quartzite,Quartzite,Stratiform/Stratabound,Metamorphic Terrain,0.446,1.588,0.307,371.43,7.77,301.25,0.6191,0.1458,0.1983,0.1562,1,1
GRID_1746,21.509143,79.497426,Gneiss,Gneiss,Gneiss,Other,Mixed Terrain,1.17,2.521,2.383,261.42,10.6,139.42,0.572,0.258,0.1631,0.1375,0,1
GRID_1747,21.116313,80.128933,Gneiss,Gneiss,Gneiss,Other,Mixed Terrain,3.191,3.257,1.11,390.83,7.95,190.36,0.631,0.0145,0.2934,0.202,0,1
GRID_1748,21.320841,79.775676,Other Metasedimentary,Schist,Schist,Stratiform/Stratabound,Metamorphic Terrain,2.696,2.94,1.734,351.57,5.2,156.16,0.3161,0.0712,0.1101,0.225,0,1
GRID_1749,21.746246,79.763369,Other Metasedimentary,Phyllite,Phyllite,Stratiform/Stratabound,Metamorphic Terrain,1.847,3.083,1.362,300.55,5.4,171.26,0.5263,0.1792,0.1155,0.1858,0,1
GRID_1750,21.216543,80.438422,Gneiss,Gneiss,Gneiss,Other,Mixed Terrain,0.768,1.012,1.803,398.99,12.83,102.75,0.3552,0.0877,0.2377,0.2135,0,1
GRID_1751,21.555014,80.453788,Sausar Group,Mica Schist,Mica Schist,Stratiform/Stratabound,Metamorphic Terrain,0.338,0.688,0.812,429.58,8.63,61.18,0.2549,0.1891,0.2726,0.3184,1,1
GRID_1752,21.282922,80.472845,Alluvium,Alluvium,Alluvium,Other,Mixed Terrain,2.817,1.234,1.115,414.04,11.38,37.76,0.5037,0.2553,0.2338,0.2532,1,1
GRID_1753,21.110303,79.639429,Sausar Group,Schist,Schist,Stratiform/Stratabound,Metamorphic Terrain,3.01,0.496,1.05,402.47,11.77,162.5,0.5507,0.1819,0.3821,0.1461,1,1
GRID_1754,21.305021,80.167478,Alluvium,Alluvium,Alluvium,Other,Mixed Terrain,2.281,0.365,0.701,559.57,6.22,45.09,0.3749,0.334,0.2036,0.1911,0,1
GRID_1755,21.929493,79.580286,Other Metasedimentary,Quartzite,Quartzite,Stratiform/Stratabound,Metamorphic Terrain,3.794,1.088,2.655,456.13,3.99,88.2,0.4376,0.0472,0.2188,0.1981,1,1
GRID_1756,21.781307,79.466854,Granite,Granite,Granite,Other,Mixed Terrain,1.812,4.904,0.618,485.31,10.58,48.1,0.5425,0.099,0.2372,0.1296,1,1
GRID_1757,21.91564,79.458485,Gneiss,Gneiss,Gneiss,Other,Mixed Terrain,2.652,4.286,0.631,583.9,4.57,39.28,0.3321,0.3891,0.2429,0.2169,0,1
GRID_1758,21.514676,79.678951,Granite,Granite,Granite,Other,Mixed Terrain,0.671,0.518,1.036,513.89,5.64,317.69,0.5597,0.0772,0.2314,0.1347,0,1
GRID_1759,21.193276,79.801941,Granite,Granite,Granite,Other,Mixed Terrain,3.415,1.26,1.684,406.74,8.41,242.65,0.285,0.5231,0.2278,0.2204,1,1
GRID_1760,21.565766,80.363329,Sausar Group,Schist,Schist,Stratiform/Stratabound,Metamorphic Terrain,4.13,2.845,0.812,272.49,7.0,332.55,0.4952,0.3153,0.1486,0.296,1,1
GRID_1761,21.486221,79.367848,Alluvium,Alluvium,Alluvium,Other,Mixed Terrain,1.394,1.695,0.867,398.44,0.2,231.84,0.2366,0.065,0.2882,0.1724,0,1
GRID_1762,21.817704,80.228896,Other Metasedimentary,Phyllite,Phyllite,Stratiform/Stratabound,Metamorphic Terrain,6.861,2.304,3.29,553.71,3.06,303.82,0.6454,0.262,0.3085,0.2062,1,1
GRID_1763,21.18337,79.944037,Other Metasedimentary,Quartzite,Quartzite,Stratiform/Stratabound,Metamorphic Terrain,2.085,0.193,3.791,513.29,12.03,199.91,0.5396,0.2215,0.207,0.1975,1,1
GRID_1764,21.515005,79.603123,Sausar Group,Marble,Marble,Stratiform/Stratabound,Metamorphic Terrain,1.273,2.902,2.209,398.77,7.67,166.55,0.7517,-0.0237,0.2369,0.124,1,1
GRID_1765,21.227541,79.889947,Other Metasedimentary,Phyllite,Phyllite,Stratiform/Stratabound,Metamorphic Terrain,1.796,2.68,0.998,423.28,10.93,190.25,0.2805,0.3962,0.3489,0.1358,1,1
GRID_1766,21.375975,79.619919,Alluvium,Alluvium,Alluvium,Other,Mixed Terrain,2.66,0.203,0.644,440.86,4.75,115.28,0.5365,0.295,0.1873,0.2016,0,1
GRID_1767,21.726754,80.034515,Sausar Group,Schist,Schist,Stratiform/Stratabound,Metamorphic Terrain,7.172,0.773,1.543,377.64,3.55,236.87,0.4269,0.3867,0.2544,0.1879,0,1
GRID_1768,21.504615,79.807381,Sausar Group,Marble,Marble,Stratiform/Stratabound,Metamorphic Terrain,1.489,0.737,0.25,382.73,10.89,322.98,0.1954,0.3266,0.247,0.172,0,1
GRID_1769,21.419505,79.430168,Sausar Group,Quartzite,Quartzite,Stratiform/Stratabound,Metamorphic Terrain,1.992,0.511,0.073,374.84,13.19,281.65,0.4477,0.2289,0.3523,0.2359,1,1
GRID_1770,21.435305,79.363216,Other Metasedimentary,Phyllite,Phyllite,Stratiform/Stratabound,Metamorphic Terrain,2.406,0.311,0.743,471.85,4.51,166.32,0.521,0.3312,0.37,0.208,1,1
GRID_1771,21.49053,79.965374,Gneiss,Gneiss,Gneiss,Other,Mixed Terrain,0.653,0.578,0.703,340.25,12.07,343.41,0.7452,-0.007,0.2957,0.3122,0,1
GRID_1772,21.767264,80.463378,Alluvium,Alluvium,Alluvium,Other,Mixed Terrain,1.475,1.145,1.919,552.56,4.09,354.75,0.3493,0.4577,0.488,0.1243,0,1
GRID_1773,21.858272,79.681541,Sausar Group,Marble,Marble,Stratiform/Stratabound,Metamorphic Terrain,1.783,1.886,1.153,429.47,1.45,177.52,0.5059,0.2843,0.242,0.156,1,1
GRID_1774,21.912034,80.2262,Alluvium,Alluvium,Alluvium,Other,Mixed Terrain,1.614,1.346,1.18,336.01,10.34,311.27,0.4791,-0.0934,0.05,0.2672,0,1
GRID_1775,21.768868,80.122126,Sausar Group,Schist,Schist,Stratiform/Stratabound,Metamorphic Terrain,1.42,4.085,0.331,517.21,4.18,1.72,0.4022,-0.0292,0.2042,0.2813,1,1
GRID_1776,21.368096,80.504177,Granite,Granite,Granite,Other,Mixed Terrain,3.121,0.476,0.728,557.52,3.16,24.0,0.414,0.2203,0.2084,0.1284,0,1
GRID_1777,21.684915,80.349373,Gneiss,Gneiss,Gneiss,Other,Mixed Terrain,2.025,0.208,2.318,696.99,3.25,8.06,0.5494,0.0555,0.3485,0.1566,0,1
GRID_1778,21.471963,79.993247,Sausar Group,Marble,Marble,Stratiform/Stratabound,Metamorphic Terrain,1.418,1.336,1.308,546.52,6.61,278.34,0.4139,0.2528,0.2269,0.1693,0,1
GRID_1779,21.31647,80.119843,Other Metasedimentary,Schist,Schist,Stratiform/Stratabound,Metamorphic Terrain,1.589,0.231,0.845,355.61,1.2,28.72,0.3924,0.042,0.3328,0.2645,1,1
GRID_1780,21.814741,80.457741,Sausar Group,Schist,Schist,Stratiform/Stratabound,Metamorphic Terrain,2.838,0.821,0.969,447.86,10.38,6.14,0.3489,0.0018,0.2963,0.1719,1,1
GRID_1781,21.132662,79.759326,Gneiss,Gneiss,Gneiss,Other,Mixed Terrain,1.43,1.934,1.001,644.94,9.93,53.07,0.1898,0.1044,0.2606,0.1698,0,1
GRID_1782,21.866498,79.657513,Granite,Granite,Granite,Other,Mixed Terrain,3.134,2.223,1.51,363.86,9.92,110.27,0.5794,0.6376,0.2682,0.1641,0,1
GRID_1783,21.492256,79.215136,Gneiss,Gneiss,Gneiss,Other,Mixed Terrain,3.23,0.867,5.539,322.05,12.83,167.29,0.3473,0.0267,0.2599,0.1865,0,1
GRID_1784,21.641621,80.357172,Sausar Group,Quartzite,Quartzite,Stratiform/Stratabound,Metamorphic Terrain,2.082,2.464,0.193,396.85,11.88,23.55,0.6273,0.356,0.3196,0.2006,0,1
GRID_1785,21.660451,80.321373,Sausar Group,Quartzite,Quartzite,Stratiform/Stratabound,Metamorphic Terrain,2.089,0.434,0.419,343.75,4.37,179.63,0.6318,0.0739,0.2225,0.2927,0,1
GRID_1786,21.86085,79.346236,Other Metasedimentary,Quartzite,Quartzite,Stratiform/Stratabound,Metamorphic Terrain,3.064,2.078,0.958,378.36,10.7,89.3,0.8137,0.1676,0.2133,0.2678,1,1
GRID_1787,21.641169,80.0076,Sausar Group,Quartzite,Quartzite,Stratiform/Stratabound,Metamorphic Terrain,3.82,0.3,0.825,373.8,12.44,98.77,0.5011,0.1975,0.2687,0.1151,1,1
GRID_1788,21.621844,79.849574,Other Metasedimentary,Schist,Schist,Stratiform/Stratabound,Metamorphic Terrain,1.601,8.0,1.191,490.86,11.26,295.88,0.5196,0.1713,0.2537,0.1687,0,1
GRID_1789,21.156654,79.366193,Other Metasedimentary,Phyllite,Phyllite,Stratiform/Stratabound,Metamorphic Terrain,3.106,3.443,0.498,319.79,11.56,355.29,0.5279,0.1879,0.2254,0.1812,0,1
GRID_1790,21.540647,80.572796,Sausar Group,Quartzite,Quartzite,Stratiform/Stratabound,Metamorphic Terrain,2.369,0.793,1.646,441.12,7.4,166.99,0.4716,0.2273,0.393,0.1534,1,1
GRID_1791,21.227644,79.500574,Sausar Group,Quartzite,Quartzite,Stratiform/Stratabound,Metamorphic Terrain,0.899,1.711,0.389,364.98,5.41,115.84,0.6188,-0.0291,0.29,0.2402,1,1
GRID_1792,21.726819,79.294128,Gneiss,Gneiss,Gneiss,Other,Mixed Terrain,2.938,0.62,1.016,476.75,7.06,335.32,0.4168,0.1615,0.2009,0.2609,0,1
GRID_1793,21.535389,80.032786,Other Metasedimentary,Quartzite,Quartzite,Stratiform/Stratabound,Metamorphic Terrain,6.238,2.528,2.064,486.0,5.21,180.16,0.5183,0.1722,0.282,0.1512,1,1
GRID_1794,21.678194,80.234413,Other Metasedimentary,Phyllite,Phyllite,Stratiform/Stratabound,Metamorphic Terrain,2.166,3.706,2.778,505.87,12.01,262.93,0.4126,0.2577,0.1741,0.1807,1,1
GRID_1795,21.135422,79.245421,Granite,Granite,Granite,Other,Mixed Terrain,6.485,3.885,0.851,505.86,8.75,148.95,0.2202,0.1406,0.1598,0.2338,1,1
GRID_1796,21.172073,80.122205,Alluvium,Alluvium,Alluvium,Other,Mixed Terrain,0.538,3.714,2.19,377.21,11.29,72.92,0.5491,0.254,0.2961,0.2441,1,1
GRID_1797,21.708875,79.945209,Sausar Group,Quartzite,Quartzite,Stratiform/Stratabound,Metamorphic Terrain,2.771,3.357,0.674,429.63,2.2,235.76,0.02,0.0886,0.1799,0.1498,1,1
GRID_1798,21.161272,79.344571,Other Metasedimentary,Phyllite,Phyllite,Stratiform/Stratabound,Metamorphic Terrain,1.389,2.103,1.229,554.92,6.21,239.34,0.5179,0.1027,0.2429,0.2087,1,1
GRID_1799,21.160568,79.441533,Other Metasedimentary,Schist,Schist,Stratiform/Stratabound,Metamorphic Terrain,2.448,1.704,0.465,467.56,3.9,165.67,0.604,0.2236,0.1672,0.1384,1,1
GRID_1800,21.110292,79.995164,Sausar Group,Schist,Schist,Stratiform/Stratabound,Metamorphic Terrain,0.678,1.385,0.928,505.43,1.5,97.18,0.5241,0.036,0.2197,0.2434,1,1
GRID_1801,21.913026,79.614901,Sausar Group,Schist,Schist,Stratiform/Stratabound,Metamorphic Terrain,5.14,0.874,0.988,326.55,9.2,299.45,0.3037,0.1009,0.2098,0.1363,1,1
GRID_1802,21.726882,80.513642,Sausar Group,Mica Schist,Mica Schist,Stratiform/Stratabound,Metamorphic Terrain,1.026,1.287,2.047,511.06,3.74,99.11,0.6774,0.1107,0.2334,0.1867,1,1
GRID_1803,21.400264,80.346236,Sausar Group,Marble,Marble,Stratiform/Stratabound,Metamorphic Terrain,1.389,1.179,0.594,269.68,6.51,237.25,0.7203,0.1181,0.4015,0.1515,1,1
GRID_1804,21.352055,80.576994,Other Metasedimentary,Quartzite,Quartzite,Stratiform/Stratabound,Metamorphic Terrain,2.33,0.477,0.59,300.03,4.11,138.23,0.5365,0.188,0.3297,0.121,1,1
GRID_1805,21.397248,79.563539,Granite,Granite,Granite,Other,Mixed Terrain,1.112,1.377,1.621,353.55,6.37,170.09,0.7268,0.0553,0.2321,0.1458,0,1
GRID_1806,21.758456,80.557613,Sausar Group,Quartzite,Quartzite,Stratiform/Stratabound,Metamorphic Terrain,1.08,1.488,1.495,466.18,10.36,76.1,0.7692,0.2676,0.2256,0.1593,1,1
GRID_1807,21.662165,79.803727,Granite,Granite,Granite,Other,Mixed Terrain,2.333,0.598,1.805,480.72,4.17,233.81,0.3273,0.142,0.1906,0.2549,0,1
GRID_1808,21.257416,79.686526,Other Metasedimentary,Quartzite,Quartzite,Stratiform/Stratabound,Metamorphic Terrain,2.43,2.996,0.481,360.8,6.19,81.3,0.2842,0.2365,0.1674,0.1517,1,1
GRID_1809,21.247993,79.270489,Gneiss,Gneiss,Gneiss,Other,Mixed Terrain,1.794,2.025,0.181,266.4,10.11,174.86,0.5489,0.0081,0.2296,0.1843,0,1
GRID_1810,21.183636,79.273871,Granite,Granite,Granite,Other,Mixed Terrain,3.472,0.531,1.58,511.05,10.73,118.25,0.02,-0.2201,0.3333,0.1396,0,1
GRID_1811,21.661257,80.168816,Sausar Group,Quartzite,Quartzite,Stratiform/Stratabound,Metamorphic Terrain,1.976,1.945,0.27,479.95,6.42,346.9,0.3946,0.312,0.05,0.2352,1,1
GRID_1812,21.749717,79.841101,Other Metasedimentary,Quartzite,Quartzite,Stratiform/Stratabound,Metamorphic Terrain,0.749,1.087,0.446,466.36,9.18,353.6,0.3245,0.2092,0.3115,0.2434,0,1
GRID_1813,21.325289,79.51713,Other Metasedimentary,Phyllite,Phyllite,Stratiform/Stratabound,Metamorphic Terrain,0.267,1.356,0.918,593.77,11.27,271.26,0.3997,0.2565,0.3203,0.227,1,1
GRID_1814,21.117803,80.059558,Sausar Group,Schist,Schist,Stratiform/Stratabound,Metamorphic Terrain,1.991,1.663,0.35,442.75,3.77,354.21,0.2336,0.3645,0.0907,0.1587,1,1
GRID_1815,21.169846,79.554001,Sausar Group,Quartzite,Quartzite,Stratiform/Stratabound,Metamorphic Terrain,0.695,4.014,1.037,345.69,5.15,40.88,0.4056,0.0485,0.2426,0.1401,1,1
GRID_1816,21.922681,80.008684,Sausar Group,Schist,Schist,Stratiform/Stratabound,Metamorphic Terrain,3.684,1.11,0.929,542.95,6.5,357.24,0.5269,-0.0732,0.2095,0.1247,0,1
GRID_1817,21.351128,79.702892,Sausar Group,Marble,Marble,Stratiform/Stratabound,Metamorphic Terrain,0.05,2.173,0.535,395.36,9.79,37.28,0.7061,0.3169,0.2283,0.2261,0,1
GRID_1818,21.75384,80.352973,Gneiss,Gneiss,Gneiss,Other,Mixed Terrain,3.094,0.94,2.471,421.06,8.75,149.56,0.505,0.2713,0.255,0.1524,0,1
GRID_1819,21.630964,80.348975,Other Metasedimentary,Phyllite,Phyllite,Stratiform/Stratabound,Metamorphic Terrain,0.909,2.907,0.139,384.4,8.26,86.02,0.1461,0.3348,0.2623,0.2311,1,1
GRID_1820,21.424649,79.868291,Granite,Granite,Granite,Other,Mixed Terrain,3.57,2.222,0.507,359.25,3.89,343.38,0.4405,0.4122,0.1441,0.1287,0,1
GRID_1821,21.274834,79.691147,Other Metasedimentary,Quartzite,Quartzite,Stratiform/Stratabound,Metamorphic Terrain,0.866,1.45,1.614,394.17,11.48,228.88,0.6571,0.0157,0.3539,0.1675,1,1
GRID_1822,21.203178,79.707584,Granite,Granite,Granite,Other,Mixed Terrain,7.211,3.629,0.856,559.25,6.0,214.97,0.3968,0.3112,0.2067,0.1527,0,1
GRID_1823,21.622761,80.328,Alluvium,Alluvium,Alluvium,Other,Mixed Terrain,6.992,6.081,0.669,339.35,6.93,359.08,0.5397,0.1445,0.4241,0.1371,0,1
GRID_1824,21.758439,79.659451,Alluvium,Alluvium,Alluvium,Other,Mixed Terrain,4.738,1.454,1.205,520.91,8.78,220.47,0.6241,0.3153,0.174,0.0753,0,1
GRID_1825,21.647319,79.492683,Sausar Group,Marble,Marble,Stratiform/Stratabound,Metamorphic Terrain,3.065,2.209,0.79,272.83,15.89,232.62,0.4576,0.437,0.166,0.1006,1,1
GRID_1826,21.550757,79.318564,Granite,Granite,Granite,Other,Mixed Terrain,0.326,1.703,1.763,566.08,5.44,16.12,0.4874,0.1838,0.2627,0.2477,0,1
GRID_1827,21.135659,79.85337,Gneiss,Gneiss,Gneiss,Other,Mixed Terrain,0.684,8.0,1.902,574.99,5.24,309.26,0.5243,0.0756,0.3029,0.1298,0,1
GRID_1828,21.923215,79.874985,Sausar Group,Schist,Schist,Stratiform/Stratabound,Metamorphic Terrain,1.205,1.474,2.856,342.98,6.5,349.23,0.3635,-0.0098,0.3292,0.2202,1,1
GRID_1829,21.778907,80.377272,Granite,Granite,Granite,Other,Mixed Terrain,0.931,1.036,1.973,436.71,12.64,345.71,0.3973,-0.1355,0.1708,0.1809,0,1
GRID_1830,21.348899,79.509734,Granite,Granite,Granite,Other,Mixed Terrain,3.139,1.126,0.37,484.73,8.6,79.6,0.2895,0.3832,0.2166,0.1593,0,1
GRID_1831,21.932975,79.733388,Other Metasedimentary,Quartzite,Quartzite,Stratiform/Stratabound,Metamorphic Terrain,1.106,3.661,1.846,378.65,9.5,81.33,0.3524,0.392,0.3706,0.1546,1,1
GRID_1832,21.611599,80.331768,Granite,Granite,Granite,Other,Mixed Terrain,3.109,3.135,0.683,590.03,11.23,131.78,0.5598,0.3216,0.2142,0.1751,0,1
GRID_1833,21.595059,80.353073,Other Metasedimentary,Quartzite,Quartzite,Stratiform/Stratabound,Metamorphic Terrain,3.405,2.972,1.311,431.84,12.51,111.68,0.5163,0.138,0.3023,0.22,1,1
GRID_1834,21.735862,79.738456,Granite,Granite,Granite,Other,Mixed Terrain,4.825,3.182,1.527,385.79,5.32,110.02,0.2487,0.2902,0.1074,0.1063,0,1
GRID_1835,21.790004,79.842774,Alluvium,Alluvium,Alluvium,Other,Mixed Terrain,5.913,3.179,0.569,436.7,10.09,217.88,0.2778,0.2228,0.1271,0.176,1,1
GRID_1836,21.658007,79.6246,Gneiss,Gneiss,Gneiss,Other,Mixed Terrain,2.779,2.15,0.889,367.42,12.61,290.02,0.3368,0.0175,0.3076,0.2031,0,1
GRID_1837,21.208881,80.505577,Other Metasedimentary,Schist,Schist,Stratiform/Stratabound,Metamorphic Terrain,5.824,2.162,0.802,431.78,8.82,337.24,0.2044,0.3408,0.2296,0.2247,1,1
GRID_1838,21.387527,79.366101,Granite,Granite,Granite,Other,Mixed Terrain,1.518,1.099,0.704,391.77,4.72,24.43,0.471,0.2514,0.2929,0.2406,0,1
GRID_1839,21.888871,80.507249,Gneiss,Gneiss,Gneiss,Other,Mixed Terrain,2.534,1.402,1.834,363.78,3.94,100.07,0.33,0.2831,0.1961,0.169,0,1
GRID_1840,21.290923,80.157413,Gneiss,Gneiss,Gneiss,Other,Mixed Terrain,5.975,3.237,0.156,497.78,9.81,91.8,0.5126,0.2257,0.1241,0.0959,0,1
GRID_1841,21.416342,79.944201,Granite,Granite,Granite,Other,Mixed Terrain,3.114,0.841,0.477,286.14,3.39,128.68,0.5925,0.1987,0.2465,0.2044,0,1
GRID_1842,21.467265,79.245723,Sausar Group,Quartzite,Quartzite,Stratiform/Stratabound,Metamorphic Terrain,1.152,1.799,1.996,579.84,4.75,152.76,0.1623,0.2295,0.1422,0.1729,1,1
GRID_1843,21.473494,79.865835,Sausar Group,Quartzite,Quartzite,Stratiform/Stratabound,Metamorphic Terrain,2.228,1.172,1.066,449.58,6.04,140.1,0.33,0.1401,0.2488,0.2523,1,1
GRID_1844,21.620999,79.770847,Sausar Group,Schist,Schist,Stratiform/Stratabound,Metamorphic Terrain,7.534,0.742,0.968,587.01,9.12,342.77,0.1827,0.265,0.1724,0.192,1,1
GRID_1845,21.901614,79.425706,Other Metasedimentary,Quartzite,Quartzite,Stratiform/Stratabound,Metamorphic Terrain,0.374,5.855,2.757,511.77,10.33,157.37,0.136,0.4532,0.2857,0.2529,1,1
GRID_1846,21.304589,80.118973,Sausar Group,Quartzite,Quartzite,Stratiform/Stratabound,Metamorphic Terrain,1.652,2.392,1.195,315.81,5.16,198.57,0.5171,0.2448,0.2211,0.1485,1,1
GRID_1847,21.203276,80.559611,Sausar Group,Schist,Schist,Stratiform/Stratabound,Metamorphic Terrain,10.0,0.969,0.883,436.01,2.81,269.51,0.4638,0.3364,0.2189,0.2529,1,1
GRID_1848,21.26785,79.987064,Alluvium,Alluvium,Alluvium,Other,Mixed Terrain,3.472,7.141,1.933,277.41,11.27,261.03,0.3395,0.0147,0.2639,0.1894,0,1
GRID_1849,21.853886,80.200655,Sausar Group,Marble,Marble,Stratiform/Stratabound,Metamorphic Terrain,3.004,0.622,1.814,353.2,10.7,209.87,0.2779,0.2938,0.305,0.2051,1,1
GRID_1850,21.648939,79.295831,Granite,Granite,Granite,Other,Mixed Terrain,1.217,6.121,2.589,418.37,9.88,309.9,0.257,0.2514,0.2528,0.077,1,1
GRID_1851,21.343021,79.784734,Sausar Group,Schist,Schist,Stratiform/Stratabound,Metamorphic Terrain,1.449,2.057,1.884,370.07,9.5,224.71,0.4582,0.3306,0.3648,0.2466,1,1
GRID_1852,21.793555,79.362902,Other Metasedimentary,Quartzite,Quartzite,Stratiform/Stratabound,Metamorphic Terrain,1.427,0.986,0.498,389.5,6.41,314.91,0.3929,0.1206,0.3619,0.169,0,1
GRID_1853,21.832164,80.057914,Other Metasedimentary,Schist,Schist,Stratiform/Stratabound,Metamorphic Terrain,1.966,0.585,2.87,373.3,7.29,109.0,0.2866,0.3179,0.1909,0.2097,1,1
GRID_1854,21.819537,80.513875,Other Metasedimentary,Quartzite,Quartzite,Stratiform/Stratabound,Metamorphic Terrain,4.265,2.967,0.47,619.47,8.3,47.53,0.4968,0.0793,0.1618,0.1603,1,1
GRID_1855,21.881088,80.126489,Granite,Granite,Granite,Other,Mixed Terrain,4.311,4.454,4.21,440.1,4.63,295.03,0.4752,0.3394,0.1544,0.2491,0,1
GRID_1856,21.314405,79.307524,Alluvium,Alluvium,Alluvium,Other,Mixed Terrain,3.298,0.494,2.039,482.99,9.53,137.71,0.2747,0.349,0.3662,0.1936,0,1
GRID_1857,21.741786,79.696533,Sausar Group,Quartzite,Quartzite,Stratiform/Stratabound,Metamorphic Terrain,2.162,0.269,2.5,425.6,8.48,234.39,0.3541,0.0252,0.1547,0.1888,1,1
GRID_1858,21.491459,79.970929,Sausar Group,Schist,Schist,Stratiform/Stratabound,Metamorphic Terrain,0.216,2.2,0.395,458.68,7.46,265.43,0.5677,0.231,0.2128,0.2936,1,1
GRID_1859,21.815699,79.764491,Sausar Group,Quartzite,Quartzite,Stratiform/Stratabound,Metamorphic Terrain,5.395,1.427,1.948,255.29,11.65,117.62,0.5497,0.1492,0.2408,0.04,1,1
GRID_1860,21.719217,80.367102,Gneiss,Gneiss,Gneiss,Other,Mixed Terrain,3.886,2.05,0.392,572.01,7.6,181.86,0.325,0.2482,0.364,0.1554,0,1
GRID_1861,21.75998,80.340539,Granite,Granite,Granite,Other,Mixed Terrain,5.458,1.166,0.874,368.65,10.64,322.17,0.6958,0.1855,0.1483,0.1706,0,1
GRID_1862,21.657738,80.056563,Granite,Granite,Granite,Other,Mixed Terrain,1.245,1.539,0.097,527.39,3.25,316.73,0.402,0.1486,0.3161,0.1303,1,1
GRID_1863,21.250814,79.722841,Sausar Group,Marble,Marble,Stratiform/Stratabound,Metamorphic Terrain,1.477,4.76,0.508,530.7,11.36,269.77,0.5562,0.0985,0.241,0.1999,1,1
GRID_1864,21.563273,79.557471,Granite,Granite,Granite,Other,Mixed Terrain,10.0,2.066,0.264,277.14,10.42,274.59,0.2618,0.3819,0.2311,0.0997,0,1
GRID_1865,21.936969,79.348224,Alluvium,Alluvium,Alluvium,Other,Mixed Terrain,0.447,3.659,0.776,434.77,16.65,323.17,0.4056,0.0762,0.2381,0.1021,0,1
GRID_1866,21.89678,79.696857,Granite,Granite,Granite,Other,Mixed Terrain,3.586,0.686,1.291,464.45,14.4,265.08,0.2835,0.1036,0.1907,0.2062,1,1
GRID_1867,21.136698,79.778442,Alluvium,Alluvium,Alluvium,Other,Mixed Terrain,4.842,0.642,1.1,439.33,11.75,122.25,0.1654,0.0042,0.2109,0.1251,0,1
GRID_1868,21.240093,80.146152,Sausar Group,Quartzite,Quartzite,Stratiform/Stratabound,Metamorphic Terrain,0.302,4.82,5.061,429.92,5.84,43.48,0.4232,0.2999,0.1893,0.2107,1,1
GRID_1869,21.211969,80.121424,Other Metasedimentary,Schist,Schist,Stratiform/Stratabound,Metamorphic Terrain,2.244,0.907,1.48,392.96,4.46,151.88,0.3775,0.3252,0.1482,0.1441,1,1
GRID_1870,21.717083,79.298151,Gneiss,Gneiss,Gneiss,Other,Mixed Terrain,1.886,3.218,1.63,369.32,5.1,31.44,0.6015,0.235,0.1576,0.1297,0,1
GRID_1871,21.795118,79.753363,Sausar Group,Marble,Marble,Stratiform/Stratabound,Metamorphic Terrain,0.703,4.775,1.546,519.93,10.04,41.68,0.3376,0.0722,0.3228,0.1208,1,1
GRID_1872,21.281485,79.45449,Sausar Group,Marble,Marble,Stratiform/Stratabound,Metamorphic Terrain,3.791,1.338,0.699,463.81,13.18,342.06,0.473,-0.0586,0.2155,0.1229,1,1
GRID_1873,21.529975,79.419538,Gneiss,Gneiss,Gneiss,Other,Mixed Terrain,0.611,3.237,0.625,445.75,3.16,243.32,0.3651,0.2584,0.287,0.1543,0,1
GRID_1874,21.814598,80.358223,Other Metasedimentary,Quartzite,Quartzite,Stratiform/Stratabound,Metamorphic Terrain,2.767,2.917,1.072,293.91,4.63,306.58,0.2743,0.3059,0.2276,0.1321,1,1
GRID_1875,21.722881,79.258681,Granite,Granite,Granite,Other,Mixed Terrain,1.329,0.497,1.145,408.18,8.13,231.44,0.559,0.1086,0.2264,0.1725,1,1
GRID_1876,21.560902,79.786856,Sausar Group,Schist,Schist,Stratiform/Stratabound,Metamorphic Terrain,0.088,1.801,0.954,425.26,3.46,150.67,0.3317,0.1905,0.2347,0.0684,1,1
GRID_1877,21.601796,79.435485,Other Metasedimentary,Quartzite,Quartzite,Stratiform/Stratabound,Metamorphic Terrain,1.445,1.63,2.248,501.47,6.31,9.06,0.3605,-0.04,0.2911,0.1292,0,1
GRID_1878,21.532106,80.431062,Gneiss,Gneiss,Gneiss,Other,Mixed Terrain,1.408,1.591,1.829,281.8,12.98,344.1,0.24,0.0694,0.192,0.2549,0,1
GRID_1879,21.352916,79.979857,Granite,Granite,Granite,Other,Mixed Terrain,3.786,1.466,1.327,336.86,10.89,25.54,0.1598,0.2341,0.2292,0.1046,0,1
GRID_1880,21.580269,79.523933,Granite,Granite,Granite,Other,Mixed Terrain,3.831,2.059,0.706,582.89,11.32,219.66,0.5025,0.1653,0.3033,0.1402,0,1
GRID_1881,21.685553,79.903398,Sausar Group,Quartzite,Quartzite,Stratiform/Stratabound,Metamorphic Terrain,2.569,2.311,0.422,362.22,4.06,36.79,0.4141,0.2065,0.3159,0.2543,0,1
GRID_1882,21.842324,80.224081,Gneiss,Gneiss,Gneiss,Other,Mixed Terrain,1.39,1.991,1.635,272.62,1.02,102.29,0.5769,0.3395,0.344,0.1775,1,1
GRID_1883,21.640848,80.541365,Granite,Granite,Granite,Other,Mixed Terrain,2.542,1.832,1.191,370.66,6.28,66.89,0.5114,0.0061,0.1726,0.0767,1,1
GRID_1884,21.746953,79.508624,Other Metasedimentary,Schist,Schist,Stratiform/Stratabound,Metamorphic Terrain,2.257,1.06,1.632,362.53,0.2,199.34,0.2308,0.2088,0.1952,0.2157,1,1
GRID_1885,21.236061,80.440654,Granite,Granite,Granite,Other,Mixed Terrain,1.57,5.358,2.341,485.35,9.81,319.35,0.4305,0.0848,0.2261,0.2511,0,1
GRID_1886,21.492324,80.508026,Granite,Granite,Granite,Other,Mixed Terrain,4.799,0.05,0.339,484.3,10.99,228.82,0.4243,0.1555,0.1479,0.1785,0,1
GRID_1887,21.107932,80.482989,Gneiss,Gneiss,Gneiss,Other,Mixed Terrain,0.7,2.24,1.838,347.6,4.86,239.11,0.5918,0.2206,0.3011,0.1465,0,1
GRID_1888,21.309677,80.08958,Other Metasedimentary,Schist,Schist,Stratiform/Stratabound,Metamorphic Terrain,1.163,1.063,0.316,397.79,10.33,327.22,0.6273,0.0028,0.2602,0.0755,1,1
GRID_1889,21.717492,80.081749,Other Metasedimentary,Quartzite,Quartzite,Stratiform/Stratabound,Metamorphic Terrain,5.181,2.072,1.993,475.64,10.31,269.79,0.1534,0.0886,0.2292,0.1509,1,1
GRID_1890,21.943038,79.764495,Granite,Granite,Granite,Other,Mixed Terrain,1.788,0.579,1.137,478.49,3.52,311.74,0.6058,0.1221,0.3121,0.1052,0,1
GRID_1891,21.184301,80.253357,Alluvium,Alluvium,Alluvium,Other,Mixed Terrain,3.248,6.1,1.311,342.06,6.4,149.9,0.5843,0.2356,0.1871,0.1795,0,1
GRID_1892,21.44127,79.943812,Gneiss,Gneiss,Gneiss,Other,Mixed Terrain,2.872,6.042,2.257,351.45,6.13,311.53,0.3001,0.3341,0.319,0.2297,0,1
GRID_1893,21.78006,80.148413,Granite,Granite,Granite,Other,Mixed Terrain,2.839,3.304,0.293,609.89,11.73,232.51,0.4227,-0.054,0.3619,0.1207,0,1
GRID_1894,21.27343,79.799841,Sausar Group,Mica Schist,Mica Schist,Stratiform/Stratabound,Metamorphic Terrain,1.567,1.901,0.083,407.92,10.93,48.82,0.0935,0.0865,0.2615,0.2211,1,1
GRID_1895,21.571822,80.224095,Granite,Granite,Granite,Other,Mixed Terrain,0.816,1.11,2.634,556.94,10.29,13.94,0.422,0.1595,0.2395,0.0748,1,1
GRID_1896,21.723111,80.35426,Sausar Group,Mica Schist,Mica Schist,Stratiform/Stratabound,Metamorphic Terrain,1.837,1.358,3.128,449.43,5.76,87.85,0.262,0.1589,0.2518,0.1651,1,1
GRID_1897,21.623588,79.405011,Other Metasedimentary,Phyllite,Phyllite,Stratiform/Stratabound,Metamorphic Terrain,5.103,7.141,1.835,523.08,13.46,136.21,0.5133,0.2382,0.1428,0.0595,0,1
GRID_1898,21.259821,80.366102,Sausar Group,Quartzite,Quartzite,Stratiform/Stratabound,Metamorphic Terrain,0.919,3.309,1.3,483.15,8.72,301.52,0.4961,0.0063,0.2262,0.1909,0,1
GRID_1899,21.402077,79.956415,Other Metasedimentary,Phyllite,Phyllite,Stratiform/Stratabound,Metamorphic Terrain,0.365,0.14,0.666,444.53,9.98,266.85,0.4149,0.1516,0.3841,0.2476,1,1
GRID_1900,21.766223,80.382532,Granite,Granite,Granite,Other,Mixed Terrain,3.467,6.057,1.413,443.53,14.92,343.94,0.4615,0.1223,0.3887,0.1539,0,1
GRID_1901,21.571093,79.803822,Gneiss,Gneiss,Gneiss,Other,Mixed Terrain,0.491,2.201,1.027,324.54,10.65,201.3,0.3036,0.2811,0.2464,0.1897,0,1
GRID_1902,21.104445,79.730657,Gneiss,Gneiss,Gneiss,Other,Mixed Terrain,3.256,1.711,2.336,415.83,7.52,269.19,0.2494,0.1904,0.2019,0.1498,0,1
GRID_1903,21.746842,80.481085,Sausar Group,Quartzite,Quartzite,Stratiform/Stratabound,Metamorphic Terrain,1.031,4.181,0.987,385.63,6.01,99.1,0.7683,0.1178,0.312,0.2012,1,1
GRID_1904,21.130015,79.551637,Granite,Granite,Granite,Other,Mixed Terrain,3.444,1.79,1.509,402.13,1.06,244.65,0.5939,0.3505,0.2375,0.2286,0,1
GRID_1905,21.733874,80.381897,Sausar Group,Schist,Schist,Stratiform/Stratabound,Metamorphic Terrain,4.124,7.627,0.122,398.59,1.73,254.21,0.4509,0.1058,0.3062,0.1792,1,1
GRID_1906,21.272108,79.877629,Gneiss,Gneiss,Gneiss,Other,Mixed Terrain,4.142,1.785,1.398,443.8,11.42,305.43,0.3957,0.0681,0.188,0.1481,0,1
GRID_1907,21.914362,79.919734,Granite,Granite,Granite,Other,Mixed Terrain,4.044,0.741,3.732,484.23,0.2,193.11,0.8145,0.2625,0.2614,0.1972,0,1
GRID_1908,21.41275,79.631856,Alluvium,Alluvium,Alluvium,Other,Mixed Terrain,2.643,3.066,0.792,418.31,12.05,233.64,0.6978,0.1134,0.2147,0.2889,0,1
GRID_1909,21.377892,80.002259,Sausar Group,Marble,Marble,Stratiform/Stratabound,Metamorphic Terrain,2.798,0.514,0.267,511.16,11.21,73.1,0.3844,0.1892,0.2396,0.1989,1,1
GRID_1910,21.226555,79.655296,Sausar Group,Schist,Schist,Stratiform/Stratabound,Metamorphic Terrain,0.538,0.675,1.238,394.69,4.54,265.23,0.2747,0.4225,0.2,0.1036,1,1
GRID_1911,21.359764,79.254977,Granite,Granite,Granite,Other,Mixed Terrain,1.994,2.836,2.309,437.37,8.73,301.83,0.4384,0.1114,0.2302,0.2935,0,1
GRID_1912,21.845153,79.580798,Other Metasedimentary,Schist,Schist,Stratiform/Stratabound,Metamorphic Terrain,1.816,5.952,1.837,644.49,10.3,213.75,0.3695,0.0447,0.2612,0.1311,1,1
GRID_1913,21.946884,79.208931,Alluvium,Alluvium,Alluvium,Other,Mixed Terrain,5.031,4.637,4.788,327.88,8.37,41.64,0.2785,0.1499,0.2887,0.133,0,1
GRID_1914,21.413063,80.569697,Granite,Granite,Granite,Other,Mixed Terrain,2.148,1.254,1.259,394.18,12.92,112.63,0.6495,0.137,0.2288,0.2405,1,1
GRID_1915,21.481319,80.552046,Granite,Granite,Granite,Other,Mixed Terrain,1.483,1.698,2.506,275.78,2.43,171.19,0.5139,0.2873,0.3415,0.1548,0,1
GRID_1916,21.71376,79.753217,Sausar Group,Schist,Schist,Stratiform/Stratabound,Metamorphic Terrain,2.735,1.134,0.63,449.42,10.02,243.78,0.3648,-0.0115,0.1499,0.2098,1,1
GRID_1917,21.853266,80.219719,Other Metasedimentary,Schist,Schist,Stratiform/Stratabound,Metamorphic Terrain,2.121,1.13,0.159,431.41,5.56,115.32,0.3626,0.5563,0.1353,0.2055,1,1
GRID_1918,21.604088,79.684129,Gneiss,Gneiss,Gneiss,Other,Mixed Terrain,5.294,1.191,0.532,440.69,1.05,302.5,0.4321,0.0792,0.1985,0.2064,0,1
GRID_1919,21.432797,80.13953,Sausar Group,Schist,Schist,Stratiform/Stratabound,Metamorphic Terrain,0.618,3.982,0.698,352.52,3.36,133.84,0.3522,0.2536,0.2407,0.2667,1,1
GRID_1920,21.450729,80.327602,Gneiss,Gneiss,Gneiss,Other,Mixed Terrain,2.248,5.096,0.974,365.26,5.9,15.42,0.3384,0.3108,0.3537,0.1639,0,1
GRID_1921,21.691275,80.525459,Sausar Group,Quartzite,Quartzite,Stratiform/Stratabound,Metamorphic Terrain,4.034,3.025,2.221,434.59,8.09,285.84,0.7586,0.2068,0.227,0.182,0,1
GRID_1922,21.102736,79.760297,Other Metasedimentary,Phyllite,Phyllite,Stratiform/Stratabound,Metamorphic Terrain,0.62,0.628,0.804,310.76,4.4,231.92,0.2841,0.2667,0.1738,0.125,1,1
GRID_1923,21.626651,80.296617,Sausar Group,Quartzite,Quartzite,Stratiform/Stratabound,Metamorphic Terrain,1.461,1.914,1.649,504.93,5.98,288.7,0.0762,0.1899,0.1951,0.2248,1,1
GRID_1924,21.402169,79.5723,Gneiss,Gneiss,Gneiss,Other,Mixed Terrain,1.746,1.618,1.359,311.77,6.42,125.6,0.5347,0.2685,0.2457,0.1924,0,1
GRID_1925,21.775068,80.586465,Sausar Group,Quartzite,Quartzite,Stratiform/Stratabound,Metamorphic Terrain,2.156,2.896,1.347,417.17,4.48,6.35,0.6086,0.1205,0.1646,0.2555,1,1
GRID_1926,21.179042,79.236077,Alluvium,Alluvium,Alluvium,Other,Mixed Terrain,0.277,2.621,1.633,392.96,5.73,26.55,0.4547,0.0885,0.3751,0.2021,0,1
GRID_1927,21.599972,80.04494,Alluvium,Alluvium,Alluvium,Other,Mixed Terrain,4.001,2.975,1.495,387.5,10.29,40.25,0.1722,-0.0692,0.0761,0.2839,0,1
GRID_1928,21.508827,80.123308,Gneiss,Gneiss,Gneiss,Other,Mixed Terrain,4.146,1.306,0.42,293.51,14.6,289.85,0.4083,0.2409,0.1866,0.1724,0,1
GRID_1929,21.645977,80.163264,Gneiss,Gneiss,Gneiss,Other,Mixed Terrain,2.842,0.633,0.863,426.24,8.83,108.52,0.3486,0.132,0.2007,0.1941,0,1
GRID_1930,21.155126,79.368543,Other Metasedimentary,Quartzite,Quartzite,Stratiform/Stratabound,Metamorphic Terrain,0.939,2.309,0.386,327.32,8.53,359.24,0.6439,0.2324,0.1718,0.1841,1,1
GRID_1931,21.592986,80.513942,Sausar Group,Schist,Schist,Stratiform/Stratabound,Metamorphic Terrain,1.281,0.649,0.904,441.92,7.68,273.02,0.2948,0.1356,0.2871,0.1384,1,1
GRID_1932,21.577262,79.453657,Sausar Group,Quartzite,Quartzite,Stratiform/Stratabound,Metamorphic Terrain,0.638,2.334,0.954,365.44,6.44,216.42,0.4669,0.3537,0.1941,0.0626,1,1
GRID_1933,21.576561,80.071855,Sausar Group,Marble,Marble,Stratiform/Stratabound,Metamorphic Terrain,4.472,4.788,1.751,425.73,10.3,354.1,0.5257,0.157,0.2834,0.1935,1,1
GRID_1934,21.612965,79.511747,Other Metasedimentary,Quartzite,Quartzite,Stratiform/Stratabound,Metamorphic Terrain,0.983,2.219,1.572,276.04,11.93,113.87,0.2928,0.093,0.3506,0.084,1,1
GRID_1935,21.674998,79.630103,Granite,Granite,Granite,Other,Mixed Terrain,0.946,2.984,2.423,507.54,3.35,59.62,0.3348,0.1242,0.3266,0.2078,0,1
GRID_1936,21.784241,79.965042,Alluvium,Alluvium,Alluvium,Other,Mixed Terrain,1.25,0.349,0.048,523.19,12.15,265.42,0.4993,0.2502,0.2512,0.2494,1,1
GRID_1937,21.329348,79.784071,Gneiss,Gneiss,Gneiss,Other,Mixed Terrain,5.896,1.469,1.388,383.07,14.5,100.11,0.02,0.5887,0.2401,0.1764,0,1
GRID_1938,21.801292,79.424316,Sausar Group,Mica Schist,Mica Schist,Stratiform/Stratabound,Metamorphic Terrain,1.883,1.873,2.067,668.12,3.97,345.97,0.6479,0.372,0.3019,0.2029,1,1
GRID_1939,21.523517,79.439311,Sausar Group,Schist,Schist,Stratiform/Stratabound,Metamorphic Terrain,1.143,3.037,1.344,494.66,11.68,355.7,0.2682,0.0109,0.22,0.205,0,1
GRID_1940,21.1655,79.785403,Sausar Group,Mica Schist,Mica Schist,Stratiform/Stratabound,Metamorphic Terrain,3.853,1.74,0.164,408.05,14.54,333.51,0.4371,0.2131,0.2059,0.237,1,1
GRID_1941,21.149768,80.260196,Granite,Granite,Granite,Other,Mixed Terrain,2.959,1.7,2.266,388.27,10.86,340.11,0.2136,0.0702,0.1707,0.1741,1,1
GRID_1942,21.384103,80.457151,Sausar Group,Marble,Marble,Stratiform/Stratabound,Metamorphic Terrain,6.425,0.765,2.045,363.59,7.3,221.64,0.6409,0.1249,0.2616,0.1075,1,1
GRID_1943,21.767162,79.317779,Sausar Group,Marble,Marble,Stratiform/Stratabound,Metamorphic Terrain,2.036,2.407,0.587,379.79,11.12,249.16,0.4301,0.1372,0.1661,0.0749,1,1
GRID_1944,21.701529,79.750345,Other Metasedimentary,Phyllite,Phyllite,Stratiform/Stratabound,Metamorphic Terrain,4.948,8.0,0.391,420.66,4.75,33.93,0.4642,0.1679,0.1905,0.1592,0,1
GRID_1945,21.770323,79.340344,Other Metasedimentary,Phyllite,Phyllite,Stratiform/Stratabound,Metamorphic Terrain,4.26,3.976,0.996,426.28,6.75,274.7,0.5195,0.3029,0.3873,0.0822,0,1
GRID_1946,21.539679,79.223229,Granite,Granite,Granite,Other,Mixed Terrain,2.685,3.703,2.641,310.66,5.07,72.74,0.6044,0.1434,0.2872,0.1823,0,1
GRID_1947,21.474169,80.126406,Sausar Group,Quartzite,Quartzite,Stratiform/Stratabound,Metamorphic Terrain,0.564,3.986,3.56,545.15,2.61,302.52,0.251,0.2035,0.2682,0.1951,1,1
GRID_1948,21.225335,80.043429,Sausar Group,Schist,Schist,Stratiform/Stratabound,Metamorphic Terrain,2.101,2.01,2.884,496.88,8.17,346.15,0.3869,0.1789,0.1896,0.1483,1,1
GRID_1949,21.378964,79.428227,Gneiss,Gneiss,Gneiss,Other,Mixed Terrain,1.666,1.12,0.828,587.02,9.22,76.46,0.632,0.0822,0.294,0.2243,0,1
GRID_1950,21.468916,79.527338,Other Metasedimentary,Phyllite,Phyllite,Stratiform/Stratabound,Metamorphic Terrain,7.196,1.974,0.675,461.27,10.65,28.09,0.3597,0.1043,0.1688,0.1896,1,1
GRID_1951,21.17531,79.233191,Sausar Group,Mica Schist,Mica Schist,Stratiform/Stratabound,Metamorphic Terrain,0.779,0.55,1.64,518.97,0.2,174.2,0.6487,0.0947,0.1332,0.1403,1,1
GRID_1952,21.28752,80.368926,Sausar Group,Marble,Marble,Stratiform/Stratabound,Metamorphic Terrain,6.653,0.398,1.714,323.73,8.73,284.96,0.463,0.2729,0.2013,0.1527,0,1
GRID_1953,21.608491,80.564567,Alluvium,Alluvium,Alluvium,Other,Mixed Terrain,0.745,1.188,2.295,481.19,8.32,277.43,0.3622,0.128,0.1574,0.261,0,1
GRID_1954,21.725314,79.389643,Gneiss,Gneiss,Gneiss,Other,Mixed Terrain,1.853,1.95,1.973,277.71,3.64,250.85,0.5409,0.4276,0.2726,0.0779,0,1
GRID_1955,21.948595,79.524065,Sausar Group,Schist,Schist,Stratiform/Stratabound,Metamorphic Terrain,6.006,0.701,0.384,347.41,6.22,295.45,0.4054,0.0704,0.2656,0.1656,1,1
GRID_1956,21.893146,80.415773,Gneiss,Gneiss,Gneiss,Other,Mixed Terrain,0.69,1.209,0.409,643.06,11.02,63.0,0.566,0.0701,0.256,0.1919,0,1
GRID_1957,21.64618,80.497049,Sausar Group,Mica Schist,Mica Schist,Stratiform/Stratabound,Metamorphic Terrain,5.745,3.62,0.486,400.26,8.39,234.7,0.3534,0.0305,0.2809,0.1435,1,1
GRID_1958,21.458061,79.787478,Granite,Granite,Granite,Other,Mixed Terrain,5.685,5.099,1.434,428.37,7.93,218.04,0.5671,0.165,0.2778,0.1367,0,1
GRID_1959,21.640751,79.270871,Alluvium,Alluvium,Alluvium,Other,Mixed Terrain,4.742,0.458,2.165,489.66,11.57,55.24,0.5,0.1045,0.1926,0.2463,0,1
GRID_1960,21.767804,79.255149,Other Metasedimentary,Quartzite,Quartzite,Stratiform/Stratabound,Metamorphic Terrain,1.906,1.342,2.172,426.7,17.26,149.19,0.3758,0.1307,0.2736,0.3025,1,1
GRID_1961,21.200586,80.00353,Granite,Granite,Granite,Other,Mixed Terrain,2.06,5.02,1.075,343.18,7.03,306.91,0.1383,0.3234,0.262,0.1599,1,1
GRID_1962,21.448419,79.750053,Other Metasedimentary,Phyllite,Phyllite,Stratiform/Stratabound,Metamorphic Terrain,3.569,3.886,0.044,345.28,8.99,349.85,0.5066,0.1567,0.1969,0.1815,0,1
GRID_1963,21.813832,79.240113,Granite,Granite,Granite,Other,Mixed Terrain,0.767,3.619,1.236,498.13,4.43,239.55,0.602,0.1275,0.215,0.2148,0,1
GRID_1964,21.426258,80.016553,Alluvium,Alluvium,Alluvium,Other,Mixed Terrain,5.968,1.673,1.487,455.35,16.58,331.9,0.4608,0.22,0.2997,0.1189,0,1
GRID_1965,21.586091,79.215824,Granite,Granite,Granite,Other,Mixed Terrain,1.96,2.352,1.677,501.09,5.84,47.54,0.0709,0.2062,0.1479,0.1842,0,1
GRID_1966,21.599604,80.302321,Other Metasedimentary,Quartzite,Quartzite,Stratiform/Stratabound,Metamorphic Terrain,1.858,3.165,0.308,479.93,0.77,351.02,0.6123,0.2856,0.2633,0.272,1,1
GRID_1967,21.256805,79.629006,Other Metasedimentary,Quartzite,Quartzite,Stratiform/Stratabound,Metamorphic Terrain,1.993,6.391,3.953,435.14,10.49,12.06,0.4937,0.2971,0.2324,0.323,1,1
GRID_1968,21.4079,79.256361,Sausar Group,Quartzite,Quartzite,Stratiform/Stratabound,Metamorphic Terrain,1.981,1.049,0.283,431.12,1.56,189.81,0.5288,0.2434,0.238,0.1051,1,1
GRID_1969,21.384335,80.023693,Other Metasedimentary,Quartzite,Quartzite,Stratiform/Stratabound,Metamorphic Terrain,1.649,1.952,1.038,438.22,13.18,104.76,0.4173,0.3113,0.2201,0.1263,0,1
GRID_1970,21.122267,79.756758,Other Metasedimentary,Phyllite,Phyllite,Stratiform/Stratabound,Metamorphic Terrain,3.114,1.66,0.45,399.09,10.36,293.01,0.1209,0.0849,0.2695,0.1541,0,1
GRID_1971,21.120563,80.563321,Alluvium,Alluvium,Alluvium,Other,Mixed Terrain,3.665,1.497,0.348,400.07,3.89,78.32,0.5229,0.1633,0.1296,0.1578,0,1
GRID_1972,21.806942,79.961878,Sausar Group,Mica Schist,Mica Schist,Stratiform/Stratabound,Metamorphic Terrain,0.646,2.977,2.228,472.67,10.68,4.15,0.3949,0.1973,0.2576,0.245,1,1
GRID_1973,21.33211,79.585335,Other Metasedimentary,Phyllite,Phyllite,Stratiform/Stratabound,Metamorphic Terrain,2.587,2.945,2.774,552.46,6.66,149.26,0.313,0.1923,0.1666,0.182,0,1
GRID_1974,21.540367,80.193214,Other Metasedimentary,Quartzite,Quartzite,Stratiform/Stratabound,Metamorphic Terrain,1.246,1.969,2.526,287.56,9.71,23.08,0.7089,0.6112,0.3122,0.2401,1,1
GRID_1975,21.353917,79.580089,Sausar Group,Quartzite,Quartzite,Stratiform/Stratabound,Metamorphic Terrain,0.19,4.612,0.725,632.94,2.87,104.43,0.5242,0.3337,0.1495,0.1945,1,1
GRID_1976,21.899577,80.465941,Other Metasedimentary,Schist,Schist,Stratiform/Stratabound,Metamorphic Terrain,2.294,3.149,0.862,488.87,2.63,231.75,0.465,0.3285,0.0723,0.1732,0,1
GRID_1977,21.320402,79.724611,Sausar Group,Schist,Schist,Stratiform/Stratabound,Metamorphic Terrain,2.664,3.812,1.364,467.02,9.27,106.09,0.292,0.1398,0.1211,0.2068,1,1
GRID_1978,21.465208,79.969816,Sausar Group,Schist,Schist,Stratiform/Stratabound,Metamorphic Terrain,1.403,1.058,1.348,344.29,15.54,88.49,0.2719,0.1707,0.236,0.0433,0,1
GRID_1979,21.841821,79.270802,Granite,Granite,Granite,Other,Mixed Terrain,1.377,2.026,0.597,369.49,5.42,55.98,0.5103,0.2871,0.1313,0.1604,0,1
GRID_1980,21.815644,79.79657,Gneiss,Gneiss,Gneiss,Other,Mixed Terrain,0.837,3.715,0.216,481.96,5.12,48.66,0.1108,0.3904,0.1485,0.1626,0,1
GRID_1981,21.258186,80.365309,Gneiss,Gneiss,Gneiss,Other,Mixed Terrain,0.591,0.723,3.527,451.32,6.65,189.31,0.5181,0.0604,0.1912,0.0965,0,1
GRID_1982,21.782247,80.327908,Sausar Group,Marble,Marble,Stratiform/Stratabound,Metamorphic Terrain,1.137,3.028,1.059,320.18,2.71,245.34,0.528,0.1138,0.277,0.2606,1,1
GRID_1983,21.489459,79.514046,Other Metasedimentary,Schist,Schist,Stratiform/Stratabound,Metamorphic Terrain,0.911,0.708,1.421,356.72,10.21,162.98,0.65,0.1522,0.1863,0.1653,1,1
GRID_1984,21.510524,79.516511,Sausar Group,Mica Schist,Mica Schist,Stratiform/Stratabound,Metamorphic Terrain,1.401,3.238,2.944,367.13,11.61,44.5,0.5871,0.2163,0.2253,0.2021,0,1
GRID_1985,21.213458,80.344227,Sausar Group,Mica Schist,Mica Schist,Stratiform/Stratabound,Metamorphic Terrain,0.507,1.279,0.367,359.86,9.93,233.19,0.6124,0.2882,0.2242,0.2319,0,1
GRID_1986,21.168511,80.502558,Sausar Group,Mica Schist,Mica Schist,Stratiform/Stratabound,Metamorphic Terrain,0.912,2.525,0.695,453.07,7.32,200.56,0.3344,0.2803,0.1388,0.13,0,1
GRID_1987,21.718748,79.333505,Gneiss,Gneiss,Gneiss,Other,Mixed Terrain,2.793,1.174,0.106,342.96,3.9,137.26,0.1955,0.2436,0.2685,0.1971,1,1
GRID_1988,21.521992,79.830082,Other Metasedimentary,Phyllite,Phyllite,Stratiform/Stratabound,Metamorphic Terrain,3.452,0.811,1.126,496.21,16.25,118.82,0.4581,0.0736,0.3976,0.0819,1,1
GRID_1989,21.471323,79.672436,Gneiss,Gneiss,Gneiss,Other,Mixed Terrain,1.493,4.35,0.606,303.75,4.57,65.94,0.501,0.156,0.119,0.2127,0,1
GRID_1990,21.720082,80.418964,Other Metasedimentary,Phyllite,Phyllite,Stratiform/Stratabound,Metamorphic Terrain,2.02,0.586,0.575,512.98,4.48,52.67,0.5918,-0.0072,0.1782,0.1468,1,1
GRID_1991,21.750686,79.316935,Sausar Group,Marble,Marble,Stratiform/Stratabound,Metamorphic Terrain,6.596,0.887,0.931,690.08,0.83,121.96,0.6679,0.317,0.1509,0.1632,1,1
GRID_1992,21.235072,79.495576,Gneiss,Gneiss,Gneiss,Other,Mixed Terrain,3.272,4.862,1.723,496.19,2.31,14.99,0.2437,0.1848,0.2261,0.2473,0,1
GRID_1993,21.618691,80.253456,Granite,Granite,Granite,Other,Mixed Terrain,9.752,1.158,0.415,383.77,9.4,157.19,0.5671,0.017,0.1384,0.2891,0,1
GRID_1994,21.215051,79.271811,Granite,Granite,Granite,Other,Mixed Terrain,2.801,0.606,3.525,387.48,6.29,216.57,0.071,0.5095,0.3277,0.1368,0,1
GRID_1995,21.738669,79.88955,Sausar Group,Marble,Marble,Stratiform/Stratabound,Metamorphic Terrain,0.469,2.191,1.783,334.5,4.54,339.0,0.474,-0.1767,0.339,0.129,1,1
GRID_1996,21.658412,79.81895,Gneiss,Gneiss,Gneiss,Other,Mixed Terrain,1.666,1.466,1.62,521.66,4.81,225.3,0.542,0.1712,0.2885,0.2214,0,1
GRID_1997,21.913122,79.668162,Granite,Granite,Granite,Other,Mixed Terrain,1.522,1.024,0.913,443.86,5.94,224.67,0.1857,0.364,0.3055,0.2186,0,1
GRID_1998,21.158614,79.752401,Alluvium,Alluvium,Alluvium,Other,Mixed Terrain,4.191,2.75,2.007,276.2,5.34,134.79,0.5298,0.1121,0.2481,0.1087,0,1
GRID_1999,21.148497,79.941917,Granite,Granite,Granite,Other,Mixed Terrain,3.887,0.349,0.599,306.46,13.61,47.99,0.2596,0.2032,0.3156,0.1786,0,1
GRID_2000,21.339859,79.425914,Sausar Group,Schist,Schist,Stratiform/Stratabound,Metamorphic Terrain,2.122,1.816,0.662,280.64,6.51,160.9,0.367,0.247,0.2188,0.1787,1,1
